-- phpMyAdmin SQL Dump
-- version 5.2.1
-- https://www.phpmyadmin.net/
--
-- Host: localhost:3306
-- Tempo de geração: 07/04/2026 às 19:29
-- Versão do servidor: 5.7.23-23
-- Versão do PHP: 8.1.34

SET SQL_MODE = "NO_AUTO_VALUE_ON_ZERO";
START TRANSACTION;
SET time_zone = "+00:00";


/*!40101 SET @OLD_CHARACTER_SET_CLIENT=@@CHARACTER_SET_CLIENT */;
/*!40101 SET @OLD_CHARACTER_SET_RESULTS=@@CHARACTER_SET_RESULTS */;
/*!40101 SET @OLD_COLLATION_CONNECTION=@@COLLATION_CONNECTION */;
/*!40101 SET NAMES utf8mb4 */;

--
-- Banco de dados: `brunor90_kanban`
--

-- --------------------------------------------------------

--
-- Estrutura para tabela `admin_audit_log`
--

CREATE TABLE `admin_audit_log` (
  `id` bigint(20) UNSIGNED NOT NULL,
  `actor_id` bigint(20) UNSIGNED NOT NULL,
  `action` varchar(50) COLLATE utf8mb4_unicode_ci NOT NULL,
  `target_user_id` bigint(20) UNSIGNED DEFAULT NULL,
  `meta` json DEFAULT NULL,
  `created_at` datetime NOT NULL
) ENGINE=InnoDB DEFAULT CHARSET=utf8mb4 COLLATE=utf8mb4_unicode_ci;

--
-- Despejando dados para a tabela `admin_audit_log`
--

INSERT INTO `admin_audit_log` (`id`, `actor_id`, `action`, `target_user_id`, `meta`, `created_at`) VALUES
(1, 1, 'user_updated', 2, '{\"after\": {\"name\": \"Auditado\"}, \"before\": {\"name\": \"Regular User\", \"email\": \"regular@test.com\", \"is_admin\": 0}}', '2026-03-21 14:14:26'),
(2, 1, 'user_created', 3, '{\"name\": \"Eudimaci\", \"email\": \"eudimaci08@yahoo.com.br\", \"is_admin\": true}', '2026-03-21 18:32:15'),
(3, 1, 'user_created', 4, '{\"name\": \"Marcio\", \"email\": \"nandesinfo@gmail.com\", \"is_admin\": true}', '2026-03-21 21:10:49'),
(4, 4, 'user_updated', 4, '{\"after\": {\"name\": \"Marcio Fernandes\", \"email\": \"nandesinfo@gmail.com\", \"is_admin\": true}, \"before\": {\"name\": \"Marcio Fernandes\", \"email\": \"nandesinfo@gmail.com\", \"is_admin\": 1}}', '2026-03-21 21:55:48'),
(5, 4, 'user_updated', 4, '{\"after\": {\"name\": \"Marcio Fernandes\", \"email\": \"nandesinfo@gmail.com\", \"is_admin\": false}, \"before\": {\"name\": \"Marcio Fernandes\", \"email\": \"nandesinfo@gmail.com\", \"is_admin\": 1}}', '2026-03-21 22:01:58'),
(6, 1, 'user_created', 5, '{\"name\": \"Ruan\", \"email\": \"ruanx14@gmail.com\", \"is_admin\": false}', '2026-03-26 16:34:21');

-- --------------------------------------------------------

--
-- Estrutura para tabela `boards`
--

CREATE TABLE `boards` (
  `id` bigint(20) UNSIGNED NOT NULL,
  `project_id` bigint(20) UNSIGNED NOT NULL,
  `name` varchar(255) COLLATE utf8mb4_unicode_ci NOT NULL,
  `created_by` bigint(20) UNSIGNED NOT NULL,
  `created_at` datetime NOT NULL,
  `updated_at` datetime NOT NULL
) ENGINE=InnoDB DEFAULT CHARSET=utf8mb4 COLLATE=utf8mb4_unicode_ci;

--
-- Despejando dados para a tabela `boards`
--

INSERT INTO `boards` (`id`, `project_id`, `name`, `created_by`, `created_at`, `updated_at`) VALUES
(1, 2, 'MovAmazon', 3, '2026-03-21 18:51:17', '2026-03-21 18:51:17'),
(2, 3, 'MovAmazon_Desenvolvimento', 1, '2026-03-26 16:32:50', '2026-03-26 16:32:50');

-- --------------------------------------------------------

--
-- Estrutura para tabela `columns`
--

CREATE TABLE `columns` (
  `id` bigint(20) UNSIGNED NOT NULL,
  `board_id` bigint(20) UNSIGNED NOT NULL,
  `name` varchar(255) COLLATE utf8mb4_unicode_ci NOT NULL,
  `position` int(11) NOT NULL,
  `created_at` datetime NOT NULL,
  `updated_at` datetime NOT NULL
) ENGINE=InnoDB DEFAULT CHARSET=utf8mb4 COLLATE=utf8mb4_unicode_ci;

--
-- Despejando dados para a tabela `columns`
--

INSERT INTO `columns` (`id`, `board_id`, `name`, `position`, `created_at`, `updated_at`) VALUES
(1, 1, 'A Fazer', 1, '2026-03-21 18:51:17', '2026-03-21 18:51:17'),
(2, 1, 'Em Progresso', 2, '2026-03-21 18:51:17', '2026-03-21 18:51:17'),
(3, 1, 'Revisão', 3, '2026-03-21 18:51:17', '2026-03-21 18:51:17'),
(4, 1, 'Concluído', 4, '2026-03-21 18:51:17', '2026-03-21 18:51:17'),
(5, 2, 'A Fazer', 1, '2026-03-26 16:32:50', '2026-03-26 16:32:50'),
(6, 2, 'Em Progresso', 2, '2026-03-26 16:32:50', '2026-03-26 16:32:50'),
(7, 2, 'Revisão', 3, '2026-03-26 16:32:50', '2026-03-26 16:32:50'),
(8, 2, 'Concluído', 4, '2026-03-26 16:32:50', '2026-03-26 16:32:50');

-- --------------------------------------------------------

--
-- Estrutura para tabela `companies`
--

CREATE TABLE `companies` (
  `id` bigint(20) UNSIGNED NOT NULL,
  `name` varchar(255) COLLATE utf8mb4_unicode_ci NOT NULL,
  `status` varchar(32) COLLATE utf8mb4_unicode_ci NOT NULL,
  `created_at` datetime NOT NULL,
  `updated_at` datetime NOT NULL
) ENGINE=InnoDB DEFAULT CHARSET=utf8mb4 COLLATE=utf8mb4_unicode_ci;

--
-- Despejando dados para a tabela `companies`
--

INSERT INTO `companies` (`id`, `name`, `status`, `created_at`, `updated_at`) VALUES
(1, 'Test Corp', 'active', '2026-01-01 00:00:00', '2026-01-01 00:00:00');

-- --------------------------------------------------------

--
-- Estrutura para tabela `events`
--

CREATE TABLE `events` (
  `id` bigint(20) UNSIGNED NOT NULL,
  `company_id` bigint(20) UNSIGNED NOT NULL,
  `project_id` bigint(20) UNSIGNED DEFAULT NULL,
  `title` varchar(255) COLLATE utf8mb4_unicode_ci NOT NULL,
  `description` text COLLATE utf8mb4_unicode_ci,
  `start_time` datetime NOT NULL,
  `end_time` datetime NOT NULL,
  `created_by` bigint(20) UNSIGNED NOT NULL,
  `created_at` datetime NOT NULL,
  `updated_at` datetime NOT NULL
) ENGINE=InnoDB DEFAULT CHARSET=utf8mb4 COLLATE=utf8mb4_unicode_ci;

-- --------------------------------------------------------

--
-- Estrutura para tabela `labels`
--

CREATE TABLE `labels` (
  `id` bigint(20) UNSIGNED NOT NULL,
  `company_id` bigint(20) UNSIGNED NOT NULL,
  `name` varchar(60) COLLATE utf8mb4_unicode_ci NOT NULL,
  `color` varchar(7) COLLATE utf8mb4_unicode_ci NOT NULL DEFAULT '#6200EE',
  `created_at` datetime NOT NULL DEFAULT CURRENT_TIMESTAMP
) ENGINE=InnoDB DEFAULT CHARSET=utf8mb4 COLLATE=utf8mb4_unicode_ci;

-- --------------------------------------------------------

--
-- Estrutura para tabela `messages`
--

CREATE TABLE `messages` (
  `id` bigint(20) UNSIGNED NOT NULL,
  `sender_id` bigint(20) UNSIGNED NOT NULL,
  `receiver_id` bigint(20) UNSIGNED NOT NULL,
  `content` text COLLATE utf8mb4_unicode_ci NOT NULL,
  `is_read` tinyint(1) NOT NULL DEFAULT '0',
  `created_at` datetime NOT NULL
) ENGINE=InnoDB DEFAULT CHARSET=utf8mb4 COLLATE=utf8mb4_unicode_ci;

-- --------------------------------------------------------

--
-- Estrutura para tabela `permissions`
--

CREATE TABLE `permissions` (
  `id` bigint(20) UNSIGNED NOT NULL,
  `name` varchar(255) COLLATE utf8mb4_unicode_ci NOT NULL
) ENGINE=InnoDB DEFAULT CHARSET=utf8mb4 COLLATE=utf8mb4_unicode_ci;

-- --------------------------------------------------------

--
-- Estrutura para tabela `projects`
--

CREATE TABLE `projects` (
  `id` bigint(20) UNSIGNED NOT NULL,
  `company_id` bigint(20) UNSIGNED NOT NULL,
  `name` varchar(255) COLLATE utf8mb4_unicode_ci NOT NULL,
  `description` text COLLATE utf8mb4_unicode_ci NOT NULL,
  `created_by` bigint(20) UNSIGNED NOT NULL,
  `created_at` datetime NOT NULL,
  `updated_at` datetime NOT NULL
) ENGINE=InnoDB DEFAULT CHARSET=utf8mb4 COLLATE=utf8mb4_unicode_ci;

--
-- Despejando dados para a tabela `projects`
--

INSERT INTO `projects` (`id`, `company_id`, `name`, `description`, `created_by`, `created_at`, `updated_at`) VALUES
(1, 1, 'Test Project', 'Desc', 1, '2026-01-01 00:00:00', '2026-01-01 00:00:00'),
(2, 1, 'MovAmazon', 'Uma plataforma de eventos de Corrida', 3, '2026-03-21 18:38:05', '2026-03-21 18:38:05'),
(3, 1, 'MovAmazon_Desenvolvimento', 'Area de teste e ajustes do projeto MovAmazon', 1, '2026-03-26 16:32:22', '2026-03-26 16:32:22');

-- --------------------------------------------------------

--
-- Estrutura para tabela `project_members`
--

CREATE TABLE `project_members` (
  `id` bigint(20) UNSIGNED NOT NULL,
  `project_id` bigint(20) UNSIGNED NOT NULL,
  `user_id` bigint(20) UNSIGNED NOT NULL,
  `role_in_project` varchar(32) COLLATE utf8mb4_unicode_ci NOT NULL,
  `invited_by` bigint(20) UNSIGNED DEFAULT NULL,
  `accepted_at` datetime DEFAULT NULL,
  `created_at` datetime NOT NULL,
  `updated_at` datetime DEFAULT NULL
) ENGINE=InnoDB DEFAULT CHARSET=utf8mb4 COLLATE=utf8mb4_unicode_ci;

--
-- Despejando dados para a tabela `project_members`
--

INSERT INTO `project_members` (`id`, `project_id`, `user_id`, `role_in_project`, `invited_by`, `accepted_at`, `created_at`, `updated_at`) VALUES
(1, 2, 3, 'owner', 3, '2026-03-21 18:38:05', '2026-03-21 18:38:05', '2026-03-21 18:38:05'),
(2, 2, 4, 'editor', 3, '2026-03-21 23:03:06', '2026-03-21 23:03:06', '2026-03-21 23:03:06'),
(3, 2, 1, 'editor', 3, '2026-03-21 23:03:15', '2026-03-21 23:03:15', '2026-03-21 23:03:15'),
(4, 3, 1, 'owner', 1, '2026-03-26 16:32:22', '2026-03-26 16:32:22', '2026-03-26 16:32:22'),
(5, 3, 5, 'editor', 1, '2026-03-26 16:34:54', '2026-03-26 16:34:54', '2026-03-26 16:34:54');

-- --------------------------------------------------------

--
-- Estrutura para tabela `project_secrets`
--

CREATE TABLE `project_secrets` (
  `id` bigint(20) UNSIGNED NOT NULL,
  `project_id` bigint(20) UNSIGNED NOT NULL,
  `secret_key` varchar(190) COLLATE utf8mb4_unicode_ci NOT NULL,
  `title` varchar(190) COLLATE utf8mb4_unicode_ci DEFAULT NULL,
  `description` text COLLATE utf8mb4_unicode_ci DEFAULT NULL,
  `secret_value_enc` text COLLATE utf8mb4_unicode_ci NOT NULL,
  `created_by` bigint(20) UNSIGNED NOT NULL,
  `created_at` datetime NOT NULL,
  `updated_at` datetime NOT NULL
) ENGINE=InnoDB DEFAULT CHARSET=utf8mb4 COLLATE=utf8mb4_unicode_ci;

--
-- Despejando dados para a tabela `project_secrets`
--

INSERT INTO `project_secrets` (`id`, `project_id`, `secret_key`, `title`, `description`, `secret_value_enc`, `created_by`, `created_at`, `updated_at`) VALUES
(1, 3, 'admin@movamazon.com.br', NULL, NULL, 'v1:NwRlCCKO9NymPGec:8Enycq5avM4ekvWRIHEtTA==:Li8DazDXlk6+s4RAmq8=', 1, '2026-03-26 16:56:20', '2026-03-26 16:56:20');

-- --------------------------------------------------------

--
-- Estrutura para tabela `roles`
--

CREATE TABLE `roles` (
  `id` bigint(20) UNSIGNED NOT NULL,
  `name` varchar(128) COLLATE utf8mb4_unicode_ci NOT NULL
) ENGINE=InnoDB DEFAULT CHARSET=utf8mb4 COLLATE=utf8mb4_unicode_ci;

-- --------------------------------------------------------

--
-- Estrutura para tabela `role_permissions`
--

CREATE TABLE `role_permissions` (
  `role_id` bigint(20) UNSIGNED NOT NULL,
  `permission_id` bigint(20) UNSIGNED NOT NULL
) ENGINE=InnoDB DEFAULT CHARSET=utf8mb4 COLLATE=utf8mb4_unicode_ci;

-- --------------------------------------------------------

--
-- Estrutura para tabela `tasks`
--

CREATE TABLE `tasks` (
  `id` bigint(20) UNSIGNED NOT NULL,
  `column_id` bigint(20) UNSIGNED NOT NULL,
  `title` varchar(255) COLLATE utf8mb4_unicode_ci NOT NULL,
  `description` text COLLATE utf8mb4_unicode_ci NOT NULL,
  `assigned_to` bigint(20) UNSIGNED DEFAULT NULL,
  `priority` varchar(16) COLLATE utf8mb4_unicode_ci NOT NULL,
  `story_points` tinyint(3) UNSIGNED DEFAULT NULL COMMENT 'Estimativa Fibonacci: 1, 2, 3, 5, 8, 13, 21',
  `deadline` datetime DEFAULT NULL,
  `status` varchar(16) COLLATE utf8mb4_unicode_ci NOT NULL,
  `position` int(11) NOT NULL,
  `created_by` bigint(20) UNSIGNED NOT NULL,
  `created_at` datetime NOT NULL,
  `updated_at` datetime NOT NULL
) ENGINE=InnoDB DEFAULT CHARSET=utf8mb4 COLLATE=utf8mb4_unicode_ci;

--
-- Despejando dados para a tabela `tasks`
--

INSERT INTO `tasks` (`id`, `column_id`, `title`, `description`, `assigned_to`, `priority`, `story_points`, `deadline`, `status`, `position`, `created_by`, `created_at`, `updated_at`) VALUES
(1, 1, 'Criar os usuários para acessar o projeto', '<p><br></p>', 3, 'medium', NULL, '2026-03-21 00:00:00', 'active', 1, 3, '2026-03-21 18:52:09', '2026-03-21 21:56:57'),
(2, 1, 'O treino gerado não está respeitando a data prova', '<p>Inclua uma visão geral das metas e do contexto do projeto</p>', 1, 'medium', NULL, '2026-03-23 16:17:14', 'active', 1, 4, '2026-03-23 16:17:14', '2026-03-23 16:54:43'),
(3, 1, 'Criar uma função para outra pessoa fazer inscrição por outrem', '<p>Segue um modelo para criar essa função.</p>', 1, 'high', NULL, '2026-03-23 16:45:01', 'active', 1, 4, '2026-03-23 16:45:01', '2026-03-23 16:55:30'),
(4, 1, 'No processo de cadastro de uma nova prova não está salvando a seção das fases anteriores', '<p>Segue a imagem no último estágio de criação de uma nova prova.</p>', 1, 'high', NULL, '2026-03-23 16:48:30', 'active', 1, 4, '2026-03-23 16:48:30', '2026-03-23 16:49:40'),
(5, 2, 'Interface de pagamento', '<p>Sandoval está terminando os testes e parametrizações. </p>', 1, 'high', NULL, '2026-03-23 16:56:56', 'active', 1, 4, '2026-03-23 16:56:56', '2026-03-23 17:01:35'),
(6, 2, 'Não está autorizando o cadastro de novas provas de corrida', '<p>Sobre o projeto</p>', 1, 'high', NULL, '2026-03-23 16:59:23', 'active', 1, 4, '2026-03-23 16:59:23', '2026-03-23 16:59:50'),
(7, 2, 'Atualizar o Termo de Confidencialidade e reenviar.', '<p><br></p>', 3, 'medium', NULL, '2026-03-23 17:03:38', 'active', 1, 4, '2026-03-23 17:03:38', '2026-03-23 17:03:38'),
(8, 2, 'Verificar se existe no módulo financeiro um campo de repasse de recursos para o Organizador', '<p>Criar um campo no Dashboard do Organizador para que ele possa solicitar o repasse e acompanhe esse controle pelo Dashboard do mesmo.</p>', 1, 'high', NULL, '2026-03-23 17:05:52', 'active', 1, 4, '2026-03-23 17:05:52', '2026-03-23 17:07:11'),
(9, 2, 'Resolver a pendência do Mercado Pago', '<p>A impossibilidade dessa ação está dificultando a integração de pagamentos no site  MovAmazon </p>', 3, 'high', NULL, '2026-03-23 17:08:02', 'active', 1, 4, '2026-03-23 17:08:02', '2026-03-23 17:09:17'),
(10, 3, 'Restrição de acesso por login', '<p>Não deveria ver as provas de outra pessoas</p>', 1, 'high', NULL, '2026-03-23 17:11:46', 'active', 1, 4, '2026-03-23 17:11:46', '2026-03-23 17:11:46'),
(11, 3, 'Retirar uma data do processo de registro de uma nova prova', '<p>Inclua uma visão geral das metas e do contexto do projeto</p>', 1, 'low', NULL, '2026-03-23 17:13:50', 'active', 1, 4, '2026-03-23 17:13:50', '2026-03-23 17:13:50'),
(12, 3, 'Não está aparecendo legível o campo recuperar senha', '<p>Conforme a mensagem abaixo:</p>', 1, 'high', NULL, '2026-03-23 17:16:10', 'active', 1, 4, '2026-03-23 17:16:10', '2026-03-23 17:16:10'),
(13, 3, 'Produtos extras devem ser opcionais', '<p>Conforme o quadro abaixo:</p>', 1, 'low', NULL, '2026-03-23 17:18:25', 'active', 1, 4, '2026-03-23 17:18:25', '2026-03-23 17:18:25'),
(14, 3, 'Falhas nas datas de lançamento na Plataforma', '<p>Falhas nas datas de lançamento na Plataforma</p><p>Conforme o quadro abaixo:</p>', 1, 'high', NULL, '2026-03-23 17:21:06', 'active', 1, 4, '2026-03-23 17:21:06', '2026-03-23 17:21:46'),
(15, 3, 'Criar listagem de Organizador e assessoria para visão do Administrador', '<p><br></p>', 1, 'medium', NULL, '2026-03-23 17:23:54', 'active', 1, 4, '2026-03-23 17:23:54', '2026-03-23 17:23:54'),
(16, 3, 'A cor da imagem do cashback do atleta precisa ser mudada', '<p><br></p>', 1, 'medium', NULL, '2026-03-23 17:25:16', 'active', 1, 4, '2026-03-23 17:25:16', '2026-03-23 17:25:16');
INSERT INTO `tasks` (`id`, `column_id`, `title`, `description`, `assigned_to`, `priority`, `story_points`, `deadline`, `status`, `position`, `created_by`, `created_at`, `updated_at`) VALUES
(17, 3, 'Taxas cobradas pela Plataforma', '<p>Corrigir o quadro abaixo:<img src=\"data:image/png;base64,iVBORw0KGgoAAAANSUhEUgAAB14AAAIJCAYAAAAF/Z+LAAAAAXNSR0IArs4c6QAAAARnQU1BAACxjwv8YQUAAAAJcEhZcwAADsMAAA7DAcdvqGQAAP+lSURBVHhe7P1nm2XJdZiJvhH7nLSVtiqzvOtqCzQAwtAOIYkSNaTMSJq5ZmaeuTO6z71/hL/jPvebNHcoQ4kakaIHSRC2G0CjvS/vqzKr0mees3fE/bDW2jtOZhYAqtEg0Vhv96k8Z+8dbsUKuyJih5xz5m+CA6FmCIfeAEJxOYzeegK5fSzrxy78aO6fxEdz7TiO4ziO4ziO4ziO4ziO4ziO4zjOJ5G4/4LjOI7jOI7jOI7jOI7jOI7jOI7jOI7z1+NvzvC6f+vo/t/7+WH39zH6+F/TseM4juM4juM4juM4juM4juM4juM4zl+D8Dd21PABfpRoFAbUH/Z4ezpx+eBHM8B+NNeO4ziO4ziO4ziO4ziO4ziO4ziO43xS+VtkeDWeFJ0fYPbc72Tfo3nkHa//dXw0147jOI7jOI7jOI7jOI7jOI7jOI7jfJL5W2h4dRzHcRzHcRzHcRzHcRzHcRzHcRzH+enib+4dr47jOI7jOI7jOI7jOI7jOI7jOI7jOJ8Q3PDqOI7jOI7jOI7jOI7jOI7jOI7jOI7zEfn4jxr+Aa9X/SgBP8FLx3Ecx3Ecx3Ecx3Ecx3Ecx3Ecx3Gcnzh/YzteP4rRlSe6z/s+juM4juM4juM4juM4juM4juM4juM4Hz8fr+HVbJ9/DRvoftPpj25CPSywH82l4ziO4ziO4ziO4ziO4ziO4ziO4zjOR+HjNbyW7LOBlkcF/ygG1ifff/IdP5DYcRzHcRzHcRzHcRzHcRzHcRzHcZyfBB+f4fUwW+hh1z4S+z3c//sQfhQr70fgY/becRzHcRzHcRzHcRzHcRzHcRzHcZy/hYSc88djI/xBvupGVHukfPQwZ+W+1e57Hvk+it0pXO5/5K/Lj7B59rAgfgRnjuM4juM4juM4juM4juM4juM4juP8lPPx7Xj9mDho3Dx4RXCTp+M4juM4juM4juM4juM4juM4juM4Pxn+Vhhe9+9o3f/ZT1Zjq/z7pKcUP/fXcRzHcRzHcRzHcRzHcRzHcRzHcZyPmZ+M4TVn+ZgF1L7mLLf2P/8DyeQsnx+VNvgnohH64Q86juM4juM4juM4juM4juM4juM4juMc4OMzvNom1P0G19bMahbXTPihxs599wtjrdpvlYM7X+3+Ew28dmPk5qFPOo7jOI7jOI7jOI7jOI7jOI7jOI7jHErIf52to39dMpATKWVCCIQYOytpYSPNweyf+lxx044VBgiE7rdZVIM8HUr/2qdHjbRhxFCbiYR9ttryyX0ccmk/hwnyR3DmOI7jOI7jOI7jOI7jOI7jOI7jOM5POR/fjldFdpuOmiQzxZG+avsMdi0nM48Cubve/i4209o/wa4GeSKH1uCau1vyvY3TYYbS0veSg086juM4juM4juM4juM4juM4juM4juMYH9+O19a2KhZOsY3qntOs+1Ztx2qU621UAu2u15H3ubbbWsu/YWS3K+rtYbTBI3/D/g2vB+jis+/LoRwW7A924TiO4ziO4ziO4ziO4ziO4ziO4zjOJ4GPzfBqO13l6OCRO2p7TXI/muG1u9dZasWjpFGUf+V6CJEQRjfsFnbeQzlgaN1vVx3hSTcPXGg5LNwnP+04juM4juM4juM4juM4juM4juM4zieFj9XwShbLYwiQUyanpO961Ze6knXTagAzxLLPQlrEzgyv8jcSgny3o4PL8My93bdg2lvFccNBH4jt1lm92cZDPdbwn8Rhgnzy047jOI7jOI7jOI7jOI7jOI7jOI7jfFL4eN/xOmLHzKQkxlW5ZxbSwnKaUveO19KaqlZT2z0b2oOIRx9N5qTA7LH2aa/Ja2AlXnqccev04BfHcRzHcRzHcRzHcRzHcRzHcRzHcZwn8vHteNV/bK+o2FATsdiNOmISHdmyWngAEKI6kp2yKSM24xDlUvl44X8qwi830dojthPWHuqs0LbjVR22vpjrw9HYjvDkpx3HcRzHcRzHcRzHcRzHcRzHcRzH+aTw8Rpe1biZsxg1u5N8dVfrIYbXpq6phwNSk0jt0cNieM0EUkZ2qBIJMZJDVCOsmVPl+OFYRWIVqaqKqje6tbd7ctQw2n4vRVJaZrsLh3KYIJ/8tOM4juM4juM4juM4juM4juM4juM4nxQ+dsOrnB6ciTHIble5WhhcE+RMMxww3Nvjw8uXefedt9ne3qaum/Yo4BArYuy1xtdMJAcxxtaNvI81Vj0gkoGl5SWefe4Zjh8/zpGZKcYqCTyr3TcAMapBeCTSEvPWSNzecMOr4ziO4ziO4ziO4ziO4ziO4ziO4ziH87EbXpsEqUlUMVC1ltfcGV9zAzmzt7XF1uYGX/nKV/j93/89VlZWqYc1ddNQNw1V1afqjxFCJNnuVwJNkxkMa3Ko6PX6Yk0FXvjUC/zjf/KPefEzn+bYsaNMjvcIGnLTyA7bXhVRe6xGS84mLl8/qzfc8Oo4juM4juM4juM4juM4juM4juM4zhMpT+D9sWEGyIxYHqsqEmLxklXUyJmSvohVTakhUA8HbG5ssLmxzubmBttbm2xvbbG5scHa48c81s/a2hob6xtsbG6ytbXN1tYWa+vrrK9vsrG5zc7uHoPhkKZJNE2Sna4adAiBEEffD9uanw8YXR3HcRzHcRzHcRzHcRzHcRzHcRzHcX4wH4vhlcKYGYK8ovXgDlI7ZliOGo4x0Ksqxvp9xsfHmJiYYHJigqnJSWaOHGFiYpwYAiklUpPICWKM9Pt9JqemmJycYmJiQtzp96qqQN/5OmJ41fi0+2+zxcl3qDqO4ziO4ziO4ziO4ziO4ziO4ziO89fnYzlq+IChEwj6I+QsP8zoqkcO58GAph7w3jvv8Nrrr7O9vU2Sl7mSQ+DW7bt8+OEVHq6s8nh9k9jrMzk9w8nTZ3jq0jPMzi1AiPIu2Kri+Illnn/hOU6cOM6RI1OM9TuTanlocKCLqG3KzTnrDtzWSfn0E3mSIA+6KiXzX8NhIf3X+uU4juM4juM4juM4juM4juM4juM4zkflJ2J4jXYxqXmwtXbaxQxNA7lmOBywVw/JSY8iVoPiG997ha/82Vd47933uHH7Hrk3yczR43z+F/8bfuM3/xHnzx1nrBfEeBqgipX8jlmMqQRSDmQqQrCNvkF2uwY5friqAjHqTt08JOaGmBtySqTco2GMFCqIYqStIoSQCDQEIDVZ4w2JSj4hECroB6jIQA3NLjkFEhWZqH/VcBokrgChioQo12zvbiQBjcguZz2qOdOkDDkiJuMoT9rLamMkapzNfNyZkS2XDjMGuzHXcRzHcRzHcRzHcRzHcRzHcRzHcX4UPhbDK7KHtTDlBdnx+qSQQhZjYm4gqHU2o2cAi3Hx9Ze+zZ/8wR/y3ltvcfnmfZr+DJPHTvPFX/11/vl//8+5dH6ecTVwxpzZ3Vrj8epdHt67xa3bt1jf2CWjxtMsBs8QK2JvjP7YGPOLCzz19FMsn1iiF6HZ3eDBrWus3rnO6soKqxsNQ6bJ/XkWl05x4vgMp0/Os3R0isAuzbDm2uWr3Lx6k+2NHdZ2axomSL0Jzl96nucvnmQi7jEed7j5wRu8d/kGe3VkL1XUuUfKEEJFiGKETQHOnD/HxacvcmRulpmJHn0SPYbAEEjsrq+zuvKIu3duc/PWHbZ3ajJ9Mj1yqGhiRQoVi8dP8PSlp1g6usCRqXHGKhGxmJ9193H7XWUf7Xzozjx7uBm2zNTuicPMuI7jOI7jOI7jOI7jOI7jOI7jOI7zSeVjMryK9U48zgSqgxsrS0JhfLXdnKCGwAyp4Y1vfZM/+y//hQ/eepPLt1fY6y/QP3qWn/s7/5j/4X/4FzxzfozxAGNAlfd4dP8GV957nTdffYmXvv0SN26vksIkdR6jTj1y6BF64/THp5mameGpZy7x67/5D/ns5z/LxHjFYO0+r377q7z93W/w4bvv8MHNLXbyHHHqNM+8+CV+7rPn+PkvPc2Lz50issnO5jZ/8Sdf4et//nUe3nnIrZUdhtU0TCzy937jX/Df/fqXmO1tM1tt8pd/8G/5vT/+Szb2IluDyG4aZ9hkYtWn6vXIRJqY+ZW/82X+wW/+t5w6f5ZTx2aYpGGMXULegdxw/+YtPnj3Pb733e/yzW99h9VH2+QwRmKcJvRpqj6p1+e5z3yO3/iN3+AzLzzL8WPzTI8Hqtbwakc+i6yzHu8cqgpi947cMqtG2Z+hP+x5x3Ecx3Ecx3Ecx3Ecx3Ecx3Ecx/nkYWfufgxkAomg73DVS91nH90RuaE7dhd76Woi5IYqDRlLQ/o5EUMkhTGGYZIBfWr1NpLlON/hJrtr99heucH2yg22Vu+wuXqXzdUV1ldXebz6iEera6w8fMSduw/54PJ1Xvru9/nWd7/PrfsPiL3ImZPLPP/0WU4szjDeq9jbS9xf2eaDqw956/3r3L2/wtbeJo827vPwwW3u3LzGzasf8vDubTbXNzkys8jFZ15k6fTTzMwt0osVg611tldv8fD2NR4/vMfm2job65tsbmyxtrbJ6qNNVlc3eLi6wZvvfMCf/Plf8dL33+DW/Yds7G6SGLK+cof3X/8ur7z0V3znW3/Je299n8cP7rC5vsrm2hobaxusrW3yeG2T1fUt1rYH7NSZQQ7UWXIkYRuKdcdr00BqRPp2JvEhGTV6pfx18FmeeNVxHMdxHMdxHMdxHMdxHMdxHMdxPll8jIbXcq+jmt/s5NpDtkEecknNg/JO05wTmUQISU/BDcQoL0BNKXSn5YYMIVPXiY3tPda3BwzqSMoVTYqkBDlnOdY47VIPN9jafMjNm9f49ksv81df+zbXbz6k6k1z6Znn+flf+CWee+5ZTh0/yuxkIA4e8fjO+1x/7zVW799ka2uNldVVbt69z427q9y8v87qNqTeBOeeeopf/dVf4lMvXGBpuUdvos/m3pC1nYaN7T3qekhVJcarmomqYTwOGMu7VM0OYbjLlQ/f5w//8I/49kvf5ebNu2xtbBKamkd3b/HKyy/xta99i69+/WXe+uAW64NIqqZI1QS56kNVkWMPQk/N0YGc5Z22rb21NIumRt4XG6IcM7wvo9yA6jiO4ziO4ziO4ziO4ziO4ziO4zhPpvqt3/qt39p/8cdP0PeFPsHCOmLjky2xcmBt1qNwGx7cvMGV99/l8cMHPNrYY9ibJk4tsnzuOZ5/4VmOzcFYhD4NgZrQ1MQQODIzx4lT53jq6U/zwqc/zwuf/jk+/eJnePrpp1g+cYypqT67g222dncZNIEwdoTTpy9w8tgCU2OB8aphd3ONnUFibW2TtUerxLRHP26zvDTF+BjcuHmdq1fv8s6717l5Z43x6WXmj5/ic1/6Il/4hc+zfHyW+SkIqaEKDb1eZHH5BJ968bO8+OKn+dQLz/Pip57luUsXuHThLNNjke2dbQYpszOomT16nOOLcyxMVhyb7nP38tt897vf4/K129xb3abuzTA9f4ILl17g81/6FT73c1/i+U99lnOXnmbpxCnOnL/A2bNnWJybZXZ6kok+yKbWoGLPIv8YxfAa2re/dvlWZNFhWSgcblU/eMVxHMdxHMdxHMdxHMdxHMdxHMdxPln85AyvFEa8/fa5JxpeZbcrpNbw+ujBAx5t7lJX08TpRU6cf47nnxfDaz9AP9QEanpjY8wtHuP0hUs8++Ln+cwXfonPfeGX+PwXf5EvfOlLPP/cJY4enSVWAx6u3OPBo3V264o4Nsfps09xammeI+OBqX6mygMgcu/ObR7cvkFsdolhh6mpHsN6hyvXr3Hl2n2u33zEo43M/NJFTl84zxd/8Qt88QuXODIZ6QUYG4tMTU5w8tx5Pv2FL/K5L36Rz37+s3zu85/lc1/4HD/33CWevXSePNjm1p277NSJ3SYwObfEwvQES0f6nFmc4tb7r/Otb73MzbuP2Rz2GZs9xbGTF/jCz/8K/+Sf/gt+9cs/z+e/+BnOP/0iC0tLLC4tMzMzw5HJceaOTInhFTW+BtuNrMbxIJmRs+2HjSN5tT/rRjn87sErjuM4juM4juM4juM4juM4juM4jvPJ4mM8arjEdq/qzsonWuLsZijcJAj6aa/JI4F9lwpDYqjG6E/OMHnkGEfmTlDFSW7fvMur33uVb/7V1/jG1/+S119/mVs33mF3Z4UYapomsbuX2dhsWN8cslcHwtgkC0tLXDh3kmcvLPHMmRmWpwbE3RXu3fiAt954jffe+5Br1+/weLshTB7l1DOf4wu//Hc4dfYs/X5FPw7IDMkRwvgk4zPHmFtcZixG9h6vcPOd7/PdP/99vvXVP+KVb/45Nz98g8HWI6j3qEJgd2fIwwcrbK5vEJqaiV5gemKC/tg0dZhkbdDn3lrNO1fu8rWXXuWt926z10yxsLjAhQtPcfHiRU6cOMHs7Cy9fidt6GQnBJVnBgIhdEbXkcccx3Ecx3Ecx3Ecx3Ecx3Ecx3EcxxnhY9zxWlpXy+9i1Bu5bD/bxxKheL+r7Xi9/N77PHr4gMcbu9S9aaqpoxw/9yzPP/c0x+YC4xF6oRY3QT0OEULgzu27fPVr3+DP//IbfO2b3+Tl73yb9z94h7t3brC1vc2QCYaM059a5PSZ85xenmVpbpLZmQmq8Yoj/TG21zfY29xgZ2udlbVHPN7e5PbqCvdW13i8UTOo+0xOH+OXv/zr/Pqvf4nl5VkmxiKRHXo09EnEkAk5QU7cvXWL9z/4gL/8q2/we7/3X3jlldd4+823uH7tGqubu+wyTt07QpxcYLyCsycWeO7iGbYe3efa7Qesbg5Y29pja7dma2uDlQd3uPLeOwwHe5w+dZr5o/PMzvWZWxhnbmaMI5MV4z2oCot7d6SzyitnMoEQoxheC0qz+OEcfvfgFcdxHMdxHMdxHMdxHMdxHMdxHMf5ZPEx7XgtLar2vdj1ajtfn0B3S5/NiUyG9lhc87kzYnZbMjOQWH+0ytuvvcbX/uLP+IPf+z3+6E/+lO+99ibvX7/FjXsPuL/6mPX1LfZ2BjSDmtw0YnQMiTrX1E1DSgHoQZykPzXL0xef4vOffZHTJ5cYG6/IZPaGNbspMcwwPn2ExaUljh49yuLiBNOTFRWJipqYB2w9us+Dq+/x5jf+kj/8j/+eP/rjP+EvvvEdXnn/JjdXt7j/eIuV9U22d3aoEzQp0uSKIT0G9BmGcepqktnls7zw2c9z8amLTE/26bNDHG4w2Fzh0cNbvP/2a/zln/8xf/SHf8Af//Ff8Mor77O2niB2OWD7h8XYCqQsnxAIdtxwmw+O4ziO4ziO4ziO4ziO4ziO4ziO4/wgPibDK/uMr4aZ/Dqz337CgV2T8nxW42sO8pT8L++CFeOruRJD7MqD+3z729/gP/3u7/K//+t/xX/43d/l+2++xZ3VR6zv1AxTJFMRciTXmVTLzlqCGF9ThpwjpL58xqY5/tQlvvj5z3H21HEmJ8bpj/UJVQVVn9gb48jcHMeWl5mZm2ViHPoVVGQqGqpmwPqDO1x/53W+/kf/mX/1//3/8B//4+/yp3/5Td66do/tNMYwjtGEHsQIoSKFSJ0iDWPkapJcTdL0plg4dYHPfekXeea5Z5k9Ms5E2GMsbFPV2zSDDa5feZc//IP/k9/+3/8V//pf/Wv+7M/+nHv37tPUndSznijc/s6ZlJPINsouYXvOcRzHcRzHcRzHcRzHcRzHcRzHcZwfzMdoeGXfjlcON7we2Pla7pDV5wLEaDsxIeVETg05JyKZKgaqKI/We7tsra9x//4drl69wrWrH3Lrzi229/aYO7rEcy/+HH/nH/4mv/lP/xl/5+/8Gp998bMsHT1Gr6oIATINOSTZ+UklO15zH4aZ4eoj7t+5xcbaCsO9Xeqmps4wzIFBSmxu7/Do8WPW1tbY2IDBAAINFTUhDXh46ypvfOeb3HzvDVbv3WV7e5emN8mZ5z/Pr/2T/4F/+E//e37jn/wzPvPZzzIzN0evP0ETKprco6bHgDH28hhhcp65pZO88OlP89/+w7/LP/tHf5d//A9+lS9+9lmOzU2Smx3WHz3kwf3b3L97m6tXLvPqq6/y7nvX2NxsyJYz9k+Q97mGENUgm93g6jiO4ziO4ziO4ziO4ziO4ziO4zh/DT5mw+th7DfGHkb5TIBQQagIsSITaFKmSbILNpCoIlQBck7s7u7yaPURd+/c5/atuzy4/5i9nZqpqSNcuvQUv/rlX+F/+p//r/zL/+f/yj//7/85v/grv8TxUyfp9fpi2E0Qc6AiE2n0HbM1DHa5euMm33n7fS7ff8Tj3SE7g5qmaaAekId7bD5a5d6tW6zcvcujlW12dnZJZBoiicDNW3d4+aXvcevmHVIKTE7OsnTsBL/8C1/mf/1f/1/8b//y/83/8i//Jb/w3/wq88cW6U/2ISQyA3Iakpsamoaxqs/U9Awvfvoz/N//L/83/h//y//G//Q//o/86q/+MseXFxnvJ0LepRnuMBzscO/uHV5+6SVe/f6rrD1eKyUr34Pscg1R1CHnH2Wra/nAD33YcRzHcRzHcRzHcRzHcRzHcRzHcT7R/IQMr52pL+83uv5Am13sPmp8zSHKPticITeyozRk2b2ZM4PhkI2NTdbXt9jZGlIPIpFx5mbnefqpi7zw/CXOnT3BwuIMuUrsDPcYppqGTCYQicQMMScxvDY7sLXCwwd3eOPDy7z89odcf7THcGya+WPHOX/2LCcW55gZG6OfGoabG9y6fJnXvvcK927fo8mBnbpha3fIo41dHjzaZHMvE8I4xxaP89xTz/PUuac4fWKZhcVFxqemaXqR7eGAYRoQqppYDanikF6o6eWG9Xv3ePeVV7l38zYT49MsHT/F6TPnePEzn+bv/9qX+dKXPsvysVkmxiJVTNTDPba2Ntne3qZpalDjqhynXOaBmmKDvkT3R+IHZqDjOI7jOI7jOI7jOI7jOI7jOI7j/EzwEzK8Uhhdy88Pwp43w6sYX3OI8m7SnHXHa0MVEmJ3TQwHQzY3t9ne3GU4BPIYVTXJ/OwCly5e5NLFs8wcGWN3b4v7D+5y695t1re3aJK8JzYSiCkQc0OVh9Bss/v4Pjdu3eS19z7gO+9e4cbGECbnOH7mHC88/zxnjy8zPzXBZBUJe7vc+OADXvra17l54yZ1gu1Bw9rWHhvbNdt7iWFdQRhn6dhJXnjuM5xZPs14P7C317CytsbKxgaPt9fZqXcJVUNVDalCTS/U9Encv3GTr3/lL3jte6+yvrYFYYzJ6Rmefe45/rv/7h/xD/7er3Dm9DEmJyuqCmIwKYqBOgMpQWoy7aHCZoQN3ZHOZlK1o4kPYm4PWHAdx3Ecx3Ecx3Ecx3Ecx3Ecx3Ec52eKn5jhddQkd7gZb//Oy0CU7wk5XjhDJhKqihgDMWRCbsipgQxVCFRVpN8bo1eNE8M4pD5pGHm8ssZbb73BN7/+F3zlK3/IX/zln/C973+Xy9evsLa1QZIzdwlZdryG1JCbPdLWKlcvv8X3Xn+FK3fusjKAnfE5po6d5OIzz/OFz/8cn3vhWZ67eJ7luRl6KbHx8CE3rlzl5o2b3Ll7j42dIbE/RTU+RRw7AtUkTerxaGWTax9e55WXXuFP//Cb/OmffYU//+pf8fblD9keDqjzkLrZBXbpxSG9XFM1Q/Yer3H/5m3eeu0t/uIvvsof/cmf88d/+hW++tWv8t3vfIsrH77F1sZDcrNHzA0TE+McPbrIwuICY/2+GGEDhBjEZqoiD/q+15GsKOjM5YWRNe9/cv9vx3Ecx3Ecx3Ecx3Ecx3Ecx3Ecx/nkU/3Wb/3Wb+2/+OPHDK2ygzXs3/Fa2mEDI8a7nBM0iTs3b3H5/Q95tLLC2uYOuTdFf2qWk2ef4rnnnubo/CT9ClK9y+72Dg/ur3D58hUerT5m2AzZ3Nni1p3bvPXuu7z26qu89cZrXL38HqsP7rC7s0OdxkhhgqmZo5w/f4HzpxZZmp0g763xrW98jb/81itce7DGRl0xOXeM0yeP8yu/+CV+6UufZ7Lfo2KcjfVtVu6vMtwbsL27xuLyArML84xPTbI0t8jldz/g8rvvkesh28PMxs4uN+884IPLV3nzze/z+uvf4a23X+P2nRtsD2qGKTJMcGRmluNzR3jm9HGePXOS+9cu8+prr3H5+g3efPd9Xnn9TV597VVefeV7fP+V7/Hee+/ycGWN7WGgoc/R5dO88MILPHPpKc6cPMGRyX67C1ZEntXoOmqHL02olmMjJvP9Rtcg+cu+XbIjbhzHcRzHcRzHcRzHcRzHcRzHcRznE8hPbMdrZ2zVT2mzO7BJsny2Aioy8o7XZN/VYBhpCLmGLGFMjE+yuLjI6TMnefa5i5y/eJypqYrdvW1WHq5w784Kqw83SAM4tXyKp86dZ2ZqipDkfbGBBkJiZ3eXD65e55XX3uHdD29y+/4jNreHVL1Jlo+f4tKlZzl58ixLx45z4fxFnnv2aU4sLzA1numFbQZ7m9y4epXvfvcVrl67x9ZOzfKJU/z8L/8ip8+fphoL7A23WVu7z8MHN7l18wrkxNnTZ1k+doIjkzNM9PqMkemnmqoZEHNNjIkUEsN6yNrGGnfu3OHmjZvcuHGLGzfucP3Gfe4/3GJnLzA/v8RnP/tzfOmLX+CF557j9MkTTE6MH5D0fn74ocF2tLDjOI7jOI7jOI7jOI7jOI7jOI7jOPxEDK+H2ecOuzaCGV0jZDG8BnpkNbpmAgQIIRNCAzSty/74JItHl7h06QJf+OJn+fSLl5ibnyDGhpwhhnGmxuc4ffIcv/ylX+RXfv4XOL64IIbXbH4lNre3ee2Nt/nq11/mg2t3WdsaMqgD/bFJzpw+xwvPf4rlpeNMTkxz6vhpnn36EieW5pmehIn+kJh2uHb1Mt/4+ku8994NHj3e5tSZc/zD3/xNnnnhGfqTFVUvQRhA2iGnPS6cP8uv//o/5DOf+TzzcwtMjU8wUQXG0pDQ7BFzTVXJVtWahiY1NE1D09TUw0TdBOrUp8mTpDDJ8ePn+PKXf42///d+jc9+5tOcPnWcyQkxWrd5YEcMK+3rWn8MmDc/Ju8cx3Ecx3Ecx3Ecx3Ecx3Ecx3Ec528tIecfl5ntEPb5XNj6Ri+UF4Pd0E9uoGm4/sH7vPHq97l36wb3V9ZpelOMzRzlwvOf4Ytf/AInl2YYjxDCENKA7bVVbt+6zpUr7/Pm2x/yYHWXFGao+gtMTU1yanmCFy4dpx/W+f6rr/D+rQ124zzji+d57lOf58zRKdZvX2Xj/jXWHt7l/uYeO3GMeGSBZz/9WT7z7FnOHZ/n1OI01NvsbW7z0jdf5vvffZXdnT3WB1CPTcPkHJ/+4i/xi599mqm4x1Tc5Y2X/5KXvvs6u4PA7jCSwgQhwqc/8yk+97nPcPX6Fd58513Wt7bZGdZMzc5zYv4IP/fcJX7xxee59d7bfO2b3+buyjqbg8Qg98ghQg5kMiFEiBVnLz7F5770JU6eOcfM7CSTY4GeHTGcZMdwFeQvIZBzIKnkC1tsmy3ysXzZb1a1o4oLP/Znq+M4juM4juM4juM4juM4juM4juN8QvmJG15zuc32iYZXRvdL5oZ6a5OttTXq3R12h4k6jpPHpukfmWdudpyJfqQHQA3U5OGAerDNzvYmG1u77A56pDBNYpJAZrI/ZP4IjMVtNjbXebzXZ4dp6v4cUzNHmO1H2N0h7K2Thjtsp8heHKPpTTAxc4T5qR7TPZiqEiEPyHVm+/Eam2ubpAR7uc+wmmAYJ5iYnWFhus94GDIR99hdu8fj9W0GKVI3kRzGCFXFkZkjHJmZYWt7i7XNLeqcSARCVTFRwcJkn8XpCeqtNdbXNtmtYZgrGvqyEziYaTSQQ6A/Ocn07Cz9yR79nhhdAxAyhJTF8BpDa2TNOZBylh3FcdRYetDwmoq7+oQbXh3HcRzHcRzHcRzHcRzHcRzHcZyfUf5GDK+tQS7bP2oRpLDQ6b2cMyE1kBM5J8gNGTFW5hipQyQEeRNsLyA7ZLMcFwyQcyLnQKYn74jNgZSgyjVVNSCEIZlEYoK9PM4gREIMjAfo50xoasg1OfYYhoohgRQDYwF6ZHppqO+YDZCCHNWbNLwozzYhaPwygQHkXRKRnCI5QYg9iD1CDBACdcrUKZPVQp0IRBJjNPRpIA1FBrkn4RDFFqpmUYJcaoIYYFMUY3c0o2sWA2oEYmEdzRlSlvDCf6Xh1eJg+Vy6dRzHcRzHcRzHcRzHcRzHcRzHcZxPKn9LDK90Z9sWRkAypJSgGVIFkH+ymBBDjxwCgwypkVtjEXlHa5PEv6DvMzX/zW8SIScYeT/sGA0VQ41HH6hyhlyL0TdGmhCpqciIobeiITaJ0DQaLTHu0mSx+0axeObCrkyuIdZyL2VyyoQYIfYhdLtF7a99F8NpoqIm0qixtSfvwG3UaKrPhijRyKG4Vsg8ZjG4xi4TJGo/RsNrGWYbtuM4juM4juM4juM4juM4juM4juN8QvmJGV7NiKhm08IQmfWHXrEb+hrRlIGmFpurvZwUsSzmEKhBdrDajleSbnYtzH3t1wYYknPSIKv2eFwzKTbIrtOeGRdzI5EJ0AQxeUKkIhByJiYkkjmKMZXDrJ1lglO3/dT8DxnokUOvM7iqNyYz8yqSCBaLXBFzbB9sn9dotH7YEcOo0dV2uloGqQpkAknl8MPf8fpkw6vFo3NTJN9xHMdxHMdxHMdxHMdxHMdxHMdxPoG0r1v9iXCoBS6PGGhb9NkYoap6UFVqDRz1IAa5VbX2U93KGUJntVQymSY3DJshw6YRiyQ92TlKJGSoSFSt5TR1foZAlDepUnWH+oqNt6rkE9XCGXVLrEl3JH2BbMZeiyuJlBtSaQNvjwTuDNVBjaM1UKdEY0ZbNeTGSj6oLbZJYpTOqbNva1IOGF2N7v4P4GO01TuO4ziO4ziO4ziO4ziO4ziO4zjOTyM/OcNracwbMewdsI52V8zaWKlF8EnYEbkpybnDFBbLwmqZQqAJPVLsk0OfjJ7Hm1EjbND/ND5mhQziWciRKlXEJpCbLGFWgSbKib9tuizeGreW1vJp380a2l02g6tFvcp2rLHQ0JBI5Jgh2HHJte7mlffCZt3t2vobOjHIX91OXH6QuJVRN8pkOY7jOI7jOI7jOI7jOI7jOI7jOI5zkJ+c4fVQ7FDaDvuVdWPliFm2NYIGspoBc5ZdnU2TaJqGJjW6U7WBmNQ4mckhk0Mkxz6hmiRW44RQjZ7nO2JaPGAxFetqqgg1NMOk8ZMdqA2ZhiyuRhKhH7NomgW0RSytIQZJnhleC4NrpYbYTCKlhkQmEvS44BoYQh6QcjOSlKCnH1e6sbYNOutTOZFztlj/QMNqd69MlOM4juM4juM4juM4juM4juM4juM4fKyG1x9mlwtPNuC1dsvitOAcaK2X+10GILQ7SYMadBv5hCFQi9GSQCKSg1giswVmJwubp0nP5lWTZMJeoGovTq2oqAghkoCaRE0iqYG3NbKWHw3L3lubciK3gSZyljOB2429tqFV/2Lf1fAsaDrDEGJNDs1IUvZHQVyNSk/EZv4d5Ml3KHLAcRzHcRzHcRzHcRzHcRzHcRzHcX62+fgMryUHrHdm7TTD3Y9iwMud3bNwEdr3wAaqqiJWaoDN6MtNIefcvj91JCqtoXXEFgm6izalQMqBJgVSac2sAlWvIsqWU7KadTMQ7D2voXjXqx5DnIEmJVLT0DQN2Y741WOSM2K0zQEaNdBa/HKTiAl6oaInZl+ipSYAMUrYRTr3fyR9haxtB3H7wCgHLxVuHcdxHMdxHMdxHMdxHMdxHMdxHMdp+ckYXluy7kQtLZ0/zJgnz8hTtptUDZ7qvH2PqR7Xm4EcApmq/RAidHteR22N9iWItTSHqvuo5TSHqjNSVmJ8NauovI81EApxShyQd65W8jdFOUM4hEQMdlgykMW1SadRd+X7ae3I4V4K9Iit6bUNRGPAfmNrGSHEEN3JvJB9FoH+KDnyo/Dj8MNxHMdxHMdxHMdxHMdxHMdxHMdxfloIud12+WOm9DWI6VT2hYrhszVRZoptoZ3Bsr1Fo16UZsRAzrILNchmT7WJysG/YkOM5KxbTdudsnLkcCSI2bIOkMTYWho5k/4tjZBR37PaGi5DpskNNQliJNJrTZ+56dIhRw+boVfSLW+o1XOH21AiDRU1kRQCFdDTcGXrq/zNOROixpcaci1nEceKTI8mV+RQSEvfGSsG4qw260OyPGusgr4/V23MhsUf5N2wnR/2VIBQHTjquBCr4ziO4ziO4ziO4ziO4ziO4ziO43xi+QnueBXD64+047W91D3T/dddLY2L8qfwL4g1tjyaWAyBNZEhkRqCGi1DMp/a44zLcLLGOMHoS1d1n2mlH9RGmgI0UT51SNQ01DQkjUn3lloLILbxTUV880h48nxIAeog22KTbqcl6q7ZUUNnu2m2Nfy2ARZGX6P8/uPj4/HVcRzHcRzHcRzHcRzHcRzHcRzHcf528RM0vJpBsNz/ePheSD1JuL3bfYKYb5McmRsi6GtW7dWmoy6Ke9l2x3ZvRu2ODjZj5MGogLnXT8qZnOV9rDEEqtj5OBKOem33dB8p2LHJnWW1SJ0YcA+NRs7yXBXl8YxYiEOEoDt7CYQgBx6bH3IMcyDaecxYuLmwisq90H5GRdF9b30tPuXvw59yHMdxHMdxHMdxHMdxHMdxHMdxnE86H5/h9VCLWyTop9ubWZoJO8RoVxr45BkxT3bGwaC37G4XxqhrMYTaPd0lGmJ5TrH4YP4WsWtjaLZLfRcsIaghd19Mg7iRUPRY4/Yg4u6wYTGaavjFXY2dRamLmEXG7KwxSPzbp8VFGRf7rRZY+WXxt6fsXpH20p9RSt9L96N3D8TfcRzHcRzHcRzHcRzHcRzHcRzHcT7BfHzveD1AeVBwaZTTs31Dd2U0QnYM8Oj9kX2huhm0PMLX3iLb7i5t79txvxoueq6wha8/W7cF8nQXhsWpTFHO4lXnh/y3z1TZ0XrVvvmVpM+Yibbz7BBTpr5DVn+0MWxvF99bj8osD+0/+9IzSufPYdLp3Jd3R311HMdxHMdxHMdxHMdxHMdxHMdxnE8uP0HDK08w6fFjNs2VRsjD2B+HJz0n/DDfnsRoKN2vJ/tz0Oj5xGcPROrAhR+B0jT6X8MPdv+D7zqO4ziO4ziO4ziO4ziO4ziO4zjOJ4ufsOHVcRzHcRzHcRzHcRzHcRzHcRzHcRznk4ecx+s4juM4juM4juM4juM4juM4juM4juP8V+OGV8dxHMdxHMdxHMdxHMdxHMdxHMdxnI+IG14dx3Ecx3Ecx3Ecx3Ecx3Ecx3Ecx3E+Im54dRzHcRzHcRzHcRzHcRzHcRzHcRzH+Yi44dVxHMdxHMdxHMdxHMdxHMdxHMdxHOcj4oZXx3Ecx3Ecx3Ecx3Ecx3Ecx3Ecx3Gcj4gbXh3HcRzHcRzHcRzHcRzHcRzHcRzHcT4ibnh1HMdxHMdxHMdxHMdxHMdxHMdxHMf5iLjh1XEcx3Ecx3Ecx3Ecx3Ecx3Ecx3Ec5yPihlfHcRzHcRzHcRzHcRzHcRzHcRzHcZyPiBteHcdxHMdxHMdxHMdxHMdxHMdxHMdxPiJueHUcx3Ecx3Ecx3Ecx3Ecx3Ecx3Ecx/mIuOHVcRzHcRzHcRzHcRzHcRzHcRzHcRznI+KGV8dxHMdxHMdxHMdxHMdxHMdxHMdxnI+IG14dx3Ecx3Ecx3Ecx3Ecx3Ecx3Ecx3E+Im54dRzHcRzHcRzHcRzHcRzHcRzHcRzH+Yi44dVxHMdxHMdxHMdxHMdxHMdxHMdxHOcj4oZXx3Ecx3Ecx3Ecx3Ecx3Ecx3Ecx3Gcj4gbXh3HcRzHcRzHcRzHcRzHcRzHcRzHcT4ibnh1HMdxHMdxHMdxHMdxHMdxHMdxHMf5iLjh1XEcx3Ecx3Ecx3Ecx3Ecx3Ecx3Ec5yPihlfHcRzHcRzHcRzHcRzHcRzHcRzHcZyPiBteHcdxHMdxHMdxHMdxHMdxHMdxHMdxPiJueHUcx3Ecx3Ecx3Ecx3Ecx3Ecx3Ecx/mIuOHVcRzHcRzHcRzHcRzHcRzHcRzHcRznI+KGV8dxHMdxHMdxHMdxHMdxHMdxHMdxnI+IG14dx3Ecx3Ecx3Ecx3Ecx3Ecx3Ecx3E+Im54/WuT9eM4f10+SXpj5eCTlKa/KT5uGXpe/e3gZ03+P2vp/Ung5finE8+zH47LyHEcx3Ecx/lx4GMm5yfBT7+O/fSnwHH+9hNyzh9bWTOPw8gFvaoXu2fap0YoI1d+D+bFvkBGf+53sZ+yQRYf7cro07m4Y89HIJCKJ9s4HRquXTM/xP3hlO7tyuHPdvGSX+3fg160lzO5TWMX5yfEvL1Q3Gmj0sUpm4dPTFWZfnUQJHSTboekto1Re7O72v7U9EDal5riuRHx7I9HkHiMJLx8Zn9qijSPXD8kh7L+MxJukDALYR0WWhuFkWfk31FptS6Kax2jcewYfToXH41b7uI3+sz+76gu6xqO3DntUizPd/EW3T80bhqFg1Iu/5rOiB+dBCwP9kXAKBI96tu+ZNrdIN/lmZGnCn5AICP3Dsu1rAUnFWVBJNWGZsJ8EoX+jDyZxSdRpP1PWFy6MLs7BQdkcTC1Rpuekb8H6zi508VnRM81ueUz4npf6zASr4N6dFBixRNtc9fVP508DiO3H4tL9xl9yu6O0rnvOOi+u25x1O8BUB3MhWbo5YOM1Cfy7UmhyZNduW1pPS9T9QT9PdRni+0PllmbF+3lwr9S7/c7O/zyoTc6HzupdFdGfdjvX5leDkhArnDIc4zcScWVgzI4zG1J97TItPt0de4hyVbK5+3uwThwoM6W51sXpfPi/v64j0qj88l8C+VtxEEuJBQPe4bRsPc5/6FX9jMqz9FvnetRP+WXyO3QrsG+SJd6ZTV656BoWw8g9XUZg0PL+2HOn3TvEGFYHVvECA447Z4YTY/d1vttHToqEglXr+jFkSge+DGa6lK397cRcCCg4i9PTJHj/GBKHSq1udCj/bp4WFkq1LjUar008hdoW/cDfcw2CvsDHY3dSICH6fxIBPancf+3Q9y3HLx38MoPogh7NAEjF/e3y909GeMFtA5tk61Sbp11Y4P9HJD/yPRH6YfkCPujmYsrpdiBHJK62h9/yReNZXtl/xNwUC7Whxt1cUgYuf1H6+Ti8v7wDsh+v6R+kOz23WkDOHj3YIr3jbP3o7rZpbm4dZj7Ihva0Efk0D16mI/2QGBUJsVX/dXNLZR61bVQSR2F0Xar9MK+jHQgKGLexWf0zuhV6VXL96DjqwPt42gCnkwo/RNH9l8X54OURa9NbduXt3jqT+KoA7lI0kujaRQJwyFC0DsjmlmOk+xvQKUk/1o5KcuLyc9cH5resnqBIkJGd7X0Wf49UDr1XumjPrHf28M44FmXgjKNhsi8fbQILgOJvG9c3t4qn4e2Xu2ieCAi+9jn5w9M3EGd6KJQlgajjCBFon6AHIOktxSClF9xczA1Vrr3hZGtD3tYHCjui0oWPw/4J7/K8MvW7mCMDoR5yLxc5/sh8jjgZRkfDnlA7omvgVDOVRqHlg15fiT8kTzt/u3K5MjNUfZHq+Bg7A+mqfv1w8KSNn+/FJ8UgdH0WIpNx0wGo/ObXZDyTWdcDsalCLKs5cvyPRKrPNpfYcTLQ9yMhGfx1TgHSG0d27k5cKX1Y5/7LlXFo3bfLo5G9gck/xDpifvyV3t/5KLdKeNHNxe5P9CStj0ctSVQlqwDc3OdBH6430Lhw7764ZC+A0XbWsbpQNkq7j4pHupm9Hn9NRpo8cRhlAHsD6yU8chEfsvBstbd6f52EZKrncQO8fKnjuq3fuu3fmv/xR8HI0qRNYPth9FKUL/kQqz7FKv8GK1z83qkXFmDJjfLzOvGJRlyamcWcw5th7DDmuokz+ZGI2pXpdpFfQ8jE1LqQ4acG5FB0IKUecLEaVZDjEXdKlctosUkaRdCgqzpbY2IRSmT5JGDdEMSmUSyy23HMyMFZTQ+peAl7lYxBRtsWd3QRdUi3/nTXtMHs8Q5h1EZJjI5iYxjMM+1YQuaiAKRVqOD3lIm+ktl3RVXCzuRTWYqBbmdyXpfklcKUZ41URgZ2gFH61/WuKvEuw5g6VbztMgqi0k7mGrviZ6qxAkgutGm7aBcTK8PRf03/7pOqvzM2uEacW0THFYWLF2Zkc6GpUm9UsSdVfTS+S+KQvmYxa2U/4gss+pyufChDVniUqoNhRgCbadGgmlzTKOYITWiGwFyyOQ8OhRoQ1TdlHJN0YUOBMRdeW9fDDVNzUhETUssPiGZgIqcyJCkCKrfbWJEZglyTgSrr4LVcfJQJkvQI8bejpG5AYsbGlYW2UvgJhspKxLDQvCEkQ5ZqROZBFk7lUUEpCxkrZ1EkiNdT+uE6N+MpMOi3D0n/3RR1UBKPTI/tC7fj6ZQ6zspG21MinqoFJfR3m3LVSFHRWQ3qqASVdMrq49FX0dl8mSkbJgMC81VmZS6IAEE8v5yQgaafe2P3VT9QcpI6yhrmnKj9ZWkuUtZ95z8U0pOP0H+pCS6BaFtSkUK6lchSnUizgvBdL5KmjtNt7R0dfmI/ra11EF/g7RQeldd6M+gzY1FIZAgaH8BVGe6CLb1flbtKuIOZbVgeWZ6lLRcxda9UaZffDddLy7BaDwypJQ0etIWSw2m3aN9UetUf7TcBYr2vSjHo7Vn4UH7jMQyANGEYnTCBKzMFAlt23AhaXost+1m+UwX69GgxJWVUynvRiJLfXVo/LLqehFuJ0HVGa1vDmtX1aWEkqXNaUs7EmMto/LrCaj/I/qAei1CaS92KRTfTG9Fh4u42DMq7xH/2lzTlJqsLZw2HqHV9fZ6UU7ki/ZKs8o9yIStRbuI+j4BmFCKRMuFNl77GZXfiM/OzzyibRnR8a4+tUKTyCm3bbNdLnW7LSNFORutTUaRvmZZj4lDqUptbKd1qo1P9DFyIieps6RsaKSMNnJlgbP2ZN8jI7/2xae8m61tlvB+WMmRZ7u+Qk4SZ0mTuRb/clHXZXlcY2MtRe4mg5Pkh1ReKunWPyn71n0u28VWQpKYLs3WLwqZlKUetrS3z8P+jiwAKTckpM8jrbI+oF7krC1L4dS+dX3KQtJ2qZB1CIGUEynp75F8TqSkNXqIrdxKLMslydaO6r3iOZH96KRZKzN7oMT81X74aNq6KynpuGV/+5dU2UPXdxVX1gKJECXf25/t19zaRcr+h/kg/ZouPPNTUiTu2psjiJvcld7QzRHZfenz2NyQXM3728oRzD/tWFkawHyTZHTVSxt3SY3oWSa3htc2uYi3qZvSKhJeFKiSgLS7Rb825HiwOd1H0YVTUasckMDtv5ADIceuEtS05QDSM7aIojeLeqeoY9pcGLlvYzjL4DAStuSaSVa+JmT8ajIXDdinByNykxvyc1QokmzVpyBxk3GLlFXzo/OqG9NYmKr2o2jkDr2HpKHTb4uTpUjrx5EOl1L0K0V3VAad030kcjBdOygBTUFXHWgeSOosEZ0AcrZ4F/1o+6jMRUU0HftkJ3dUiVpP5e9In7ONZNbxV1PciiO5WT7ealnb5spV+RTtg7nQutmeS1mnj9RZAJ0PbrroEkZaVhAZjTaDo3VvRtrLnDq5oI+lLP1mqS9Mj/flffvT4t71FzKdorW/ydrOJCm/oTDka3UN3Vgh5YaQs84Hd2HnIiqd5hlFvpUfuyUJGXlWypqmvqgf27onawgHVKsV/mi9Zn2pYHNaXV4G9aQtg63Quzy2OjrnBnJDyKJnhG5hQxmPVOi0pLtLS5vWoLJq+x/2gJUr81B8NKzGsxpBvO8ifUDOI/W1PNCAzqd2MTZ5tEIdQeOQ21S1LrsAu1pY5pQ7r+xu6W0G0XPr89JlgF1RL+RebkPsaIWkZSNrnWxzkYcF3laZSdvYMiTVoJQgqY5o/W7eBIum+d1Gq/OnrPL0SlfnQGcPGqk2y4ianAW7k8q+QhnAPjKj5RGLQ9ZAjSDzbyllQohFiJBylnohWH/efFK5ZJFRWzgM1UXRTwtbkPGUXSjTq+GprUbysK3lOvb9/GmgWKbw48OycEQHLHOTZbJll33XTkmR/62zIjukcnjCA+rcBivWqIi/Fl4RvH3RhlYqvC4syX6p0KSCqbtPUclZnCT65mcRZs5tZSK+qwu5PZoO+6GVoilqG+U2HHvcvlkc1ZMRB53f8mRGpsYL/zX9+6PRBai9ipx04N+Fjj7S2oja30XgrTwkBuaPhNvJO+VMncqBgOWPTVyaDlkUtZNAo6kq0qCCavO/SE/OjRrYNB9GPprGNp37ZFN6ZXdzLjqF+slF3EvtzdKJGomSfjo9Gr2RsjWrppWtxDRmHdn8OMT/kXuWJVDEUctCyl3yW4+zGPKydWatPDSFrDs9GJWeNoJmzNkXHysebfrtpnmqcrNP52OnO10OiWxtTmY/pSwKLdObmdwkNf6bfE1XuwcljtJxs/oG1WWLicSjE3IZbhee6UWnv12cnpCJRXFo/dXHxInFqynqK8uzLk2iU2U+lRETT3MrSNULrTcsN61RbCPW6lBZfjpv5SlN4760WXoshp0sioTaX4vXvvwbjb7JzwKwuKkOj5TvkaiMfrLkjcX8MKWyKLWi6Bzrly6fOwmoXrUPy/NZO3hlOF35UWkcCKfzwvKp0TyWXN7/YBnmwY/Ey+JqHuvtbN8KzF3qdC9Tty1N6ceoG8ujQqlVBtJm7ndyeL05+mP//fKX5mFxNVk0iqdbP0oVGnFV/LL4FPESLM8L+Y8+QC7qvpF0tdcsPnlUh3JSD/a5PeCBlcPy72gcKNqX7qMDTHVSPAqqX2XMOi+7X6J5TTtV2Ea2SHDe1xdpvShV1sLel9b2ZlmOswxaTXX2fwpXI38lbJPPwbqyTa95ZHJp42e+iE9deCZNLQsW+f3py2i7Jp/uPx2El2lvwyzdir9S9xfPjMS3k3lXujUqo5HWtHb9s5GwNa5deVU3B9IzGuHyVhlW96Mm57obaBVecCD80p3VyaOZ0nr/I/HXe9r5JCO6ZGW5u6zjuEbbZ9PPQhNbtdS/nVbuqxf0GXFvJdIu2kfHFfqxGzbZCtJ/SKluF6uOuu/8GQ24LEhWZsp6brTO6/4T9+Uv8/GHYfUSSP8gpVrHWBYH/avPJfu0MbYxnsa3jX7ZP7U2rktZo36Unza+2WQjdV3XPoprkUQXg1ZuZZQt2ilLmspatWhvTWLlZ5/PxRcNCnEn41vxISETX93Y2p7XfmPbFrbedH7r364e7fSqu93l7mEf+bcIp5WdRHj0WQpZSNlJhzXMiaKtaVPZfkbyYL/bkbD0VxufLg/2+yl6pHIonbay0Qut1mgainzrHNmYWPw0l+1DbXztS9I+3ME+Rsqis6ZmI+GobBpqErW40GSORFOmp4pwLewi+PanSaPR8tXpwoj7ETddcOKtyVrmAsRHLatledF4ZS2TTVs+Nd9N+G2iuggc+JbVwmyD/DKurQ6Lz2XErS7tJG7+7cvY1svignjQBaX95q4Mad2mzxjy3eJj82fFzfKjcZD5F41EgcS/lRhZ60X7WDxG/Otcq953KS9udc9bHEbGgJ2bMnT7PXpN75i+F4Wqa8dGw+qirH5pXTAasbLHWmSWeV+qDBR6ZPMfEsvysfK7pcb6oe0mm9K/EZe66En1L2vXoC2/WfKrK6CSptFf6lcrIw2u/UdjZvM5bXjib27nPgt5jDptk5Bbf0ZlaHllcckkUq5JjbXRhdcadCs3bXdkrmn0uTIapiOjmlSwL74mC7vZjQdGtUKeUhm39bBdLfWo9aojWdxFFt0YVD95vwP5lYAmS8mQu4mcashD1TMNX73opG1xGVGQIu/lM1qmD0uveW66VeiCfVo5F7SeFG6Tyk2f73pYGtfW/8KP0kNrYzWxlgz5Yz4Wedfe62QinzJqRVtQenpI8O39Ig7tdckpchY9Fj8toJFItB6b9Nuxdyn/JHPDI5MLhVcH/Db/rT1QZ21aoY2j/bIojvpjeTAarj1m/eS0P+zyU2RjF6L5WcgQ+WvyykVYYHnTlZmuNtOP1gf7HVo5zBRlWa9T5vdI3ST6k1JDk5qReQHxdN/fnyI+FsMrSIekaZIoQ7AVAkEzVj8qMZOb7aAsL+Z9AzC7pfosqLNk+WYrL7VSFet857cEb3FQn4OEvz8KXeHTZYQh6+6G9mqX7+Y2ieGmW6UEMdoKgMKFPj+iN2285L7FW5ROlfXA4pNiZbY99AS6FIc2ApY9ICuNR/p7ufggD8YQJO2WlfZsQVtpW1pyhlQaO0b3KrZSCYFYRc1DDbjNkyKkQkwxBnJO1E1Nk0rDnqWvS6v5FwKEaCvETLAm80gsddXC3V/wKfLIVn+Vg4E2yKRpt45jsfLJHimqX41GJxggjqwst6e6MFpVNrflqi9Nhk1mZL3fFkmyxM3iGDS8LkDB0pGarjMbmnYZWam6Fraktvt1mCFGxSff23+QXVhNQ260w7kvzej+JOmemJ+dEKIs/O4i07qyf6WeaHLRgSYQYiTG2DUwRTlE/RPZSVlo5dimIxQBdqsHD5YVi5h8spoprLslsgiSaU0x7gC0iHR+RvneNHJB4qUR0vrK8iBofZHJNCnJQKGI0YgYzQ9tcC2DrGsSoi7wa9Oh4dhqPb2cdX5MDDxFo14IZFTEpjVmeDCPJC7iwA4n7TSs8EDDLSbmzP/yb04ig0J7GutL2mMasVZn1b3p+/50tKhOmFzUFNqmP2jdVSQbQiDGKKtMkQy2/yyQA7JrIw6pkTapDdxWi7eTcuag8MD0tpUZ3eBMd+KUwZmutxG3vE1aJmJUndA052JCxzyx+LTtgV2Wjpb4U0lYmo+iA6NhW/aiZbKLf6EmrYBF99pOnLoPaH+lndBUf61cjORj92ljbXFRdxZud/VgOtFnofM/M9r2hijylKBzV0c3VldrXItwc+Fe5FsMRoMGVla4Kp8QK7LWpW0LWrYR6mmw5y2IkVTZN4mIaN6+J1NSw4XIpBviqOtso4iiylIknhKhlKFpRxqiT7bjp9W/YMFZmUD0UMtUF3sd/NngrFgenEk0WWrkcheDlTeJoz2rfpV9NfUDOxUgFu2qpc/SqHktLrob1i/VpIMGqcGa4/avlc+R+5aRQXVdpV7expLSytqcFLvO9/untBLLqurWOVQlyiYy6xqValH4IJu1OmNzqYNtaG1gZfr2X2w9/gH8qM85n3wO6o3oqNYXSdvsEAixkpuq4k3SvnvZ7qg39tWqC/Pd3GXK/iwjbbv0L2UsErCClduxpLmNUfqhrcfmR+vpYWou47GcpRaQOie1k/fyhE3iWV2RyUi/UurCovzvC29EFlqHSeWWiSFQVbqSPls71kXS6p6s1UjZDHR1gFawVknlTj4qmfa2yErzwNr1Nr4aL83r9tO6kfq/7asks4wVjwdpc6oqathFu1u0+2Va7CP+S3sRglxMjcXR8jcStA4NIRCrCnKmqXVspI6rqir6jYWYDuSF+GN5Ipet/WoVf8SNMXLN8k0vlulCfewactHTqoqjdb8kSjNc+2b7Gv5Oy4qMHH1EKWOgfddAu3NG2nKZzu7OXirkgwbW6oM9YPlZjLe7m/LR011ySm3XLI8+KD9s/Jxt3NxJqUF2XoVDTudt3euknfZYRm/pz6rSa62cLDIFbZotDl1cTA/bT6m0o19FHjl3Y4viZBkZZxYTESrXXBQhCUw/7ZyDRs7G5EnqoWzzXCPhWYZYgrqek8WxS5npvV3XWQOTjznQcWqTE43uuEnZ5gckLBuPSF9S3NrYJ8aubTBG5GXl68DNDvHL5jG7PBDn5n50NsVGkiP9VHmw/dKd6FLcKgVlYVnetTfKzyhtXaKBZpOpkdVdm/96v3OizxW+l3pQ1Ou0et/5v9+b9tGAlstaDInFWGPUhxI5fSLGLp9aXSziYK5j1DRrem0+xDYBSl6YXkpOdT4Vu7fK8a0GWY5TYrRx9b7nLYwyPfsSZsMk68fL46Y1ks85Q9M07YKeGKGqVJfNz31FLqmMW50vxGUi64qW5dAhO9ZMrPZJnY7kLGVRpdvGNRXzM5K4/bLopG3PhfYfDSfIPF+p5/LfE06VUELQcahKESBGawO6RGeV0WjSNC2lt5ag1M1zHihP+liXmDYj2+fbcliUx9Zdqb656C9pe2RtiTxmaRe/0fnR1qZtnuY82sfRKLXFptV28VviZ/cEu5vIUteCzr/uq8MKkqVpRLLG/jpD54Gj6FS5PrF10UBTyzyB3LJ/W20gkwlR5qRGTvHTT5sVnfNOTirL3J44au4SyfJc5Wli7fzSfqelp1Qo9TgjU0Ij0+St+6Lc6s+uzdgnCIr4an2TbZ2plregZYaAykXGDG2tZmXDAiu8bXQMpY346PMZsZm1+ZZ00Q/EKhKrSmQfiv7ETzEf21HDslVZJlCrViutN6nC159yt6ji7HnrZ6uQrQ3QW3KtfE5bGDGoZR1UJqK1huqvVgPaEAX1TSrg7hfq3nZNBwnfBjahkiOR1I9K3QWQlZ0ZaWyCKWupjEH96QpwV4eagVfiHIhdRaMyUx9GPt1Rr0G21Jt/9lcNTLv1kEHOZGRyP+ib1azClsY/ELVfNOKJCSbK9vZEoGkCtc6lkiWPYoCYaj1+IkKM7USahWMysM6HyTdikwgSpsRNZY4ZZHXbvnoVg+RV0zSQA1WUAaj5YMIt1bBVHIoRjnkWghiy9L6FnzVP5b8iO/SfhFSKI9vzg1UUmqdtnkuj12TYqzM7NTQhtMbCGLS/pv6bgab1F1SZNG5J7qNywb63FZQONK2/K0lsvZGjsBvVu6orL63Kqac2AAlIGnImpcDuILNTB1KQBIRoqqIDMI2BxSESZVKpE1/7CRbvnGXnXLYyrKXM4qeHegUSkURFItKQc6CuYbAXaJLoCliSLC5dmuyog2gZqpkgHd9ADDqh0QpWRWOZpAkIyLFKnf+SXus4ikG/TKpmtpb1lEWHpD6RkglqeDX9MceVNuSqXhFAF3xUZE2DZkToqexMZhHkKVIjR9pWUd8V1H5kAGKFJudM1jxIxLZjKnlY6qaGi+VX52fKiTo11I12V7NNKrYCUZUTB6YdXY61Ja97OHYBSPjqn/VPWtlrOQ5o/EQ2iUCdJG0xBGgSua7JwyHDwVDyLlakUJHpZCgy0fAsT7X+E++tIy5ysmOxc6ogi8RiMAOrHX+kaQytJ9LhC3ZAUhJZZyDZc5pW/TRI5SHHvmnOZAhZ3HaVlmGykF8iSe0wh0wo9AZLVmgPOQM9YqnJcrSNGJbsfiY3WfJZZWd50wbWCk8SYkarWFWEthwiE3K6kEmqH53AK4pGmwbL+5AIUaQgBBlrJKvDdbAiIZNT0+p81vo+aHUgrgt/9JuogFy3ujZKFsjdkDViJkNNk8nashrt/NdtJrQDhmAFM1vHO5BzJZWAOlZRtP7JVWljctPQDBvqWj5W3zQpM2wyKQdyhCYHmqwDDO0DtGIN9kX0ep8EEG0zWahOh6DH+0g/gyydORGJHNmXNM6Rioogp6K3HZ6EdETsovSFmiD6JomNhCDtRMqZ0C5aUJnobHckIPPiAdrXCHSpSMikqSxY0bo+VOQk+k2IVKFqNUAirn21aPksAxXJIlu81elMoCKEHlhedU2HfiTzJE4is+6/oqhYpFt/ZMGXLKJJoOUwF962AYVAk2XFdohRZK76av0NjYbG3PqJFpj5Z+1LBWUXSp/Lbd+vqG9UOJEg5dUcBLSXkJGedKWilfbSdHAk7RZQV+EWZaxqX2VQctB9SSsk52eS0bwXbZBrovZd374riN3CDnRSqdVTq2q0bJSHtkXVw5S0rLb62/WXAqb4XfmRKk/qPLvYtWMaLy17gPqrDrFC3cauHaNa+LYbMdqCNm1r1bVGRUeMxRjHilTRPe4uIg4lDIuXTSDLeDNo3FLTUNeJusnUDSQrw1HlAUhvU+sSq3vbcKzPKWGFnNv6u7ExqspeJKjtionEZBMCmarrA2j7Ic1w1ggVmR1tLKB1bpa2OlgFH2I7V8C++gykjZLxkM6FZouXuB+dl5B+Y05ZxrtmiDW9aPO3C8PyUPSnfDTIGN3iUfQZIxCaBE1NPaipm0SdAjWRJmhMQmz76pI20y8LW/O7jbkspAsWGSNIAySTrzXEjLRMEhftjYg/Elyr0qYiof2n8JMMJFIzZDCoGdYwbHokxtrRlbUY5qRQAe13aR8+B3KIpKDzMSPB2y+ZE0qisNIHtPSCLL3INaQB1AOaOjOsA8NUUdNrx3cWJ3Uuccv7dSdpWdDMNJFWUgSSHkNqelSohXoYunutn9JPl97GPrqHWj1q45mTyCkAOjkq8q0ISH8HOmHr04QoNZ5c1jePBlNUDVQXiuUsi3y7cqgexm4uAJnBaPVQahb9T/stqp5IMDKuivYKiST90zolhjnRYA607KKLbog6DaL+ovMzQcpUlxud8VL6N1HGkGF08UGAtqx3f1Vxcpb+aisUGR8Nmoa9OlETSDkSQo8YeqiE1M/yI/WljEIjIUs9aUG1FM9KQqw26DSvK89yza5IHMVIIPKOkOVj9YOkIkscysywPmSQXJNUWJyL+218tH7Y58fI9xAkHSnT5NAVDi37kooyZZ0XbVuicxg6i6APqHxB09sQUqbOgSYHagta/ZZNCuJexi/ip9xXvyRxhb5JLdNqcTt/IXV8NiOVzk11daT6rInJiAFT3Jt/pk8R6AEVKUVpH0MkBOk/V9H8yzIw1UX6dY5dioLOHalcJO6m/RqVoq6QEmDzGboSqkmkYSINa5pGTgVKyOJLmVvW/NOxhPRvpEcVAmCvrNJ5QZGojpezamqpJ/Y30s6TqbjErVbwAZ3EVDeWRSPe5EbSomVF5NkTKVs7hc6Ja49G8lMlYvFqV49LouS+RbKrdKWO0bAsEoQ23XI0tH50Jkf+l4dVvToFzVn6J6ZbOgKT2ltJOvedJL/FD41IzuQsOoNtItAwRM9k3B41za3cOhWV59T4GNXon1JmWCfqOlPrHIXVmyGjZUP+dkLRT9s/kN+ZIDqdsjR5ppD6eNMgi+sqWoO6lCUrL9KXG7EjqVt57UA70zaqJPZbGq52LIAGjRq0I6q7WfqJ6MYacW+WYis9IlVTGxLUg4a9nV2aeih5UMnC85H4mGiyOApl3dd6ZvLSvp3abVKWcXaQLOg2pSFlsdOLoh9KkSdB6kU5uljsgVJL0NZtWef+ArLxKRNIyfJc6uFyjBMsuuXfnyJCtlHajxnLMBO0VGZaIrRzkYOuR7EdWhQd6yBGlVZZu1voz9Y4aGqQs/yQsqNmenTwGKST1vqh5ZWsvUASlWlq1hWRMZC0AyeNhTZYKelkZUUuGlHxyzoK5WBEzRxZGmkJXApa0gYltomwClhSlrABUYcmU2SAuJFs7DoibXzodpjcfrjC25evsN0kji0vs7w4z7H5OaYnxtWEpUFrgWhlY3kXkxh8oqxF2Btm7t9/zOP1Hcb7kxyZrFicneLI9Jgeu6AVStR02q4PNF5ZU5H1vT5kMSTpHK11xmPWRlQbqzbLAvoOhSQTrykRYkUVe53CKDnLPwHpwMsgSAZUI7VwUamK89ITijjrBCuZUImbbBW0ZH/nVgIvMqWBesjGyip3Hm9y7e4jbq1scOn5z/HpZ04zXsFEBVXScC2zdcQhnUBdvZcDIfekacutONtyo1rY0d0gaIeAkCW/Qq161yPnikYzwp4LZD3HqJadrsMdtjY2uPNwm/ev32dzL3Dh0rOcPbXM9FSfqTF1oytjbPWTTCRXkHWESGdAzCZ+6XMTqDXvtULXeiWHSFIDU6ChoiFSUw932NnLXL5yl/c/uMXMzBKnTi2zdHSWxYUj9HuWeOlsqFpYc6OyUsnJDRW+KqVlZ9AKyHYIZDUaZG0ctOFM+o5Y9nU8QIs6qLGnW1mFDiu6jaqqANaaahlpb9uUXaqhaeR7NMOMhKE1ofwbZaIno+f4E6jaDqt6iEWwq4/SgYkH1XW90uabpKrwR4wfm7u73H3wgK3dPWbn5pg9Msv0xCQTPUmM9K2knsk68M2haocJVZZubcjaYZcZMYiyigvCyARNtvCRSEkHylaPJTUiB2qkLu8Be1vb7GxscOf6dd6/cpWZo8c4/+wzzBw9xvT0BGNthyVJ/tg0hYhW9SIV7/aUKRLJaulwiJ2mq2tMynJf5dfKESkDYahP9bTc6ARjkGetk5+C3M463IskejnTswk289x0O2g5tMtIu5yR3ezBJpOSyNYWhli5LtOXtJ4Q+TRSp6REpiJEqVNkU6INBC36SdbhadsXrLOlhqx6OGRja5PtrS22t3dIObO8tMzcwrwlSOWkEjfVaw2EMlA1fbDOXqvvwRZp6bvCc6UDKLlvbbNUQ2a00zDUR+j0vc1DGs0FVGs0TV0VrGUysL29x/17q+ztDJmammR6apyZ2UkmJioZ2LcBaiYRdYCnQRd+WvUTUk092OH6lStcv3mLnd0hTUqcf+ppzpw9x8PVxzx6vM7M3Dxzc7NMTI4zMTFOjNBr/dC0tBEo+zCmvybL2L1/r6jTRUvE4BpyJiaJZA7QhEwKkqYqBypr/HOW9kj1UCbYxhkSsJKgNRwVDSENpQaKMiGTVShB1wlVEj0kFTqpLdoGyE5fmkRlKzq1zck5i5FXF5hEE3JC/pEOiq78lBoxI4VE1UQnopIOZVXrTFdacUl5FK91UkXrlpH6pXCbgcFwyObmJpvbW2xvbxOryNLSEjNzsyA5MrqILkCdtb6MowsGVSQilaCnPWQdUKGLFtQwH1TngmZV4T2oigZLX+utLLgJKh/L5qwJzDRtDRiSTiKYRyVZ8lDaC61HC/GUmNNS5t0FqW86CbQ3nJ9JpJJv+0mmn9pexSx6KYonFWS2aVVbaGi2wCwLRJL205qiBaiQejBn1JCqqlnYACOlKkqfRfq9Ml60eitS9rmUtkCqb1nvtiouabS+pl3Pmn6rzcviItNPUrDlvo41u3nKNu5tfIpoSPtkk2tdv0XiKp97d+9y++4DtncH7OzVnD57nvPnz9Lry+OJREy1TmtaoOJ5RgxjIUY1fCZ2d3dY39xhfXPA+s6A8ak5TiwvMjMJ/QDBXsHRVsLSW5Dxtk1PZ2LOYj4SZYDc62QpXVvNVEgMCbb4MVinoU+mJ/2ksl0w1MZhhtecbTEPNKmWOYUQZUExonspyQkdOcqSttAafPZlHKN9A6uzTW809oDMdUi7A9QNaW+XlXt3eO/9D9kcJo6dPsf88dPML8wzOynj0yoNiSHJ3EqQtk90octXqd6jDpX26aJ9j9LuNQxJQRZQx1CpAVb/My+T7J4IVSBUbQ+v6NuL7HM9YDDY5drVy7z97lUmZ5c5fuoSc8fOcHQhMtHTHllGdvREaU9a/1Rfxc9ADn2aIIYVzGSRs+pRbvt3TdvrbLtIciWLwZWtx1y/eoXr99cZ9KYIk/OcuvgsZ04eaesHy8tAVy/IPzpOpybQ08WgFTlLX9kmvxOSJjO2yPhd9TyLLmfT0UDbDw1UMoY1HbK/Fr6+m9X0uAJCGsrYk6TzbGJEzln7g5Zv6r7WulHno1Xpk0zIWue9dSN9q6zxjFQy2EmooaVTJFUNctBxd9sbUyNCkslddBI86VisSmIc3Fxd497DFZoqUk1MMDEzw+zsDGM9LZ/7+2IqG8kblaXeyEkrwRjJVDZLAIU/8rjqreWFZKKmS7XA+ts50Qz2eLy1y3tXrnH97n2OHj/FiaUlji0usjA31Y6/TBhd98haoUZyLcv8YxuhrPWOdQLVWG9xVg0e+QtFotp3WzdS5eUoeqRpsDxJQSf9sy6hSdq8kSVaGqWy/rBAupxGapVsCyT1mokPbZ5DlgFMrmW+NkRykAU10dRRvRf9l/KCGn8tp8Rf6eGj+iPtge5eH+yxN0g83Ki5v7ZLNTXP8tF5ZqdgsmoI7GrZ6FGHviyyMB1IMr+pyW5PYhJ7YGilbeSgRrCcydlOx7L8gxBEl7ppfSlo4pfpQK0LVXuEME4IoXt7ggomA1Vq6OVaNohsrbO2PWBtp2Ftr2F6YYmlY3NMVNCPUOVa22FZcDsaa4lXV0d3mbT1eIO7t+/x4P5DVlZWGZ+c4tyFC0zPzrI7GFDnBDEyNjnB/PwcU5NjMrrT98qis4md8YjiwNzuPkhHLKE6ViiTVEtaz2e6epK28i60sCMhC5uj6VpOWhf3aNTwmrLkZRWz9hS176Q5bnXAyIkK2lSmEKBdGttW1S0yplQsgqrUiUTTll+Zbw3tgjNDxvI5QI7dvLo9I/PuJgDtZ5ljDUf6dDLnFoJt2k1QJWKVoRjT5RSJWTZiaa2ubZAmICfpFxN5+PARV67eYGNzl5xh6dgCFy9cYG5uSoLP+nzrXusCgrRtQeY5NQRdv60LbNrSJvJJSaehe9qdbFvwpL1AdL66Zw2HiUPD0Dltvdfmg+WJql9TzPVJuyQGZ4mN1ZXadwilXtQiHnrk2GurvN3tAY9WV3lw9x43b91kfGqCZz/9KY6dWKbXk/nMkGQ6ssszmXNBe/QkkUJrVC71POiiJ5WxzRBLdsn1pKfHVTHKjtRsfkq9k3WeJ2nxiHqaQMgyY6u+jdTbnSFWN/t01ikpLyqz2O2I+KnjY9vxKhOr+rGGTQ2xKnkVtrYYWQpTU9cMBgPZndE01E2maeTY4rpJ1E1D02TqOsn1JEY7snbkurpSGxtZPZFVEdpM0kopoSthU6KSXAXdrSnPS0Mt/0nhzhlSllU0sjrYlFHrzig7DtpeN4jK5kyQ7RPit60maGXVCs9SoCs9ujQZZZg2uQidYYaglRMJ6l0Gu7u8f+Uqf/H1b/L+lZskKibGx5k5Ms3kxLgWRLodaKA1S1GBqKFDDOawPRjywQfXeP/Da2xtD0j1HjMTfaanx3VAq4U5yGSzpUubYF05IZVNSImQtDCD7BixmFjdGqRDapVeF0/pXMdY6a4UTUMhC8kz8SxGLelJE9bmk323HWOtT6CrqrpHM6nRHSZmjUAHDmWHKdMan6Viy9IA13vcv3WZd96/zDde+j5f+drLTB89zdNPnaeK2pkxw1KnGPJvq7sJWTTfK3aVF2luXaASl2O+MkHcqV9SJlWRCFrRBRqkQ4YeDyZpk7ILCXa3ePDgIe+8f5U/+6tv8+rbHzA9f4yji4tM9PtMjol5T+Ir/0kpUqlmK/ta4Rf52g4YgtUXNvkrcc/Iw5GgRgLpUA72NtjY2OLl73yf3/+DP2X18Ra9sT4TE33m547Qr7BM0cmjQgbWmAbI6DEkbYPeZYNUV5kcZECY0R5dO5+vAyfVVUJndA3YM9q5ypKWHGSaXQaJ2vFvZEVUkJ7bvsrN2ngpL9aQx9zoQE5lZquNtC5p6xPdbRzb3foaKUuoZJCsNEZ7j1RaNi0K9l+WKkLTnrVnK35mSWlqWNvY4L33P+TazduE2Ge8P8ZYf4yxfk/yVFcPoh30nKMsbtF6OpgxCO0zJl1EEe2Cdg6sDhNV1nzQFNrqadB6qVuQE4HdzQ3WHj7ktZdf4g/+yx+wur7F3NJJxmYWGZ8ap9emXaSvXU5JZtZcjakwlMpebJkgsTxW/Sh8ErlKvLPKWPIJWcedzT9z1006WNA5dGPRpPpFkrLbk0pP8jdrLwgVqnyR/03AKsBgA4hGYl9ZucwSqkwca+dKvTKxyzNquAmyRbtJYqAKOkMgRSuokSfJUXQy6pR8z4m9vT1WH65w7849bly/wf179zgye4T5+TlilNXmrfhH5NZqDll3vcRQUenRjG0OBPR1BIgBLQN2xKPmt4ksWNyVrGZHSWchuu4BRQccmi65bN8Ca483eP+9D7l98y6DvQGQmJwaY2K8koGkGcCCrFAWeYrPmgVt4OKjpH9vZ4fvv/IKX/vaN3j7nXd5/4MPmZyaYmZ+kQ8uX+bNd9+jJtIfH6ffG2d6akwHktokWGJ0QK8FzzRWZN3qleZ8F4EWWclp+a6foPmQA6HJBO1TacWkGjyUCctcM0yRQe4x1KC6JIuhkGC1EdLWZFn0J62Lou4IuuveciGLp9Kfs0olSBsR9Xu2tGpbabNc1h4n6TPaJEBAd8Q1cvxgbefrmV5Zl2BEVl2qAt3iQpucNJnL5BDs7u1w/8EDbt2+zfWbN3i89piZ2RlmZo9oHzuTmkydMpS7roIu9itD7IIu2mYNP8juKDEKxHbhT1YPgk5yWjsatB01/4XU9o9QtzYhmUNQmUsbKHph6S4UHUl7ztLmWN9Lc6X9MCLJ4mKLJYzyqZHYOj97ZP1H1F97rUHHdDnQDGvqwRBsHKply8apqU40dUM9rBk2iWEDDTL+sb6DVG+NLjDSGsXGjlr1tfWuVBiAGmqRCWSp66T3IeOoQm8DWl+j7U53T8qHtNftDhrVf/FLakuJh/Zbtb6y0ya0wHZ95qLcBS2mhxUtKbHaWlqcQ9DjWRs++OBDvv/qa1y5eo3Ll69wZGaWs+fOtUenJgKpboghEWPqFjWFIMaNKAsNpaed2F5/zN2797lx8y6Xr91hdxg5urjM9KQsxAnBjEUajxDbhdZWsUtdVE7sWt9efjXWw9DkiHzsqEqTivTq20wt6qIQLC6dqGTuQL43qaapG+mn6xhIEinjoqzH7oei/7GfNm7aL+xSp4oH7Rjd7ufhkHp7g+sfvM1X/uRPeP3t96jjBNX0AhOzC0xPaH8o1zKprAY/nWkx39vQQg5y+kmTpH0tG2VrK1TPGmpSI6ccVWF0EXUI0idMuenmWdrQtG+v6a33dtjZ2uCV77zE7/3+H/NwdYfxyWXGpk4wO1u1BrWQtZ+BnJAiJUTHPa3vuoBc89uuBoJMUIfQjreClYm2QCD9y9xAM6BeW+GVl1/m699+hQ9v3Of26g6zS2c5dWKmzZdKJ6xtbitj6qRGB52Fl3Qn6c9onyZrWbGwZYxq5PYEFek32XhJ6xNrtAv3Goj4Zeqrt2POUgqyHZkY2z5qyIUErZ9U9E+t+5T1uEtRe31QHWQ0nXrqjyRBjbpB513adJZx1LF3saiBpEc7avxBd7uqB/dv3+Xtd9/h4eM1todDQn+cI7Mz9HX98oGPllvxSwNrpW+vYZKekZ4n1qa9dZ91kW4QI0jZr+4qBfGTNGSwvcn9h4/46te+zVe++m326h7j41NMTUwzOzvVOsvt/Lfkd7uIgCyl346bCTYOyzQ05KibI9qEle2DFdpOJ9t2K0gfPKjxMlgeFR11SZ0uIrExeobcyOS9HaUbNBS9rb8t/C6jc5K6OqBJysjidTW6205QqAixkt2h6lubqozMO9qEGJapti+zq5tS1tMtCLKQMzeQhrCzwebWNjduP+CN966xthOYmZllcrxivEq6VFQM3jnIAhxLV9YTx2X+Lsir0lQWrWFBy6TptSxo1fKq47S2Mx4yOegLY3IiRBvTBHkoq/E9J1KKEPomaoIO3RIiy5AyMQ8JacD247vcuf+AG3fu8cH1O6TeFIuLR+m3i1e0Tx5sbNeVj5AT0U6AsHGMjmVW7z/gzTdf55Xvv8LL3/kOd+/dZ+rIEeoG7tx9wIOVVda3thnmzOT0NJOTY5KjQU9zasfFbTJ0yNBou2o6I3raACmKDLUmIGgL3S30tIh3D1jJkZ9ad2qZsn6S6U0iijFPy0cMmSraGRoSmrqWLNP6V5RR9EDyQeq4VlfllpY7q9OL3fpZI6sL5+UVTzouVhnlop6UNNpuV4uZfkwR0D6iVtZB6xVZfyibMawfCLL+pm5qCJmqCionEURu1MgYEV1IUtfIGD0TQybQkFLm6tVbfP3b3+H1N9/nytUbNE3DqVMnmZ+dbucI7T+Ju6TFcsjSp+ZNSVvQe1LxtXK26RSTrWiD9QFsW4HUI1YPJC2WdiqGidTKandB/S1/685n6Vvq0YXimeaVudN2IOvYIlSEqlu4v/Fok9tXr/H2a6/xza9/nXsrDzl59gyzS0eh6omsrX7Q79jYX73vdrRWI32pVlQhyKInUQa9r/FUgeWU21Mhsx7NL2mW50qds7DJUoZQA6v05brxSM4yoy152JU9acJ05/joQOmnio/N8IrmW9737i1RLqk4UhKFjSGyt7vLxtoaH77/Hi+9/DJvvvkW77z7Lu+8+w7vvPMOb731Fm+99RZvv/Mu774rn3fefZcbN27x6PFjBsMBY2N9er2e6W8Xj2CNgRRZm/9KxWRxL0QtYENZYRDkWBHb4dWVIdEgGZDaaiM5/kOuy5NWMFGlyXb8hkSoiKCsbu3Gxm3plypLFbb1p72jMWkHXSpXmxBrtINOw+bKfd59912u3LjN1l5i/thJLj71DKdOnmR25gjjfatoaAtD23JY4CpDmdiXNUUb27u89c4HvPvBVfYGDTHXLM5MsTB3RHdGWmUY29UelgapDGUyT2oyaSBijOQoK4MldP1PG4dkHYPWKAQVsrouIDP5YswyWavM9EcIAbJUqG0+BC3RkoltlWtJty/y/laVk1WQ9t6FLtsUbWTVcC8DqCCDrzyEZoeNB7e4ff8xH964x5Xbq1x8/ou88MI5xnow3rNVZOZrkRAdSGUgRFkVLJWZXLOjBFOrcCZxlXppBGx9184/QToG2iCHIO8aMTFJPLLk72CXra0t7jxc560Pr/NwY8jp809z8sQyM5PjHBmXxQWlHLM2YRIt67XrBJSWR+t/yDMay1a4+g5WnbQX0TftKuBmsMXeoOHdD67y2pvvMzlzlFMnT7B0bJ5jC7OM9cuBpuRJTl0wCambNKRROVmcgrTiUoTlWTlyV7stWvATWVatWTFuV7eKITDR7YowmcS2YyoaLOVaR6iajxlIxSAbEKOrrm6WyPfbyZSmaPhEV2VXgHRLtDMMhzZidknKhEy4t/faj4VZNJyoocJWnA73eLjyiNfeeIsr129R9caYGB9nenKSyakJok5ASWAm04ocZcDamHywjoQeV2k9COte6SCjSVCnJPFox5ia90HbBNVxrQ2IOTPY3GR3fY2blz/k7XffZ3J+kTOXnmf66EmmjvSKydOiPFEam5LuHJdV8JmKJsvO2lZ/ZJ6kFaJ1UND8LPNVBoaNGp9kJ0BbUOgmHrL+zIXRNSOd2irI5JAsJlKPER0mSH0oxyWqX8V6UZAOlWm35bkRdLLS6mUsj6Qgdbmmk8ZSbkSfk1UlWt6lnlE56EAuhMBgb497d+9z88ZNrl29xsOHD1heXmL5+DF1V4lY6FbW5QAhmObENh3iedentR+6RlR/R0LoEdBFVlY8bA47SPwa3SFr9YR4ZfVCSalrlr+y3lOkEnj4cJU3X3+HG9dvs7c7IMbMwuIsMzOTOqFRyeRtlgkHE3agqyxtYkOMWJl6MGB7c5MrH17h9p17LC0f59z5CzQJbt29y/Wbt7n/+DFHj5/g3NnzTE9NMTEekQPLbHwsuzWtjNmAuU2wyk8mAbolHFlvd/VHpzgZzXfTFS1DYkCw56wcDRlur3Hr5k0+uHabyzfuc291SBybY3pSHu32mZjgRXNDQvoFnTJD1mOFtJERnRE9tcFDmTRzBirmgBXKVgZSXZUDh45Hq+tcv3aLmzfucOPGTXb3BkwfmaYvK4C6icVWGorqsQRTyF71D+Tv9s4Ot+/d5cbNm1y9dp21jTWOn1ji6NEFmtywtbnNhx9e5v0PL7O+vsXesKGKPSbGe5Z14l0bhy5zgrU/GS0EUjY4bOIiIIPmDDnrBLXKS8SkaVBSliULlh4VN1nF2zZ3+/UtaN5KwSdrx7krV4KJqRRXhz6pfo0I9JCnnZ8VrL+n/QRrH6Po7872Dm+/+TavfOe7vPP2u7z51tu8/e478nnnHd55+235vPM2b7/zNm+/+x5Xrl7n5q27ZMaYn5sBratikB5NzrEbr9gw1cqi9oOkMtC2s5icaDXV1JmgOl2WNWl70D6CfcpGSoq7RkLbXJOEBdLKpF1sbOWu2wWRrfRocxE0eIuNtMk2/ujK2qNHj7hz6zZXLl/h2vUbzM8vcOnppzlz7jxHjy20VWpGJm56MXeL0XIiU5HiWDtmlJo1sbX6kJs3b3P95j2uXL9HEyc5deo0M9OV7ExmoKcpSP+gPATRJI/WyuK1NQg6+WVdfau/svSHJA8t1YUxSutSS7llQ1C30g7ZxJWMMwnSPlaxp3WxuGz7O4gn5k9bpVl8SfK8umnr7KxGMzUkoEf/Wz+bekDaWWfl5hXeevNNHm8PWTh1niPL5ziyOM/0pIitH9CdZWIQlV1zEmfxSYwv8oi08+2tIoYJW38rMhDjTK/tW7ddSZFQ227Ks+J3F2QghEwz2KXe2+Lqh+/xxpsf0J84ytHjTzOzcI6F+cBEX43e1IQwJEQxUtl/ATmlQ/JPjNzWo8zW77C0tk1bEY8ineLXENKQsLnO1fff4/Kth+w0Y9T9eU5f/BRnTk1pfwgqBkiqCklaOk1qAXKuqdOQHGURQtK+e9fSdgohUZGTLGT+w65aqKrprZM28m0Zt7oKi4/mgXRUTM8LY7lGPus4N6t/FqqMQS1t6FwJukNR23k1HObc6FA16nu2u2BG6zaLernAUse7Nm+g4/dyJuT2teu89sZbrKytsbk3pDc5zcLRY4yNjZZbVdGuqm3lpYatLNuM5HScoLvdC0NLKW07GSmkzgALbR0vlbNqXRrS7O2wtrnLa299wHsf3ubo8fOcOnGaxcVjLMyPg5YVVVkI++YFsshP/NYM1OfMYKcRAIIaUPW7yjToE/aU/M2y81139ZEjOUkFGSyfQtDxufgibZxGQYTReagjMjGk0hpd5a+2H6qUVi22u9yC1MMBrXesztQ6NpvOWVAWtM4xmuzbeql4SPoFUU8wrIEheXON1UfrfHDtDq++/SG7eYLjJ44zNz3GZD8Tw1B80VcW2fJyi4Ps9LY4yLxGNxYuPsEWkMsioTbrTDeDFKQc9LSq0uiasrxOTB8OZELoqzGpm4LNqpw5QI9IFWoIAzYf3OT67XtcuXmPd6/eZmzmGKdPnWaiH+hFZF+mxU/nAwA54ShYnWLzWjInREqsPnjABx9+wNb2NsvLJ1g8dozhMHP33grXrt9kY2eHhaVljp08wZHZGcb7lczf5poqJHl1i3YQcvuP5J7srm2VT+RZ6TyjLUw36SbkNJNWWc2j0ba2rUeQuTyRuxU2O/WhC1b2TIR2U1fQebRyIQbJ5v20dtA+kp2mCUW62iiaXth8mJZptL6UBl4vywjZdNmafImnznVrIDHIguVSbhqyBddelgUA6rKcGoiBqheIsat32h2qbdw1tiFarJCTvWRB4p37q7zz/jUerm4zqDOLC/NceuoCC7PTbesmbYPJQWoUS6D0JyRtMsOCbu7SSGrjJacmihdmUG3LFYmYa62TK8lfW0ykVYW1TRaDtlZRGRdR0t8ZZCZMA0V2DKtMOlnIc23aQoSqp2mSq9vrO6zeu8e9Gze4dvUKYazHxeefZe74EvT01U2mGZZRoJ3NpN7bhgAtQ8Vzovfd3Jj0iaT2tYngYHHTDYkg+S8L7Lt5uSxVUyEnSUVAxjUyZ1UITN2Y+lm0AjIGGJ3rbv/5qaFsez4W7F0k1iE3+eSsx3EQCKFiZ3ePh6uPePWNN/kv/+X3+U//8d/zn3/nt/k//+2/5nd++1/z27/92/zr3/63/Kt/+7v89u/8Z/7d7/wnfud3/gN/+oe/z3e/9XWufvgBmxubsgu2XKsQKnK0JQ2m1NKBs7qpCnqmto3wVGlsCIdleIaYZL2SrHKRItTokcHWaCUtxKZwCdt1i8bD/JXOihxEUjbxtkutkFd7x1ImhcCUM0f9qOGtbuQ4HnLm0aNHvP7mG9y6dYvjy8d58VMv8tzTz3Dm+BxHJiqpUjKyGzdLaBnZri89A/vYoFmq8WYw4PGjR9y9fYv79+6y8vA+29tb7fsAJOLW4SkmsC1ZliiyRKCSQlgFlZDJUI1H1lCJDHSVZJLGDKQSy3rCdKOVqH0yVgMF6Xxl+a49vi4eppfWsdbLKcv7QpskzSdRzlLvVbpj0FZWtvGOpBjbo8aS7riSXrFoRYWs3g4BmVDRmim0bZy9cFxXI5uxQo0gPeQIrKJ5bvN/2Og7J4r1QbqHVfRHw0lmqKWioU9Dj4S8y64i04/ZsqVAFC6HilBNUPUnoRonhR51Qt7hmQrhZamsu/2cemwDfTEQarpjUD00l1bo7Lghbbhll5s6yyrchGhl7EEl/souwx6x6hOjvTPShCsdAVIjL/XWxrpB3mHR5KJj1Cqs/I320TRFKtkpYBHTSYjUdvSl8U85tkY40eOueEV0IiTr6uGsI5Kqat9jk4jUVPKepSKPesjRZoGgu6t74kb1xXSqilrXZd0ZqyuN27C0S2la0kTZcZpiJfWRlgnTc6kWRI/loyva2sZWA8+JYV2zub3N3Xv3uX79Fnfu3md19RG7u3viZ0BlF4s0WF3TVUFWJ8hFzc+MHmskkkzIcVaDOml57bCBk6U3tEM6SKnLoxx7VL1xYiUGbKOLSybaBIYouH4q1b0JEuO621WMnqrKrepJQkbVywhJVV/lmO1oqIy+sEyOAEKPEO4mQVSHNd3i3jpURZkM9ltWnDWppkliDLFUlXpaVSru1pugkpBAc1HPSnjFJIQ1ANbf1YGdlDV7P6y9/1JyI+WGlOVI85wbtre3WH24yt1bd7l98zYba2vU9YCca5mEQ/3M4qcc2SSxEfWW92eD9jlNKDpi6I5ACu3xdrldxCJpknpaJagnHshEkORgNt1sMcuZlC+TUWMTS+ITkBkMdnnw4B43bt7gxs0b3Lt/n92dgR791muPqW3DTtKnsi58UrWokxpgc2Yw2GNnZ5sqJuZmj/DpF1/ky1/+exB7fPul7/LhlWtsrG8TQ8X8/CyTEz2diOzyOdVSP0o0rX6pIPZl9XauuvfNZqQGyVA1UpdHPeomqGwaYADs6fdGAwtSAZJDo8dcJ1XoHpubQ9579xovf/t7fOvr3+K1V77P6sNVkDcfaL1ju88rAn09FkjeFdpWAAEaGurcUAc5ylw24QQ5Dlsn6Tol1qzLFNPxoiMgfcqGimGuGOoivaAa3CNRZXi0sspbb73DS9/5Pl/75su8+/6H7OwN2gEJdDqIDeS1i6DrvDqC+h4k7BwjdUpsb2+z+miFu7dvcPf2DXa21sjNLmm4w/raI15743W++ldf5/uvv8XV67dY39zRFcudvsokgvWc9arWxW0Nr2FStltZ7oohRHSl0eOZbZJa2iCLO5BlEjXkhipYK61dwEaPcNco5KCv8yg/MZLtBAjFql9rJ0yHrb4dxSrLzv3od+dnF+uAy8LaKuiyxgzbW1u89sbr/P4f/QH/4T//Lv/+d/4tv/Pv/w3/4d/8Nr/z2/8//u3/8X/wb/7Nv+O3/91/5Ld/5//k3/3Of+L3fv/3+cqf/glXP3iHpq51dw+kLOWqHBdZv1LqIBkT5gxNjlr2pB/Y1Xmi22VZk1Kg7ttPmzgZR2jb25ZP3Y0o9bzWc1YcisFloNLFKYEQpbec9ciwrNWspE3bf614rS6zCfy2SGpBf/ToEVeuXOX+vYdsb21z8uQJvvzl/4ZLT58lRm2mrdaNUSaMQ0/GIE0g5dEdL0KgHgzYXFvj4cMH3Llzi5WV+2zvbFHX0DS1Ho8KUrtLv3ykD7PPP6swcyHHrBWPpR3QfoxFqPBRxWqfaPWTySjLCUrt+BTZ5drr9XXRuvqXG2mXinoP6/dFGSdKINYHq4m6S8B0RsLThlcXhLXDfyCnRFMPaZohMdT0dMdOzKJslh9yrOwYKfdpUtWdQKY9qEjSHaV6etO+CjppH7DWcXugItKnCuM6ViwkaPLVsiL6V6sBRMIQQ5ekNBFJuSLEPr3eOCFU1HVNU9tEabkbpLVUaZihHdU0oaIJcqaSPd62N6YoKcnL4mwxeFmWQfppIYrxJVZQ9QlVn1zJyE3KrkYl5fYEsEDR77SExzEIE8A4dVOxV8tYX1pS6amIwdYWTHZvbo05Exob96kit5NHIpUmBOoQqAPUOveiJjBJv2WKlenQgzgO1ZgMFCzRqt8m6/Z7W73IIsEUK1LVo449qesy5NRIXEOnSTKvJfMhI2FoPlZyWu2BT0B0MoeKXPXIsU+iR0L6sNKviGxvb/PgwT3u3LnD7du3WH20Sj0YkHXzqvVpg5aV0f4NUiu3hkrTJyk3lcx2aA6JCMW9vL6nHfe2H83wzEj/MAfIQd7HWdeZQI+qGqOKfem7ZynyVbL5oUaiFrTvHmxuoCJVkcayXUcYfZ1LiO2M0WhbYeoedK7GPjLLZLkRitmmro9fBe3n6VMpy/HmMjFRdZHPNeirw2T8rm2lLne2OEi8JVzLAtF6+RusztCPTPfoyRG2Y9CURyeUzGhodU5ZJ0Ztf2SBqHoaoKn32N5a5+GDB+2JTNvbu9R1JmUp8zaH0wZpH1MTvRGrSKyKRcJtytpZztatxaLty+tFm9Mozv7T+ceoc3wTNGGKHPtSnWToNRAb6CXR0z56PG4Ug8/OMLG6tsmdew+5dv0mKyuPGA6lLyPRlH6TZIkcGYuOT1MIpKiGRPsQoUnUwyF7O7vMz83xK7/yy3zmc59jY2ebt95/jzfff4/bd+8xMTHJ0tFjTI73Jd0pEZLodYzd/I2NMVMINPSpGZe5nKz1RZC5zKp9E6tcbrKcdzCM0LTz90E7Hvopxn+tBtowgkIdinY5FNPLMkLt63wQUkJy1l27jSy6sjksLf+tlmWRqbT7DbE9Q03mLfL+tjVWpNgnhwlgQsfEGjcbWlsdrMqecqDJskmgQcaysvkmiO3G+nOh6eZei6Q3GQa19D16/UhVWSlXwYxocKHINtjL0pZkKmnfYk97D6rTIUjvLEtnUsarUk/FDOh8ShNhEAJDrXtMPaX9CO0rdkRfM1XOXR2WGkIzIOSaoBtcZFZTatKEnS5SeEFWIaILSzQ8C1gvZZ2izoQy93SxndU4Mh9N00jfNAMhSh+h1yNXo/1T9DSrXGdyI/NRdV1TN7UaSrt6onUUxCDdBJlLziHKpqEkFbwsQGhngEGXqTTa/orUJV8zugAkaj9J+36iG7K8wNo7+9uWF51HSroYRep3kSZZ4tG1LV06pC8kfYamXcRinv708LHteLXGTYTVrTArCbqygyDHDYUQSSkxPtbj7KnjPH3+NPPTYzRNYkjFXu4zu3yeZ174FE9fPM+Fsyd49uJpnjp/hlOnT3P06BL9yclWx3JrWAq6MwWg0TZC3okZctdpE2qt5KRz1nYa9DnZsWirBTXu1ui0SjVav0j5EQUPQY8zaHcQaMHTCEtVUvihk8li9JCdsda1lolQcdoWXf1tE80xQG4GECKLS6c4c/Yplo+fZWFugql+oMrQU79l0KLno4cg54mrHK1RTxnItTRySVZsz80tcu7cOc6eXObM8WPMzE5rzS6rH+VduZIcq7CDZRJBV2HpRGu7Iq6T5UhlQ5bqMDft0KI1SGhlaGOIcnLRPiFoQT4kr8QDfU+QdSL0vrhXw7O9k9fQTrEY47sVVWW4FrcIspMn7bK9epe7q1tcu7vKrYcbXPr05/nUs+foBxiLyPsVYk86LjoAaqOkRxcFNIM0EdIxl0YgVWWnpBYDf6ATkC4WyBF9d41UsGRZ+RSzrBCSvNIEdImmGdasb+9x++Em71y+ydpO4uLTz3Lh9AkWpieYHotaViR+7aBYV0JSHFemXspKFkmUGFtt9ZYeZbNPqjo7LUdbEGHQDNkdRj64cpt33rvO7NwJTp86ybHFeY4uzNDvq9sRWdqqn6IMqfftQ/pH2n3Zxa/FXo6pSXTHNAV0kC0PZHUnYal3mmXWgHfDb52k0LJgdUzSAYzpgeVrzDI9EIKJRUwQKUs9kjRNFq40gI00n23vC6RWiQxzaHfIighG6zeNdreYLsiqT9HFoKudDe0sIe+RSFSE/gRHj5/kwsVnOH3yBEcX5jkyMWaPa0R15aT5oum1SQ45QgfRHTOY5SBpsIGT+iUrqVTWkhpZ9aYTkhmZKMjauO/tDNje2uLm9Zu8d+U604tLXHjmWeaOLTMz3WM8asc919pNsHKhC0y0MyIdAulgyfEaSWTfrv7vdMDySH0TVQ5aheqDIaCjNO3CBDo9DlJ3y4BD2zxNU9sXJxTvwCoCssFZ6I51lry3VmZ0YNMSuiJoi2JsGlMGNrkzvGLxlmPCE92776xakeTo+v6AWp71nTvq1dT4NEcXljhz5iSXnnmKo8fmZY2FHt9k/sZgAzLtkoWeToYIsSh3MhJB6hud6JHYa/lB2jxbU4EdpYLuDAoqP62DA5ZnWcpylim1XOhmDuhKfCkfOcurE0Lsc2z5OOcvXODs2dMcX15mamJSd4nENv5yrFd3FLLFU+bPRCsjiZgaeiEx1gvMzy9y7sJTHFs+CXGc6Zk5zp27yLnzF3jqqac5vjRHL0q0o+mfpkVWL+pJFFEXs+miNhtIB4LWxTp4MGXJIpVsdZfqSVL5R9UreceurTaQ72lYs7u1y51bd3n11be58+Axx5ZPcP7CU5w5fYqFmb6+v1iP8go9ee+Zti1ae2r+yt8mZppKTyLQgYedoBBom/Ku7AU0H4ddoyCFUcpbCDS6K98eD00tR3TlwK1bd3n3vcvcW1ljfWOTxaOLXLh4gcmpMXLWgWPbGRJ/jWAysgISNB+0PyCTKVKPT09NcvToPOfPnOLSxXPMz05RD3ZZWX3MG2+8zbUbdzkyd5TFxaMsLBxjZnaiCzGghtNaFAlZDGlTDCnI8VxZMywjguqmwlLbAw1qIGoO9FesdMiF2O7EQIy9OelCFmlHU9J2U8NOVk9qURupL6EbhGuZD2g/+0mEUPjAIX+dnzm0HkLHra26Zqn367phb2+P8ckJTp46yenTJ1laXGB2cpLB1jbr65ssnzzNhaef58zFZ7n0zCUunD/HuTMneObSWU4uL7fvQpI+moarxVvGdloJ2c6hWEk9owZIgKrt+6vmB5lwautTkp6QkdTzCopxSdHLBK1xKj09ph3XWIeVojPYlif1JTQyQWZ9XE1DFfQowJCA2C5YzVrspH2EnGt5V2nd0O+NMTczx9Glo1y8dJHl48eo+tLPsbFY0Lh2ZVt27eTQb+vEtp+YErEZUFV9pmYXWFg6ybmnnubc+VPMTkX6MRF1lyD0dSfSaL0ikZRPVyujE06j9VCJDEVUPrlp3xkfdDdMi/7I0sXRxbeWXq0ts9Wa5eRncdqWepO0npbehslJ63RLkfVR2r6PpCXZpKBeixmo92h211m9f4P3P/yA7SEcP3ORxRPnWFhcYHaqm0zTTCLrfI68ogWJb+p2WZUKli08HQq2bW1GF3d34ybLD+uTRCAEWbQuuwqlDyfiFAMpKTEcDBnsDbh25TrvvH+NiSOLLJ04y+LySZaP9pkckzSUMkpqKLC+ezcB3eVzKPrVbdPdzgnpBe1AyEQrMk3Z1IScqHe2uXz1GtfuPWaXcZiY4fzTz3Hh1DSyHDnoGE3eVx+K4icfae1SiDS64ytGXXAmJaA1QAU1wZKzTKiqMVd80rkTHY/b5HBj76PTD0AItbbhlrdd3kifU3pbgSA6nwozXVZjvOZz+bHeQ6MGX3RHahV0vKI7HjNSvkEW+mWNb1tfgRomZMeWpLusbywvzLgmn1Y+QBrs0Rsf5/jp05w6e45T586xfPQok2MiWRvZBi1KTWmvbg2Ykl/SXW/UcheJWd6xaNG1smrltdMtcyy5Jze0Q0piWA9Z36p5671rXL35gJOnnuL0yeMcnZ9lcV4MU1IHy8R3oNEIW+9ITyjS+Lf5SyamWnd/RzXDSj+urP41G9tFwcFkXLQsklc9OS3Qqh1sMbH28azd0mEDudwxKwsoaMuezkMWOidxRutKaWt0n1snxxxkWrF9WIST0fKAzoGQIahhoagLLZx2LKQfgJi6BR8hDaiqceL4DNNzxzl/6VNcOH+WhdmKibEo6QqiJLp8RTyxaiJ3Hrf1XdA07EPmxJL+0naocEeQGlDeRB1JKcuClizzsE2IMmZpl6l28bC2W/ohsqtUdE/m5+kfYWpuiYXlszz17IucObXA1JjteLUYWbwlUWVbmbHjfDUjg+hEv9fnxPHjnDl3genZOXoTE8weXeLEmTNcvPQUFy9eZG7+CGOVnLAgranVL6InUm40nIDquCyyb+dydSGaLMmxo22lbm90kYmJXPJchCItkQaltW/b4zGhU3QeJBPan7IQDa0Dpc4R3ZMxkPS9rDXt5gisrAXt18SgC3t05XhIujAlBqmDY2g358gpZBJT+c9aBvGvsr5mEX3UXZbiQTbxhqBH8CfItWxS0QWBZtM22duaERGlPG8d3aDGNikLZX9GPJA5EjmO++79x3x45Rrrm9sEMsePzfPMxfPMz07pIN0ir4EHPVVT89GmmLGykdHxq+WBTVFoftrC4ygtQ1bDYgqRTF+2OKl/QfVEJCKbA7rZBrlhz5RRNBl1fTRpe9rxf85d71wX4zRU1KrLqfAnAjubuzx+sMLKvfvcvX+PiZlpnv30Cxw7tcxYv8849p5XMyBBU8n8bmM7fVUOwd6cFDIhyol9oR0vSIkJevKdOJNNGqoVquuBSk8b6WYD0dNIJerZ8qNNk7XLJpPRtoWMGqetrhe6mt7qyp8uPkbDq0xkRuuIW+ulIpbCLIqaM1S9HhOT0ywsLnLh3Bk++/wzfO7Tz3Fsus/u3pC6mmTYP8L5T3+Jv/v3/gFf+sJn+NzzT/OZp8/w1PkzHFtaZmxymhSj7LpL3UrKOon6hJhllyFZ9iTouCiY4TUgRrHcQO5R5x611q1mfZfVWEMtJ7Iz1XaD2SfvK3T2M0iZJ+dASrU0yDGJfym3uypllZQqdNINTkOZ6K+iNIo5ZwlXB7W2w8kqyxh1dRaJsYk+y8dPcOr0BY4tHeXIzDjjPTG6xgairtSETGOrboN0hocpMMxdB40kHfiKTL8/wbFjx7hw4Sxnz57k1PISR+eOEHtB/ZNdWrLzssv+nFXEWYqv7HSppQrUVRNBd3s0aGVqBS3n1ogoL7O23ptE0CqBJozmhRXsoJMMIwW1zSDNJL0r78SUeCaNT9kYAtKJaOT9JgFrkEQnhpp3FoZUbFH2/DQ77Kzc5c7qJtfuPuLWw02eeuFzvPDMefpBOhZVHmIaOwCGqj/SRGd5v4QlOGXRK6RirXXwFEAalVRTJZk8lvGwrMaTgaY8O0DiGzL0gsiZRhciYD08VcoEe4Mhjzd3ufVgnXcu32JtN/H0s8/x1JkTzE+NMdUPEketbWVePpCaUZ3tZClHS4Yo709NyAS5yNuqZ53czzZKrEnNUJrKALt1w+4g8sHl27zz7nVmZpc5eeI4xxZnObY4y1gPSWDbAshAoCm6q422JqnIO7N75JSp65qc5IXiAXTnm3YkpSfUld8s7/iT3c6SUBOjzUNIJzd1ja6uRpZVurJSq7YVtqrLEd1JlgaENACrJ7Ls2K2TrVBq29y2ayDvC7UKSxQ7Zxgk2EswQBvlspCU1bfaLWXybwh5F5ohKckKczP6AmRdLlz1KiamZzl+6jQXL13k9OkTHFuY48jkuLzfJDWapbILbag7OdBOgdncZSek1BkhiBE8NzLAla6TpLvRDqkkUYxkVbA8bwhNI6tps+1ylTB2todsbW5x48ZN3rt8lZmjx7jwzLPMH1tiZrrHRIRezsSkE5uqR01KDFNmmGW1+FA7FQHkkNggq+isR21OrY6TQZ/IICJx1W6c6JSd2tDWT1rvmGEvyAkHwwy1mvCTddiRjnbQiTARqug+bb2mK8qTrPSTyRQte9alTKZQba9T3Khe1qovsphH33+T6jbNKUeGtbTLud29r0mywR/WccvtQoQq9pidmuX40knOnz/PU08/zbGlefpjkRBlBXyTYZhkoC+TMdbINOQUSSlK1tvBCqbU6KKN1NBo2m2nRJOlTCUdlIrhVd8TlcX4mbOWf/VbjH5SpsGMWVlPxahkUKBlQ+riWhabjU9y8uRJLl46z4Xzpzlx4hjTk5Mqj7IgNloARULSZ+hkivofyIxFGB+vmJuf5eTps8zNH6U/NsnCsUWeevoCly5d4OLFsywtzTHRl4Voue4G3yYhtC9XExiGyCDIekjaQV3QtriBeqB1vtbRTZI6n0gdYKDtjPlt+plTLRMKQeSWSeztDlh7tMm1K7f4/itvsbG1x+e/+EU+85nPsrgwyWQ/UKWakPY0vIqcelKW1CuttqFpGFLT9GRRmZQanYzKKrQs6trUXdxEQ4eQ97Td0TKbg5R1RO/VTCIrNZs9QtqFDDeu3+HNdz/k4eNtdgYDlpaXeOqp80xNTOiuTzXxq9/o7q2sbX3XHZE8SLk72rtJ0m+emznCyePLPHXhLJcunmVhcYaKmt3tTe7fX+H1N97j1u0Vji6fZnn5BPMLixw5Mk4u5B8YQjOQ02mQBXXS7mirq10sK1qkmh61lNWkK3RTIoVInSuRTTsAF3TMqyM9rUCyNiY2mUAgNHZih5TnBmkPanQ3l0bB/JUhe2NTFlr2y5BHsQFnSVfTOT+7yGk3OWdiNH2wfm8m9irmFhe48NRFnn3heZ5/9hlOLS2xcGSarcePWX28zouf/3l+8e/+fT79+V/gS1/6PM89c5GnLpzm9PF5JifGCdjJOYFaq0i6kHQHno4xgSZXUu9K9KQtt4oqZdmhUCxykHa+gbTXrZqnO5VJpoplLCHthO5EKsdEWcuQ3G2bHCn3SU6ZyEM9mlJ3SWjXILR9jhrSQNLZwLCWPmHb1w+QGJKazMT4JEcXj3J8+QRnz51jYXGO0MsQE9GMBSqrrtqQAJOe92Jdk0r7H6SGXr9idmGRk2fOcuHSeU6dX2LmSJ+xCsaqDHlAbpLKsCd1ueWJteeNfLG+WE62m78YK+hEm/VjcpJJ0kAtx4MmObEkZ4ln63+R/6jhHG3vyz4R2V5RooOzKKtf5ISWbmF2HSRfc0IXxTT67lJxamM+qd9FXnWGofZxdA286OBwj7S3zsr967z/wftsDwMnzl7k6PFzzM8vMDWhXcjigy2wR3VFdxVL3FV9tE9VJ9sxIYKVvjykWururO1bKa+gE8YEZII0SI8fat0prGlKmbppGOztMdwbcO3qNd59/xqT0/MsnzzL0aUTLB8dZ7KvaU1DyPJuuTplpIdsOzFs30dXIuLIfJDmX/uEtmkmAkRfhnVDbobE1LC7vcXlK9e4du8Ru/RhXAyvF09Pt7vNpF8vs8eyG8n6HZrX2gfJMcox1O3ySjFCWDztIw5lp7QqsgirQXaNN5Fh0h2utnNaUyYjgaE4Q04RsSZbeug62Y2MEWISvZf+NzR1kqGK9cayyCmTaLKEu6djiKjzGxVAXdPobjCJqhiumlpOdAvI5gKpUuT9uaQkp8vJoIZANzfXpFTIrcs6K9vTU1OcPn2GcxcvcvbCWRaPzTM1XonRtUEMHu04s9gNrP4nKwMhyiLxVEPTiH0uRaKetZyAYc4MSTTt+3flX52KB60fUtOQ2zLUsDcY8HhzwNvvXeP6zYecOHWBUyeWOLYwy9H5MV30onMpyfriOh+VYzufZ3FXLSPmTExDnduUDqgsxNf+n87XZDPQqcykUKjeI/OIIp+ejMVDm93QNMS6JuhrJhpkXmOYZGzaC0lf0aPGPjvhS9uQRuc42vrADj0JtRgk26OJZY7LdNume6Te0Dol6ZynKnNS2QwaqdeNoH3ekU/OhDRU40JD6AXGpudYOn6OC5ee4syFJebn+2Kw1/lakshFxmzQNFmHpzIXgBaLBLKvXBcgtNVKlqOCm9TIaUfQtidWJ2R0gbC0ZOQsc0/1IIMuIqkz7Gn+V0F2RssbeYY6/yZuQ96jqQdSYkNkbGKauaOnOH72LBefuciJUwscmajoq9FVjCVirpLTLJOefCP5PNT0hRyokiYqRsYmpji2tMTy8gmOHJlhcmaWoyePc+bSOS49e5ELF88wOztNv4r0gxheewStZ5t2EkHmcVS2WifZGErm2Lp6nlwT0pCYG1LuUxPkFCZtg2KAXmtQlLjaomzTAZA05sY2pkjDlhtpP2xOotY5kkaqI5saRBbiD0U3MvLKiUbn+VQPkoZl84SBISHV7TuxZSG9Fq0Aw5AZaqtfF+2y9BmtzDZS32WZs8xJ6sNWblaXWY0U7aQzlXezR9M0DJvEsM6ymULHq9bY2NdA0jmgpB7p6QKgeafzIzo33CTZdZuI3L2/ygdXrrOxuUUImRPHFnjm4jnmZqe1bSw7H9IfGxLYs75w122XIg4EPbEza2GT1ihr/GpCTMSQyGmou0bV8El/xC+0XyKnqg2JsSHQ0zSI4rX9QdBjv7VUmi1D52TF6K4VpFT4qqOSJ3spsKcl2sat4g52N/Z49GCF1XsPuHf/HpNz0zz7ohhe+1WPMQJ9bGK4oc6ZOgTZERxUhFZYtGsZQoI4lDPJgth/miwGaOtZWLlI+poUm3cmaXpio+eaWeOodVuSjRdWHlRUo7qO1EnW6UqpoamHegS+Gec7t5TzpCrunwZCzjnvv/jjwBpHVAFzlsZHVj/aDg5pdFK2kQvUdYLBJmNpm8Aed974Ln/xnbd5/fY2H6wmzn3h1/gn/+2v8fSxHrNsc6R5REqJh+t73Ly/zv31XTa2dxgOhxCgPzbG1PQ4y8dmOXd6mfnZcXKdePxowNUP77D+eMjckVmOHZ3k9KkFpmcrqPdYXa959/I97j/aYXFxmeOLk5w8Os3MVGRj5Q73V9e592iDB+tbDHKlq0Aysepx+tRpTp4+zuzsNDPT3c6CoA0UCT2eTQxNmw9uc/feY1bWd1hd32PiyCIzszOsb26wurpC3cj7U0+dXObi+TPQ7LGxucPq4y0erm6wN5DO/cLRRU6dOcPC4iJzM30mKohpwOr9G1z+8CrbuxVTM8eYXzjFieOLjAVYW3nI4wd3ePDgDnuhYX5pkTxW8eDRIzY29ximSH9siuWl45w8Nsfy/AyL0+OQG7Z2hrx3+Tq37q0wdWSGo0cmOX/iGPPzR9hZfcC9R5vcfvCI+2tbzB49zsLcHGurq6w9fgxNomHIiVPHOH7qGDkOianPg9sPuX/7IbmWIePs0lEWTiwzt3SU5cUZxkNmLA/YXnvI45V1Vh6s8eDuGsM9MTqkHuRexezRRZZPLLNwdIHZuZn2BBw5YkJ2c0otaooqetkMatY3tlhZXePuvQesPl5nMJRib5OcF86fYXnpKBNjPXoxMNzbZWdjgzt37nB39RGbew07daIm0gsVszNzzM8tcPbkSc4sTUNag8EKD95/je99+ICvfO8y33zrNl/+J/8z//Qf/Aob966z+eA6Y80me7nP5MISU/NLLJ48z4XlCaaCGDaGK3d4uPqYew9XufvgERPTsxxZPMrq1jb3Hj1iZnGJ82eOszDV40gvsbVyh9u377K+ucfuXqLOY+SqT2/6CJOz88wuLXPqxBJHpyqmaQhpB+qG3Y0d7t5f4cHDxzxe22Bnd5egs/Mp9LmxsslXX36DR7uR3/jNf8SvfenTXDg6ydGxxMbKbR48kjiurm0wSNCkHsQxemPTnDx5mtMn55if6XPkSICwB7qjyo7UtYMZrANLA+srj3h0f5XVByvcXX0ghuZeIE6M0Ruf5/uvfMA3vvk65y68yC984UVefP4Mn3r2FFMT0rDtbW2zubHBwwcPuXN/hbXdmt0UGcYeoapYmJ3j1PJxji4sMD87zcSYDWigqWtAVqpJ5WYFPJBSw95wyNrGJnfu3OPByiqbWzvs7dXEWNHrTTA/O8fi4hFOnjjKsaOz9KIYXpvBDlub61y/coVbdx4yNbfI+PQcj7d22djapT81zcTUDKfPneepkzOs33/I2r0brD+4xb3VdVLsk6pxJmcXmZ5ZYGt7j43NXeYXjnHy2BxLC1MszU+RBxvs7mxx//4Dbt++y/b2DjvDzE7usRd6jB1ZYG5+luNLRzl18jhHJmQ91+bagPu377G++pidrTXG4oC52T6pWWdldZXNnUAdppiYWebk6dMsHZtjdmac8fFMXQ9ZfbzHB1du83hjj6WlkyzPzzA31SfWu1y78iG37j1gSNDOYyDmJEfeZBn0VmMV5y6e4+TZU1T9SC8H7t2+y707d9jb2mVjb8AgSyd6cnae2SPTnD55gtMnTzLWj4xVsuI25oaVe3e4c/chDx9t8fDRJk2uqEKgFwL9AO+89QbfePllLjz/Kf7eb/wjLjz3PKeWpzjSg35TM1h/yKNHKzxYecT9lUds7e0xzBUpTkJ/iqn5JU6dOM6JxSkWpiKTPbHorK3u8cHl26yubDM+OQ29xPbeJoO0CzExO3WES+cvcnL5OD3dAYEaPXKWCbHNR6usrTzgwe1bPFxbY+n0aeaPLXH7wQNuP1xnL1cM6f3/2fvPKMnOKl0XfVas8N57k758lTy+d+/u002zAbkqlUreIJCQ9wIhIYEECAkkvKexDTSm8Y3dIIFAIK/yvip9ZkSG97HMPD8iS+o+995xf+0zxh67vzFWRVZkRmbEWnPNb77TvC+uQJio18VYOs5oKrLapWug97r0+12WFuaZW1ymPdDpaQa6aUFH8Pp8+ENBEskk2VQKp6qimiaLM7McOXQEwwCny4upQ7PfZ2CxYNisBJMJxvIZXDKgV16kXVqgtrJCs2swMFV0sWNYbLiCAWKZLKF4HH/Ajse6CgxWm6AURUNRh5YAJoMelBZqVIpNuq0+omoUxlLEMyEGRp9W1+Tw9AJzS1X8wSgBj4Nuq0avVUPvd+j3FZyuEB5PmEx2lELGP+zStRigtehrGnOLi8wtLNDqdGl3dUzFjlhsBMMJEvEIiXCAWMSPqgyB78pKmaXFZaq1Os1mC103EVFwuz2rhbAQ2UwcY9BmqVSmWO1QaQ4YmDbsTjuK0afbruJ1W8lns2BxsLBQoqsJQV+QcDBEIhIh4LVjWQWErXadWn2FpaVFyuU6g76BYYDFasfp85AdLRDNpLDZrbgsJpZ+G6NTpzg3w9xynUZXaPXBtDhQVBV/wI/fHyCVSpJKeF+mdbEyBJnNep1GrUZpeZm5UpGuKfQUBavHg9fpIZNIkEum8DgcuFVA70GvRWV5nrn5RWqt4bnUxcrAascZiuJLpvHGU0RDVvwqOFYTjYqpI5YTFD/DILtWbnHs0DxH9h9n/76DqE4nf/9P/8C6jRuwOxVcqmAxe+jdOksL8ywVW1QbGo0uKIodp00hHPTgdlqplBepD7pkJwvEC2ksTgdW7Bw/OM389CIeuw+n3YHe09AHGhYUrJYBYyMpCqMJ2rUlKo02xZUGSyt1eoZC31QwLHZMq51wMs1IPEzCayPmVmguTXN8vsRze47x1xcPUWoP7SafjbNu3Rgj+SS5VByHqqD1OvRbTZqtDv5gnPzoGjwBN4oCmgbdTpNyeYmZmRnEYiVXGCMcTeB02jG1HivLC9TKRbrtGjarSTYTx6HCgYMH2bV/jud2HWVuqU1mZIpcNkssEiaZirNmcozRbByz32TQrVFanGapVKXbN+kNTHRRMRUbvnCUQDhKJJEmE3MOGTnQMLt1ev0eiwsLLC7M0ev3aesWBoobXXURSo2QTycI+9wEPSo2BRRzqG85nG4YNjCwGhPT7lBpdFgq1ZkrVqh3dfqmYHU4cXv9RGIxUukkQf8w4XMi6TNsTVtFkMIraQZZBfmriOxloPOfENoJyMcJSPlf6//UJas4dRWOvmIowwSPgUnf0NBkmBhW+33Kc/MsHD3Kn37/BE/vOcKr/+EtnPq3b8SfypKJWFANA6vepF2Zo1ztUK53qNQ6DAwLpiHYbQ7sdgfpVJpcOorXqeJyCMsLRzk6u0THsKFZHEQzo4znk3htYDc1yvPHOHJ8nq5px+IJEYhlyaT8eCxAt0K9dJz5uTmqjS7dAWhYMSx2rG4/3nAUfzRBLBYl4ganZeiHh9S7J7AQQzzUM6mVm1RWaiwvFWn3akQTfpwelWKlSKWuYShuLLYAsUSWZMSNlQ5oLcrLMyyvtNEMB4a4iMSyxON+IhEP4YgHRemjiJWVpTIrSxU6zR7Nbo3caIb8eAZT0TB0C8eOLXLkyBwed4hIKMCg16HTqjHotekPDFSHG4fbRyyZYSSdJOBSUdHRakUWiysUW30qHQ1XJM7oSI6g24qqt6ktz3Dk6DRtzYo3nEa3emi2ugw6DbR+B6tFCHrdhIMBEtEwqgLz8/Msl6t0dB0NBYfLTTAQYiQ3QiLqG+YeBQytQbe1wsLcMRaXqvQGKn3NAthRVSvBYJBQKEg8FiMSC77MAGqcmEsTBXW1iWs1tQqKgakP0HRYWioxt1Ck1erR7A0YyJBizx+NkYuHyYTcpIPOYcOQIVRWGswsrFCud2l1uwwME0NRsDrsuNxe4pEYmWyGgNeJ3QKWfpNBY4GDO//MT3/2C5ZaCutO/Ttihc2oruBqY08HU9dx2q0EA14KhTSJWAirFVR0zEGXdqPC9PEjLK/U8AZD2BweKo0W7XYXt8eD1+sjlUwRDoZZmF9gaXGJfrdPtz8shpiKFZfLh9djpZBNMJKLY7XoKKrxcpGgUlmiWKpSLDcpVhro5pA6z2Wz4bbZ2bdzF3/66/Mkc1OcdPobmFh/MmsnQrhVMLot6sVp5pfmqDU7tDSdgQiGYsXu8uENhInEU6RSaYKrU74nGtatq7fJ0D8YLzeNYeh0Bz3KjRbH5xZZLlcZ6Dp2UyfodmDRu+zfu48Dc1X6tgCuSJ6/+ce38renxnADdh3o1Wl3B8wtlZhfLtHqaXR72up0txWPP4Tf7yKdiZFJh4YFhv/gx04Ux07IPAwrMyeKkzqNlWUWFktUax2qjR4DfSiXoHq9OAN+/PEEqVSEgMeCSzWw0UPBQqnY4PCBOToNA6fLg2EROnqXgWio6MT9LqbyKaI+J0a/T7ne5vhckVK5iWaCqgperwu704phGvSxoq36pVxhhGzEidI3MVo1lmePM1cs0u736GgahsWCig2P24/PEySXzpFNRbBbTLDodCrLw7xNqcJysUI4Eicci1KuVilVKwxMA0MshCIxItEE4ViCZMiBQwGLISxNH+XQ0WMYNgfuUAhfNEE6GqVZKjJ3+DDdaoXeoE9fsaDbrEPcowzBmSIQ9AXJpRMkowEiARfmoElxfoGVlQaNWpduR8dQFDSrguFUcQS9JLNpkpEwXqcDt2pDRdD7A0rFFSqlMpVymWazCmhYLCZ2u5225uTPT+9n78FlTj71bzjt5HWsncgwOeIdFqzFoNuo0mqsUFycY65YpWuq9EwrYnNjsdkJRaNEEzH8wTAJv4pbBNXs0l2aZm65TKWjUe0amHYPdoeTfq9Ha5WxZSybJRrw4Xc6VhvNT1TvdAxTY2DCQqnBoWPz9HSVSCiMCx2tWUNr1eh2OgwsVlSPH084RiqTIhF047WaqEoftB7VtsbsUpnFSpN6Z8Cgp6OIBavFhtvlJhRwMZJPkYqHUS06mqEzv7TAUnGZ3qCP3hNsihMrDjrNHt1+h9xojmwhOyyAobO4MMfi4ix6v0dXAwM7huLA7YsQ8LtJp+Lk0hGsqyzIJwoDIFjM/qpgSh8aJSrVAXMrGjOlPs7ICBPjOcKBIXNdrTTP0SMH6Q4GuDwesKgM+ga9rk6nNUAMC06ng1AkQDaXJBQJ4LCr2CxWFEPodboUl5YoVkpUamWaneZQ1kT14vKE8QcSpNN5knELVhUsZptadYFyuclKqU6l3ETTLfTFguLwYHX7yI1OsCbtx6g30GolagvHWSot4Qn68Aa8VJo1qrUm8WSGVCZHb2DQ7Am1jk6lrZHMj7NmLITbCjYTLLqOoQ9YWVlhcWmJRr1Go9OjZ4CmqHhDEdKxGOlwkGRgOL2KodOs1VhcWKBSrlDrdGmbMLDaMZ1uHG4P0UBwmIfz+3HbwaUyzNsaXYxum1qjxdxikWK5Trdv0DMUxOrB4Q4QT2fIxHyEPFb8ToavGfQpFZdYKRap1+sstxU6uOhYPKjeKBG3lclMlIlMAIep/6eqztBuZMjOZJocO3aEo4eO4LI58Xt8WFYbVaudLuVGE121YrU5iMVTpDNZ/H4/fvcQt1ikT6u6yPJSkVKlTbXapdcbFkFRrdhsNoKRMLlcmmjIi8epYLMO8zeDVo/ySplyqUKxXKHe66JbVRS3C08wgs3ioVnvIZpKMpYkGfEQDbrwuy2I1qHd6TG/sMjycolud0BrIGiiois2nN4gAZ+bbDZJJhXEpg7f76DdoNeqUlqcZm65SrsvdPomptWFRbWSTmfIZLN4fH6C7tU8uzkYxh8oqxTnq0TjYqD32/S6LUrLC8zOLdHsaPR0C6rdg8vjY6G0wu59h6i32jhUhZPWjvOmv3sD2Ux8GKf2+9TrdVYqFRaKK5RaPdqiYNhduH1BYqEg2WScSMA3xImrdAUnInqbmFhXC9gYw1jC1Pu0uy2m52eZW67Q7pt0DQs2pw+X3Y3TYsdmsWEOdAyzy+hYmsJoEt1so2sWjh6d4+iROeKxDKlElHDARyjgAcVELFaOLxQ5PLtAHyt2C+QSYUbTCZzWYezdLq+wsrRAo1Jmpd6hoUNbbGgODzaHnVgkTC6VIhzw4XfYaRZrHN97gP0v7OTZF57FkwzxT9vPYvLkDTidDlwoKL0+nZUqc3NzzFfq1HWDnkXF7vLiUd04FQd2Q8XsD3A6NCYm4sSTbvq9KpWmxuHZEkvVLpnCJPlUHJ/bgdthQxF9OOB0ZJ7jM0t4PGFCPpVc0k8i4QXpgFjpNtrUam0WlsvML5aGMn5YsTnd2N0OkukEqWwau0vFpUCv0adVrlJbKlIsLmN1qngDHrr9DpVGE7cvSDSZJhiNEQoGcFr/M339/zZL/l9ahqGLNuiLbgxExHj5eVMX0TRDdEPEFBHdFDGNnsigLNKZlfKzP5IffuFhufeee2XrVXfK7Z//jfxpXqSkiwx0Q6S5JO2lw/L0H38vH/vYJ+SdN79bzr3wHfI/zrlI3nLOhXLhJVfJzXe8Wz77z1+VF/btkaVmVeYqK/Lk0y/IAx/4mLzzHe+WD9z3Sfnev/xIpg8dFuk3pdtYkj179shDj35GLrnmbrn/0W/Kv/30CTl2eE70RkMOPv1n+cE3viHvu+e9cuFFl8vWC66Qs7ddKmede4ls2/42+eijX5InnnxBjs6VpCcindWja4p0dVM0Y/WDG10RvS7TLz4uP/j65+WhBx+Qq665Ue6471H55Be/Le++74Ny/gWXyHlbt8r527fLhz78sPzxL8/Ib//4lHzzu/8mDz70Ebniyqtlx3kXybZtF8ud7/mQfO9nT8pzh8pS7Ij0DJFBvyu7nn5cHrr/3XL7LbfLIx/5ovzbz56T4/OmrCzp8uwTL8i3P/Nlefc73inXX3WVfOKTH5dP/fMX5Jo7b5OzLrpY3rz9ErnwbTfKBx/9gvz0V7+Xo7OzopsD0YyWzC7MyWe/+FW56po75P4HPynf+vr35ciuvSKtusw8/5T8/Lv/Kvfd837ZeuHVcvsDn5LPf/1H8p57PyyXXfQ2ufS8i2THeRfKQw8/Kr/8/R/k5394Un7zxJPy0Y98TC7dfqFc8tatcu5btslt73qffO47P5Vf75mRRUOkJSK6aDJ7bJf8/pc/kk995BF556Vvl4vPvkTOe/OFsu2sS2T7eW+Td9/zYfnuj38rz+07JsWuLg0RaYpIV0T0oaWJGH0RvSOitUS0hojRllatLHv37JMf/PDf5e73PiQXXXqNnLX1UnnL2RfJ9gvfJnfeda/88he/loXZGWnVytJrt2SluCK7du6VL37pa3LDzXfIxVdeLWfvuETOuuAS2X7JO+SmO94vj33yG/LXpw+J9HWRTlmkdkAWn/u+/Pv3vyS3vftuec1bL5frHv2h/ODPh+WBT35FLrr8Srn4/LPknHPPketue7d86FNfk5/95YjUBiKGISJ6X0r7npPHf/RdefSDH5SLL7pSrr/lPvnIp78mN9/zQfnHbRfJtXffJ//683+Xp559Wvbv3ym//Om35X133yRXX75DLth6lmw/+yzZtnW7XHbNTXL7Bz4hn/vpk/LSUkdapogYmsigJtJZkcXD++RH3/uBvP/9j8jlV1wvW8/ZIRdtv1Cuu+pt8uB975N73v+ovPWSW+UfLnuvPPytv8rTh5pSqprSq3Vk/1+ekn/72tflvrvulovOv0jO23ahnHPOxbLtvLfL5VfcJZ/69A/kz0/tldn5kpiiiyFt0aUjmvRkIAPpiy6GdEWkJWI2RLQVkX5dDr74vPzgm/8qD97zIbnovItkx3nbZMf5Z8tNN18pH3z4Ibn21nvlH8+9Tt5x55fkS9/5szz74nHptfsiekOkX5fi7HF59qm/yFe+/E254YY75PwLr5Azz7tQ3nr+hXLOxVfIrfd+QP7lh7+Rp3fNyGJFl64mq/etiBimmLop2kAXbaCLaYiIaYrommidppSX5uW5Z5+Tz3z+S3LdrXfJ9sveIW8+Z4e85ewdcv4FV8idd94nn//i1+XpF3ZJrTuQjmGIpg+kvrIoR3Y+LV/+6AfkqgvPl/e8693yyKOfluvvuF+2X/ZOueaWu+W9H/yo/PaPT0vfFHlh5x755r98W+59z91y7rnnyPbt2+Siiy6Uu+66Qz7+6c/Lnfc+JOdfcbu8+4Nfke/95E+ye89x0bs96a7My9yBl+Tn3/sXee+dt8k1V1wuF2zfLlu3nS9nnXeRXH7tbXL3hz4u3/r57+VgsS3l1XvnwLEV+e6//kI+8uAn5a4b3iX33naXfO7jj8jHH75Xrn37+bL93LfItnO2yfXX3i5f/dr35NnndkqpXJS+VpdSbV7+/Nwzcu9Dj8ll190jj37hh/Kr378gO3cekReffkke+8CH5cKt22XbOefJWeecK285e6u85azt8tazLpC3nnWxvPXMS+T8HVfKP3/lG3LkyGGZmTkiM9NH5d9+8H255z3vkWuufqds3bZD3nLmNvmHN50tl111vbzr/ofkR79+QoptTWrG8N4fiIhpGLL3xRfkG//8VXn3Xe+Vc869RN581qVy9jmXyfXvvEse/eAn5O4b75Zz3rxdbr/z/fKT3z0tLy40pKgP/fhAM2Tx2GF54pc/k898/FG57pqr5fwLLpBtOy6S8y66Qi648nq54/5H5bs/e1x2Hzwm1WZddOnIYNCU/Xv3y6MPf1auffs9cvedH5N7731Mrrvpbrn8muvlqhuul/se/IA8+ee/SLfdE7O/uimaq+ali/SaTTn44gvyq+9+Sz58561y+XnnyKOPPCQ//vlP5b0ffkjOvfQyecsFF8s/nXeRvO3md8v7P/op+d2fn5XBqt8zxZTayoocP7hf/u2bX5M7brpW3nb5RXLe9rPl7G1nylu2nSNX3nij3PvRj8sPHv+LLHd06Zsi5mAgf/ntr+TuG2+UW665Sd53z0Pyrrs+LFdd8265/Jq75G03v0c++pXvyO6ZRTk8PSe/+/Uv5Z8/8VF593VXy9u2ny8XnLVVzj/rfLlg+5Vy0+3vly9955fy+O55Odp4xS9rhki/r0uv3xXdbIspTTGlLvXqkvzhN7+TLz72RfnAHR+QB979Xnnqid9Kv7sk5eph2XPoRXn0c5+WHe+4Qe744CflY1/+ptzzgQ/IO296h1x86Tly5tlnyZVvv1Huvvfj8rNf7pVGXWTQMUX6fdErs1KeOyQ//eF35a673yWXXPUOeePZ2+SNZ++QN229RG6998Pyze//TF7YtVd6/a6I3hat35LnnntWPvXZz8utd90jF1x6lZy7/WI5e+uF8va33ygPvv+D8u8//qE0itNSOvai/Pqn35bHHv2IXHPzXXLpDffKDfd+RK67871y/qWXya133Cg/+dkP5Ge//IXcfd+H5Jpb7pOHHvuK/Pgnj8vMkSWRriHSN2TQ6MqRg8fll7/6vTz4oUfl8iuulm1bL5Sz37JNLtx+idx88x3ybz/5mRxdXJBSpykdcyDlWlkOH94n3/rGV+TWm2+RSy99m7z1zB1y5tmXyjnnXSU33v4B+cgn/kV+9+cD0uiKDAZDOxOtKzLoy7FDh+W3v/6dfOSRj8mOi66QM8+7QP7p3PNkx9uvlhvufq989Xs/kf0zRSk1RQa6SL81kPZySZ755b/LY/e+R2658kq55Nxtsv2sc+Wcc3bItbfdKx//xo/lZ88fl8MtkbqI9FZdp5iGmNITkaaYUhVT6jI7f1T+7fs/kY98+PPywP2fks995luye89x6Q5EepopuqaJaH2pL83Ir3/4XXno/gfk6rddL2efdbls3XaNXHnZjfLB+x+RL37s03LHO98pl1y0Q774jS/JC9P75EBjXo7WS/LZb35bLrryBrnp1gflvvs/KXfe+WG58br75Ibr3iu3XH+X/OJHPxWjVZVju5+S3/78e/Lohx+USy+9RLaef6G86ewd8j+2XiZv3nGN3PWhL8oPf/0X2XvwuPS7LXnpL7+Vjz3yQbnmmuvlH998gbzuHy6W1/3jxfK3b7pA/uGtO+Smu94j3/vhj+XnP/+5fOvrX5NPPPyQvOvmW+Szn/isHNw/I52uSE8Tqda6cujAYfnxv31Pbrn5ern5ttvlhz//teyfKclKR2SuWJOf//JX8rHHPirvuetmefC+2+T3v/qOvPDXn8pHP3SbnL/9LPm7N75FTv+bc+S1b7xC/u7Mq+Qfz75SLrrqVvnBz/6nlGsdmZ2ZlV3PPS3f/NJn5K6brpO3X3ahnHfWW+TcM98qZ567Xa6743758Be+Kz9/ZlpKfZGOJiKmJt3SMZk98IJ89xtfkltuvEYuv+xCOXvrVnnr9ovkrRdeJe/5yBflZ398QXbPLEt9YErHMKTT78lA64qYfRGzK2J0VmOwrjRnj8uLf/ijfP3zX5Gbrr9Dtm2/St545iVy7kXXyXV3fUg+8fWfyFP75mWuoUtlINIyh/Yz9Gu6iPSHh6kNjcpYhRon9u0TvvTENi6mGKv/mmL+J7zyX+v/0PWycZgiujEMtk1jiNdEl4E5kK7Zl545EK3fkuWjB+SF3/xCHrvzdjnvn86Uxz72JXnypXnZWRIpmyINXaTT7cjzf/mf8uUvfEruvvtdsv2Ci+WsbRfL/zjrItm24xq57Mo75FOf/YG88MIRmZ9Zkl6jJn/8zQ/lve+5XW6+7Ta57o575Cs//K0sNHTp6iK9bl/++sTv5P33vFfe9a775cFHPi/f/fdnZHplINVGXxZmjssffvF9efi9t8m1l58vF5z7FjnnzDfLWWdvlYvfcZO86+HPyxd/9hf560xHin2Rzol7ZDAQGfSHsb+pi5i6dKt12fOXF+Xf/vm7cs/175K3X3i5fOyRR+RrX/+S3Paum+ScHefJOTsukYuuvEke+cQ35Ge/flL+/Te/kx//9EfywIP3ygUXXCjnb79ULthxtTz4vs/I937wG3lh92FpDDRpyUD6Ysozz74gX/7cV+Wh9z4sN159g/zohz+QTq8qte6CLJTn5Gvf+Y5sv/Rque72D8onPvct+dDDn5RbbrldrrriMtm29Ty59Ipr5Ka7HpQvf+e3cni6Lv2WLtIfSHnfi/LLb39DHnv4o3LT7ffJQ5//njx3pCSlRk9Wiovy1G9/JPfddZ1cf9218qHHPisf+Mx35Ib7PimXXHe3nHPh2+WiS66Sd9/9XvnSl74uf/rzc/LUX16Uxz7+eXn7O2+S7RddJlsvuFDedt0N8v5HPi5PPLNPqn2RpjH0j8ulkuza+Rf58ucelhuuvlQu2bFdznnLWXLuW7fL+Vsvkzvv/IB87ovfkyf/eliqLZG2NoxNe6JJzxiIbqzGfoYMbdAYiBhd0ZpFqSzPyy9/8Ut57/0flKuuvV3O2nGV/NO2y+Tvz71Y3nn3B+Rr3/+xvLjzBdHbJZHOopi1OXnpL3+UT33i03LDre+RbRdeJW895wI565zz5LLLrpA773qPfPnr35WXDixIsS3S0kX6vZ60i0fkhV9/Td53w3nyjku2ysMPf1we/eIP5c4Pfl3efsuH5byLbpatW98uV1x+k9x7/2Py6ydekNmqLitdkVbPkFplRQ7v/Kt89pH75KpLz5d733uPPPTYJ+Qdt75btl5ypVxzyx3y4MMflV/+9ndy5Pi8fOe7P5Y777pfrrzyRjnr7EvlzLMulTPPvkKuvOpOuevuD8tPfvFHqbQMaQ5MGZimGKYuYvbk0J6/yvf/9aty3/vvkXMv3C5vuWCHbL3oIrnp5pvlsQ8/JPfcdINse/PZcust75Vvfvdx+fPuhhQ7IuW6yLGji/Kbn/5EPnDv3XL12y6R888/W846503ypnPeLOdfeZXc+sAj8oUf/l5emu9KxRBpm0MI3+sOw6TVwHoYnOs9Eb0tZqskpZkD8uQfficPfOghOe/Sq+TMCy6XHRddLHfcdL186O5b5e7rrpCr3361XH3re+X2R74u//b8iqys5ohkINJdXpRje/bKv3ztX+SmW94lF15xnbz57IvkrWdfLGefe5nccON75EMf+Zz85o/PS0UTqQ4R8vDQh79HF1NMQxMZdEW0zvD9dVrSrVbkuSf/JF/42KfkXTfdJRdvvUy2vfViOefMy+TSK26VW+7+qHzu27+SZw4tykKzK03pS0+a0pOW/PWF5+Xe+x6Wa66+T+655zNy93s/JVff/D65+J13yuXX3ioffuSjsuf5Z0QvzUrtyB55+n/+Rh5+8ENy6SVXy9bzLpcdOy6V22+5TR68/x659z13yh3vvltuufdBuf8TX5Xf7ZqVuilSrPXk0IFD8p2v/LPcfvMNcumlF8qbz36zvOnct8hbt50nV994pzz4yBfkV4/vkVrdEL0zEBl0ZGHP0/L7n/xAPvLgB+SC8y6Re+/9iHzrWz+S97//Ibnooovl/O1b5dzzdsht9zwon/vWz+V3Ly1KuS/S1UQG7Z786Rc/lXfddIPcddfd8uhnvyw/fOI5OVbpye/+9Kzc+5775aoLL5Lz3vwWOft/vEXOOetcOfPsbfKms7bJP5x5nvzdW8+Xy2+8W77wrR/J0y/tkUqtKkvzR+SXP/5XeeyDD8pNb79GLjnnAtlx5g45b9vFcuHl75Bb7n9Avv2rX8nemWNSblfFkK6YZkvK1ZL8/ok/yqc+8yW56db3yPbtO+S8886Ui3e8We687W3yvgfulyuuuV3OvPB2ec8jP5If/3qPHDxcG9piXxPp9WXu8FF56okn5BOPflQuufAi2bZ9u7zlnK2y9cJLZMdV18p7P/oZ+ZdfPilPHipJRTuRU+rIzDO/k29/9jH5wH3vlauvv1XeedeD8q4PfVquvesB2XbpO+WeDzwqv338L3L82Lz0mj2RviGiaSJ6V0RriNZZlnp1QX73+ONy67veJ1fd9D555DPfkc988dvygQcfkdtuuFEu2b5dzj/vAnn71TfJhz76eXniLztlZaUm/XZdzE5R2qUjsm/X0/Llr3xZbrzrbtlx1XXylvMulTO3XSrbd1wl1157p3zww5+QP/7lBWkNTOmaptQ7XfntE7+Xj378I3Lv/e+WW265Re55z/3ywPs+Ku98x12yfesV8tlPf0X27j4oB/YfksOHD8s3vvl1ufaGa+Tiy3fImeeeJWdvPU/OPe8Sue7Gu+UDD39Gfvn4s1Lpyyu5Q1NkYA5DAzF7IkZNRFuS3tEn5YVff1c+/7GPyxVvu13uffgH8td9HVlpirQ6hjz31yflwfvfLTffcoO8/6EPyQOPfkzu+cDDcuOtd8uFO94mF5x7qVx92fXy0Ac/Ln/88wuyWGlLY2CKZorofUNWZhfktz/5mTz68Iflnde9U87efq68ZftWOefCy+Sdt9wjD3/8m/Knp6el3RMZaCLddkN2vfBn+e6/flPe/8D75NIrrpKzt18s/9eZO+SsS6+Ty299QL7286dlsaLLnhcPyB9+9FP54j13y9vPerPce9O18unHHpLbbr9eztv2VnnoA/fK7371Y/np974pX/jCF+SeBx6VS2+4Tz75vadkuiXSNFdNrtmQamlJnnjicXnko4/KdTffJlsvukzetPVC+Ydzdsjbb7lHvvD178vTT78o7UpdpNMRvVqR/c8/J1/7/Bfl3bffJRdfeImcefY2OXPbBXL+FW+Xd97xHvnI574mv392v8xUdKn1h65WDFOkU5Pm/GF56ak/yqc+/jF5xzU3yLYLr5Q3n3upnHPhtXLVjQ/I577+S3n6xaOytFQR0foi/bq0K0vyp9/9Rj7z8Ufl1ptulrO2Xij/eM5l8rdb3yHnXveg3PLAZ+Wnv3tWmj2RQX8guqaLYZwAEPoQt2htMfpV+eVPvi03vONyufu2W+Xjjzwmn/zoZ+UTH/203HHLu+Tcs7bJedu2y2VXXi0Pf+JL8vgzh+TgsiFVbYhZBnpXjhx4Wr7/7S/IA/fdLZdfermcc/ZFcuZZl8q5266SHRffIPe871Pyq989K9Ozy9JuNUSMhojZkHJxRv7w+G/lM5/8tFxz9bVy1jnnyLnbt8pl77hM7v3Q++SBj31K3nbzfXLxdQ/Iw5/7mfz6D3tleqYiRncgvXJRZg7sk+987avyrltukbdfcaWct22HvPWs8+V/nHWhXH71nXLPgx+XXzzxjJS7InVj+H7nF4uy8/kX5Jtf+qLcesONcsXlV8nZW3fIWdsvkbN3XCEf/NgX5PfP7JP98y1p6sPag65pQ2xndIZYz+yt1jx60igX5ejBA/L9735Pbr7pZrnwwotk63nb5dIr3ia33PkeueGu98nl198jl974gLzzzg/Jl77yXVk4Pisy6Ij0m9JempedT/9VvvX1f5Fbb7tLzj3/Ivmns8+Tt+y4VN5+23vkI5//ujzx/AGZb4hUNZH2ag2mJyJ9McSUYTwlg6ZIryrSLkujOCcH974o//yVz8u1N14r2y+9RP5p6zbZ/rZ3yNU33yW33PWA3H3PR+TWWx6UG264U37+85/LQGtIrTktc4tH5Utf/Yqcd8Hl8r4PfkZ++osnZP++ozLo9kW0rhiGIb//41/kXe9/RG65/1G554Mfl5/88nfSaDZFjJ5IvyVHdj4vP/zql+XRu98l1158kew4d6u89axz5a07LpbtV10r937kk/LTPzwru2drUumILM415OnfPCPfeOjzcu3Wy+WO626W3//hCVnolKUibWkYHSmWS/LCX5+Rzzz2Sbn6muvlnAsuljftuEguuO5mufbOB+SOex6Tu+/+tNxy/UNy/90fkmef/KMYrXkpTT8tTz35S7n/gw/ItivfKY99/UfyzIFpma/WZCCaaEZLKvWmfPXbP5VL3n6P3Hn/1+QLX/6hvPT8LhGjLaItigwqMndkn/zhfz4ujzzyGTn//Ctl23mXydbtl8mVV10vN95xr3zlez+XPfN1mekN/ezh6RV5/NdPyhcf/qRcd/FVcueNt8knP/Zpee/7HpQLLr1Cbr7rPfKVf/2BPLVzr5TavZfDr//d0Pv/MqrhV9rLV7tFODH6v6pPsvrksJnkldFsRVmlyUADRWewssTccoXlhkaxZRBKj7N+zRhhLzgUBQYtOt0elUabWquLzeklk8mQS8aJB314rAqdRp2BZuDwBsHuw2LzoutCZaVMp9mg266h6V3iiSgut4OFpWUOzcyx9/Axqp0uI1OTrJkcIxYO4rTaqK6UqTXaqHYn/lCYZCZDOpHChorRG2ATlW6njcfnJRKLI5YhdaSiDLXnFGU4zzekIdSpzB7n6PQC04tlji6sYPGGiURCeB0qiaAHt9Kn0WgwMCxU2xpL9T6dnoZNtZAIefHZQBt00UWho5mIzUM0EsfrsGAVndL8cXbv2kW1OcDujeCLZkim09gsUCsusDJ3nJnjh6m127iCQaw+Ly5/gJA/jE2xYtEEo9dnoHUJRv34Il4GGDRaPXbvOcj08UV87iARv4dcMko44KFRWmC+WOXgzBJHFlawB6L4PU68DgvpiA+H0aHV6TIwFIrVNqW6Rr/VxSYm2UiQgM2kbxpoqpVyZ4A1GCOZTOJQFWwWg0Z5meJyEdOAgD9MKpUhmy/g9ngYDHTEhF6vj9VhIxqPY3cPdSQtsKqccmLSdbVLVevRa7eYmVvi+Z372Xd4hlqrh8PpIp/Nkc/liAUDJKIhCpk4kYALqwWa7S679h/m+T2HOb5QptsfEE/EKeQzxKNhAj4/Wn9AvVbHZrGgSA+HquN0qzSrReYrXQ7PVzm61MDuS+GyCVb6pKM+ogEbbl8Aw1QplevY7V58DjsO0XE7VHor8ywWKxydX+HAbAnNEcbtD+HzecnnUmxYO8bESBaP04GhDeh2epiGSTgYIp9Jk4gEcbrd6IqVcquLprqIhiP4HDbcaKjtCuXFefYfnuH5vUc4vtLC5gmSSsYZzaVIR4OoolNrdihWmqC6GJ9Yw0gmQcBtx6bolJYXqdTr2F0uIvE4qUyOVCIFBvQ6XRRT6A06eP0egvEwhuXEzJUKQwVfVMyX7xVqK6wUa7y0+zB/efEA1b4Np9dDJp1kcixDxGdDNxTK1TbLlRa+SIZ8Nk4q6iEZdmLplamUVzhweJpndx5iptjBtNiJREOM5NMkol7cDhsoCrVGi07PwG53YbM5sNus2FRedlSiDDUPATANTK1HY6XI/t272b1vH/OLy/R0IZZIMZLPkklGiQTcGP0mlUYd3aIywAoON26nE73bp9uoc2TfPg4emUHHzkDseMJJJsZGmSxkmcgmiPlsDAYaL+3eyzM791PXVdxeL9lMhonRLCG3iqYbLJcqzC2U8QTiJOJRYiE/8bAPvdug0WzSavcxTAV/JEE6mycSCeFy2lBMjXqtgmq14Q9HUF1BbDaFVq3H4vQ05dlZlhdmGRgDfOEQrkAAfziGxxtCHxjo2nC6U1EMIhEfHp+L3mBAsdxg555DLK3UiSXSpGJRwoEAfo8L0TW8Xje5bJJcJkkmGSUYitDuG1QafRy+CPFYjPVrJ5kYzWMTDU3TqNbrtPt9AtE42WyWaDhMJBDAYhisrKzg8flw+QOYVjsul51qucHc9Bx7d+3mpV176Ws6wXCUVDbDaD5P0OvB7PdpVSpUazVCiRi58TF80RA+n4t+u8fS/DyH9h9k1+59FMt17C4f0USabG6ESCiEFRNl0KXbKDMYtPB43djdTgzFSrnSYueuA8xML9HvDelV48kohdE82XyGsZERRvMFwqEQqmWV++3lIRRBdJ1KqUhpcYljR49yfGER1eMDpwexu0kk4sQCfsJeBzatQ7VcxOv14/KG0BQXTodKszmgUa3Ta3UwRYjFo+QKKYIhD3aXG820UKy0sThDhAIhnAp4VVg+coBdO3dRaXRoDkwUV4BkNk9+JMdIIcvkWI6RdAJ0jXJxBa2v4/H6icV', 1, 'medium', NULL, '2026-03-23 17:30:14', 'active', 1, 4, '2026-03-23 17:30:14', '2026-03-23 17:30:14');
INSERT INTO `tasks` (`id`, `column_id`, `title`, `description`, `assigned_to`, `priority`, `story_points`, `deadline`, `status`, `position`, `created_by`, `created_at`, `updated_at`) VALUES
(18, 3, 'No processo de cadastro de uma  nova prova, no resumo deverá conter a data da prova.', '<p>Segue anexo</p>', 1, 'high', NULL, '2026-03-23 17:32:46', 'active', 9, 4, '2026-03-23 17:32:46', '2026-03-23 17:37:37'),
(19, 3, 'Não está aparecendo todos os estados', '<p><br></p>', 1, 'medium', NULL, '2026-03-23 17:36:13', 'active', 1, 4, '2026-03-23 17:36:13', '2026-03-23 17:36:13'),
(20, 3, 'Contratação de uma empresa de contabilidade', '<p>Amanhã, dia 27/02/2026, às 10h00 (horário de Manaus), tenho uma reunião com a empresa que irá acompanhar a EBL eventos esportivos </p>', 3, 'medium', NULL, '2026-03-23 17:38:36', 'active', 1, 4, '2026-03-23 17:38:36', '2026-03-23 17:39:25'),
(21, 3, 'Retirar a opção de pagamento com boleto', '<p>Para se cadastrar na Plataforma peço para retirar os dados de endereço, manter somente o CPF, e-mail, idade e telefone. </p>', 1, 'high', NULL, '2026-03-23 17:41:15', 'active', 1, 4, '2026-03-23 17:41:15', '2026-03-23 17:41:15'),
(22, 3, 'Criar o campo para incluir novo Kit', '<p>Incluir ou deixar visível o campo criar um novo Kit.</p><p>Fazer novos testes</p>', 1, 'medium', NULL, '2026-03-23 17:44:28', 'active', 1, 4, '2026-03-23 17:44:28', '2026-03-23 17:44:28'),
(23, 7, 'Alteração de valor via console.', '<p>Ainda podendo alterar valor/preço da corrida via console.</p>', NULL, 'critical', NULL, '2026-03-31 00:13:14', 'active', 2, 5, '2026-03-31 00:13:14', '2026-04-07 13:06:25'),
(24, 5, 'Notificação via email para organizador', '<p>Em ações especificas como aprovado, não aprovado, cadastro com as informações, sobre o evento </p>', NULL, 'medium', NULL, '2026-03-31 00:13:52', 'active', 1, 5, '2026-03-31 00:13:52', '2026-03-31 00:13:52'),
(25, 7, 'Cidade/Estado', '<p>Faltando trazer lista completa de Estados</p><p><img src=\"data:image/png;base64,iVBORw0KGgoAAAANSUhEUgAABHYAAAF6CAYAAAB8y99cAAAAAXNSR0IArs4c6QAAAARnQU1BAACxjwv8YQUAAAAJcEhZcwAADsMAAA7DAcdvqGQAAGCISURBVHhe7d17fFTVoff/70CAEO4BRQMpxoMJ+tRL6zweJJoqyq9JbHOMh7ZKYmxrqRKVRLygbRorjVWwYoI2Yq1VQ8CeyimaniaxWsRg0HOesVXpUQbR0QZGud8hIZf5/TG3PXtmksl9Bj7v12teylpr9t6zZ7L3zHevtbal5USrS1HO5XKpra1Nzc3Nmpg4wVwNAAAAAABOMnv37Vd8fLzi4uJksVjM1fAYYi4AAAAAAABAbCDYAQAAAAAAiFEEOwAAAAAAADGKYAcAAAAAACBGEewAAAAAAADEKIIdAAAAAACAGEWwAwAAAAAAEKMIdgAAAAAAAGIUwQ4AAAAAAECMItgBAAAAAACIUQQ7AAAAAAAAMYpgBwAAAAAAIEYR7AAAAAAAAMQogh0AAAAAAIAYRbDTXW89rpmzr9MDb5krokgsbCOAk4/n2DMz9xltbg+scq5aqJmzH9emwGK3I+/ogdwb9cBbR801AHBSOfxejR5Y8EPNmXOd+3h5zQ91X/0BSdJn//GArluwRltNx0+fXn6/21R2XfjjMAAgphHsAAD61sE6PfBbh7k0tPbtWrPoN1LxE3rwslHmWgA4aXz2H3fpmkXP69Xdk3VlQaEeKSnUwsx/0YgjRyS1yvnpp3J+uVN7TpifCQBA5wh2AAB9KjVlqpz/8biejyTbGTpV837zOz34jfHmGgA4edif16KnHRoz+1699h8P6yc3Xq0rZl+teXf8VA/OnSppmGbdv0rvrLtTs0aanwwAQOcIdvrUUW1eu0zzc693d6/NvFHzl72jvYYutYc3r9V989z1GfMeUs1zywK61bq7yS7T8+se0DVzrlPBqu06Ya/TAwtuVMZsd7fdOTc/I9uRTpb5cau/UpKO2LX2wbs0J9P9/Izcu/SrN3f6qoO75r6jB2Zfp5ll70i+IRQLtWLtM7o+01+uL9/RiqIFvu7Ec258SGs2M5QCONWlFNyp75+xXSsfrpHTXClJ2q41N1+nmTev9df/c60KZruPeTIcd55/s853fLvm3jp9dmK7au5b4D4eXrNQK941HHO+fEe/8h4rM2/U/Cc267CnKtSxNZJjNgD0hU0v1cg59GLdc9dMjRlqrnUzfx/r6vtd598Pj2rzqod0XeZ1mjn7el13X13wEK8jdq25z/M9bs71uv6+On1mbgMAiAkEO33os1Wlml+5WWOuuU1Vqx7T8rlny1m/TAXL/qYTkrS7TvcvWqMNQ/9VP3nyKVUVpmhDjSckCfCOXvrfLP2+/o+qunGq9mzerDHfKtHv1/5Ov7/rYg131On2cs/zulpm+3atWXS/fvXeaP37vQ/rj7+5V/PO3qW1D96tX75tCoA6tV1r/jJKj9T8Ue+UzHTPibFgmdbsS9UtjzymPz5ZqCv1rlYsKtWaf5qfC+CUMjRFt96bpYnbntcv17nnjuiZ7frd77crZ8nDWp6Tor22Z3Tb95Zpk7VYVY/OlXXodq157BVtlWeengXLtLb9Ki1f9Tv9/o4Zcq57QPcHrD/w2NrlMRsA+sR2feaQ9JU0pUbaG6er73dSp98P964r0/zn3tXwbxSqatXDunv6O3rpTcOTPd8PV9in6o6nfqc/PpKp4e8+o9ue2GxoBACIFQQ7feZvWlPlkC79sR750eVKnZKiWT96UA9eM0p7X6vTG8cl5/rXZWufrO8/cKdyzpussy6bp0duudi8IElpuqXQf0Unae69uvuaNCUljtdZ19ykvBRJju1yKoJl/s9LWrFNuqKwRLfOTlPS9Jm6ddm9mjv6qGpeebMbP15GaW7hPJ013P0v559f0qsH3eude3GKks67Wj9Z/n2d3+7Q2rpIxl8AOKldNF+P5IySrfLXetXQw7B7RinnR/M1a3qKZt2SpSsk7U3L0ZK5aTrr4nmad6mkL3dqj++YlKa7H/q+rFPG66xrbtMt50u2ugZDryHjsbXrYzYADJYuv991+v1wp16ts0tnzNWS+6/2HN9KtPASw5P/5yWt2DZKc0t+qpzp45V08fd1zzWjtPfPrzO5MgDEIIKdvrJju7a0S6kzUuTJPiRJSadPkLRTe3dLn33qkJSqC6b764ePTjC09jpdkxL9/zqxY6NWPni/rv/eDzUnc6FWGHKTrpbp/Od2SVN1Qdowf4OhE5R0mqTdB7THX9qFCUoybFOo9eq005UkybnbP8wLwKnr/FvuVM7od/Wrx97RXnNlRDzHKkkaOVojJGn0aN8x9qypU30tP/vYIcmuX33Pc6eZ2T/ULzdLajfG14ZjawTHbADoG5M18TRJu3fJGeFQp1Dfs8zfGcN/P9zh7iF03tlK9bUepjGjff+Qc5tD0lGtvcd7zLxO82uOShFuHwAguhDs9JUpUzVjqLR1iyOgF4xz135paIrOmiIlnTFVkkOfGYYq7f1yl6F1CMc3qvT7j+s/j1+qJcuX6/drH9PCFH91V8tM+spUSdv1gd0w7Kp9v5y7JaVMVZIkDZWkYzrsvUIdwUn9rLNTJG3VB9sMhbt3ySkpdZr/xxaAU9jIr+uO4pnSm7/WoxuN3XaGuY87R47IV9p+ohs9CIOddU6KpDTd/fzv9Oe1hsfyf3Mf58wiOGYDQN8Ypiuvulg68rpWPBd4zAmnq+93nX8/PF1JU/y9u90OyPml7x9Kmp7i7o39kOmYufbHsvqbAQBiBMFODzk/2KgN672Pv+mz41/Xt68ZJb39G933243ausMh25qH9MCfj2riNVdr1lDprMtnKknbtaLsGW340KGt65/Rfb+1mxcdaN9+z9WdYRo+skV769dotaHHTqhlPrTaPfmoJOmSqzV3nLShskwr19vl3LZZa0qXae2RUZr7rZmSpLQZaZLe1XPlG/XZDrvWlv5ar/qXEFLS7KtlHbpTzz/4uNa+65Dzw41a8dPntXlomuZmEuwAcBvzjdt09yVHtXWbca6byTr/vFHS7r9q5arNcm57RyseXqvPDC26K+nSbyh1qF3PVdTKvk+S9sv+59/oTx8aeisG6PqYDQB9Zficm/STr43S1jV36ervP6SVazdqw/rXtWbZ/bpvreF7m0eX3+86/X44VbMumyw51ui+8o3aus2uDeWP6znjHIgXfUM5445qbeVzavyyRVKL9r79kp5+e39AL0YAQGwg2OmhzWsf131l3sfz2rRbOv+OJ/TMD2bIue5xFdx4l25fvV3n/+BB/f6O891Pmj5PzzxwtVJ31Om+2+/XfX+ZoIV3XC5JGhHuR8SUq7Qwd6r07jO6/ntFWnHgX/VNQ4+dUMv8wY++7q8fer7ufvZBLUzbpf98+H5d9+MH9Nw/Z2jh8id090XuJhNzbtNPLpks52uP6/qby7X58u/om/4lhHZalpY/f6fmjv6bVtxzl667/df609Cr9cjzS5TjHToBABqlb5YU6grTMe78H92reSmt2vTcA7qu6BUN/7csw5CBHvhKjn69fJ7O31WjRT/+oa6Ze78e2CSd2UnPmy6P2QDQZ6YqZ9kTeqZwptIObtbzlY/rvrJKPfc/JzRpimGMlFdX3++6+H6Y+oOf65HMqfriz4+r4PZy1U+cp1uMc+yM/Lp+8tS9mjv6b/rV7Qt0zdwFuu33nyppymRDIwBArLC0nGh1mQujjcvlUltbm5qbmzUxcYK5OqZtfuKHmr9ughauekzzOvkBAgAAAADAqWTvvv2Kj49XXFycLBaLuRoe9NgZUH/TynvX6NV3Hdq7w64Nv31A9607IF2SpW8T6gAAAAAAgG6ix86Acuj5Bb/Q6m0HdLhd0sjxOv8bP9CDxZcriQHNAAAAAAD40GMnMgQ7AAAAAAAg6hDsRIahWAAAAAAAADGKYAcAAAAAACBGEewAAAAAAADEKIIdAAAAAACAGEWwAwAAAAAAEKO4K1YvHTverP0HDuvI0WM60domlyvqdyeAk5TFYtHwYXEaPSpBE8aPUcLIeHOTAcXxEUC04PgIAKFF2/HRjLtiRYZgpxd2fLFbh44c1aTEcRozepRGDB/Ghw3AoHG5XGo50arDR45qz76DGjt6lKaceZq52YDg+AggmnB8BIDQoun4GArBTmQIdnrI8U+nhg2L05QzTuMDBiDquFwu7fhyt1pb25TylSRzdb/i+AggmnF8BIDQBvP4GA7BTmSYY6cHdnyxW8OGxWnqmafz4QIQlSwWi6aeebqGDYvTji92m6v7DcdHANGO4yMAhDZYx0f0HsFONx073qxDR45qyhnR0z0NAMKZcsZpOnTkqI4dbzZX9TmOjwBiCcdHAAhtII+P6BsEO920/8BhTUocx5UWADHBYrFoUuI47T9w2FzV5zg+AoglHB8BILSBPD6ibxDsdNORo8c0ZvQoczEARK0xo0fpyNFj5uI+x/ERQKzh+AgAoQ3U8RF9g2Cnm060tmnE8GHmYgCIWiOGD9OJ1jZzcZ/j+Agg1nB8BIDQBur4iL5BsNNNLpeLbrQAYorFYpHL1f83QOT4CCDWcHwEgNAG6viIvkGwAwAAAAAAEKMIdgAAAAAAAGIUwQ4AAAAAAECMItgBAAAAAACIUQQ7AAAAAAAAMYpgBwAAAAAAIEYR7AAAAAAAAMQogp1o01StPKtVJQ3mCqAbGkpktZao0VyO6MN71Tv/aNCz1fV622muAAAAAE4NBDsAesRZlecPJBpKZJ1XLaf3/8OEk42lVlOI0agSq1VW46M0MOJwr8fYJk/VTf569zLDP7+x1Kq8Kqckp6rnBddjsNlVV/2ynq1u0IfmKnmDmzB12qm37fuUdFGmLk0y1wEAAACnBoKdaJOcr9U2m8oyzBXAIAjXm6SpWveskIrXlSndXJdRppqFaapfZHpeQ4mKatP8z2mqVp61SFpuk83mfVQo0/CUxlKrcuqzVOOrt6lmYYq/QVO16qbXBD6/tsgT5JglKX+Nuz5U6BRLnFV55qKTwD69XW83F3Zq11t/14ejzlXWV801AHAy8l4MCXFeNvBeEIn1cx0AIHIEOwC6zflGnezZhcpPNte4JRUUKlP1qvQFLI0qWVSvtIWP+p7jXkaFKcRMV9kSb1TUqLraNBUvzZexM0ZSQZl/vcn5Kisw1qarcGGa7PXr3b2Hgrjr61d6ehchaiSdNVVj9nykun+Yazpx9td0c2aauRQATmJpSkutV13Y0Map9d0MyQGcOjo6OsxFPp3VIfoR7AyyxlLTFZWmauUZh5p4e0x4hrdYrVbfkJeAISreYTAGgUNY8lTdYFp2KJ45foKX6x7GklfV6B7OEnAlyDycpot1BPE8P2CIjLssdM8Lr67W691mZ+BwnRD7KnA4T4ihPqWNvjbGYT092h/e97jBu687v/IWjnkIUpdX5szvrXF/h9imZ0qtsi6ql1SvooDtdH9pzLza0Fcno0y2NcYAJl1lyzNlX3GPqpskZ1Wl6lOL9WhACCOptq6L125X3Rvmd6t70pfYtNqw3qQrs5S2tU7rje9JQ0nfD9FqqlZel5+1MO992PfK/bnLWXESfmkfb9UVZ8XL+V64YVce/2jQs/9p0y5JpydN9hS6h3P5QiGnTX+ortfb/7DpD9Uv61njUK9/NHj+HWb4l9P4nJf1bMAPpJ16+z9f1h/esuvt/3TX+4Mo75Ay74N5fwD0B7ukTi5QNFSqXJnKTDVXADjV7du3T8uWLdMnn3xirtInn3yiZcuWad++feYqxAiCnUHiDV0qp9dEMOyqXkWvZ/mHmmwtV47VqpxthQFl9xhCEGdVnnJWpKjCN0SlUFsWlavzn4ONKsktV4pvaEyNiqcHtrCvqJSWuuvLMvzDaRwL/cNhAobKGAOpoIf3R226ytYVK6220heANJYWqT67IuAHeYAQ67UtT1F5bnDAYV+Ro7qrDUN1TPuqsdSqIlWYlmMKY2qLfMswblMk+yP0dtlVvlJ61GaTzeYdzuSZAyZoP7kfASGXeQjS8kzVLzIHWwZN1crLrVPWOsN7u63IFGYEbtP8Je7lSpmez5F3CNV61W3NVFZXn9uMMlVk21W+OM89bCuo582jKk6tV5E5+PLxhkM53Qhd3KFTWubsgHUFSE5Riuza4jCUZZSpZnpl8H7uEU+wl7tFhQFhl+eztq3YP7Rs3QxVLqo3tOjqvUpS/hqbahaenL1UTr/sazpvZPeHZIXWrA/t0hX51+rm/Evdy61+Wc/aE/RtY5lxXU6b/rB+j5JnX6ubvW2OfmQKd6TDnzmkS91tsr7qDYM+0uGzLvU871rdfFGCPlxvDH4AoG+k3FqoTPMFCo/G1+uVlpmlGeYK8wUD04UH70WswIuC5osP5gtXgfXOqrzg87X5gmXQd51w3wEA9AeXy6WnnnpK7733nq/svffe01NPPSWXyxXQFrGFYGeAeU+Y9+jRoJAgvExV+IanuIeShCrzDz9pVOUKuzKXG+c/8YQnvn+H0OSQQ2ma4ctlkpS/JPCHqUzDbxqfKZfdFMAEDJXJKPOHD0EPw/Yl56sw267yZxo9c7EYX1+wUOt1BwlS/eumLxUBw31M+6qpWpXmdWUUqjjV1FMktViFoYKMCPZHuO3KvNW0bz0/2oP3k/sRsEzzEKSMLGWawwqDxmfKJcMwKClJ+bdmBvWYCd6mEBxbZE+dIUN8F1b6/GKlbbWHGbblDSmk8twwX+4yynzz5lit5l5dwRpLc1S+NVOFnf5dpWhGquT4LDDASSpYLZvNpkd1Tw8DHu8X3jplmT/f8n7WTEPLkvO1erlxVqHI36uT02RdemkPhmSFFK/zLrXqdMm93LTE0GV7dvp67Xz4wXbprK8ZJmIObiNJmpQSMFnzhx9s1+FJ5+q7l3l7EEn6aoYunSQ5t/dFSAUARukqXCj3dyYjz3eawoLgM3TjM1tU6PtOUaNilSvHfE6tLfJ9P7XZatwXXwxtnFV1muG76GBTRXa9ikL0TO1MY2mOyqf7L6YFXAwE0K8SExNVVFSkadOm6YUXXtCGDRu0YcMGvfDCC5o2bZqKioqUmJhofhpiBMHOQPH0XPH2soks0OlEZz+smxxyKIIeFWbecCU3/A/otOnGtTrl2KbAITm9kL7E8wN+Ub0plDILv970qzOlbY6ALxmB22zi2CK7b6iR95Gj8q2mdtNTQgYeke6P4O0yBmg9FHD1rUimfh8G7u2yr8gxvEbvMCujPtimAE5VLy6XPTVNaZ1MWOwNVLwBT3Cgkq4ym80Q8JivIMoXqrh7w3T22ZGkJKWYeqIZebencJt7f4Xbbj/v1cdKzxfeMOt3bJE9NUuzgwIuo0jfq5NYUoRDsnokQeNC/SFLknbq4FHp8GdvG4ZTvaxn3wvukjxm9HjDv9zPS5oaHJufNzVROnpYu8wVANBLSVdmKc0U+DvfqJMWFoY8B6UvMZ6bkjQ7My3o+5IChkwHX1QIuHDn/W6zdYvCXFMKwX2OM353Mi8TQP9KSEjQggULdOGFF+qVV17RK6+8ogsvvFALFixQQkKCuTliCMHOQAnoeRCiZ0KUSF/iuUqzLbIeEl2KaCiWl7snxYBLNQyNCddDZkCYuycHPoyBR2OpVdaA4TqBd5MKJTPg7lPeR5gQog84q+5R+dZMVaxZrUdD3SXLJKlgtWzLM2VfURmmXbrKPFcQ/ZMym4a/mYY+9YgnMCuqdQ9B63qopKnnUW//ZgbhvYo2fTskq3uSLvIOwzI+MnSeuSEADKbkfBVmB96koHKFlHVl+LOgcY63kHO1hbmIZRQwVKvbFx3cYZH74kXn3wkA9J+4uDgVFBQoIyNDGRkZuummmxQXF2duhhhDsDOgvD0PHpUWB/9Y71sh7pjg2NLFHDteniFBy7sa/uHu+WAeYhQg0qFY3iBgeoVnvpjOTvjh19v4en1EX0x8UmYET6TbY73drkiHYjWqrlbKXL46wqtc4ber3zRV6x7DcMDgu2SFkTJDaXLIEfb9cL8W+zbP9cGmauV55oWKPIhzXzE0831ZXWye+ygy3p4+tqvrwgSXkkJ81pyfGa91DsJ7FZUMQ7IOJGiMufr4Me0x/tt5WIeN/+6RyRo3qidDp8I/78Pt+6RRYzxDvwCgb6XPL5a8Q8sb6lQfctiz4YKFYT7B7s/V5u4Zm1Of5b8YZhpKHBHP98KahQ7TjRkADKQhQ4YoNzdXubm5slgs5mrEIIKdQeH/AV+4LSeCoR7dlJyvwmyZwhH37aY71VStkq5+eJukzy9WWm1RQEDlrCrpfo+khhLlrJCK56d75rgJHNdtFmq97rl50tzLiFTybGWl2lW+2DyJYM++aPTZdnUqeI6YxtLOhmJ5ukubh0NF8n6HClpSZiit067XniFYprmNjHfJUpjPSeMz5YbhSo0qMX8GmqpVWesf7hb6luldcWjLVinlLEMQ1FDin4y8t71+vGHmuhmqNM494Jm7KeCz5gnAjCJ5r5LO6tMxc9HJOyTrs+2Boc1XJytJ+/SPt3Z6Cnbq7bdNbXrovKmJknl+H6dNdb51hXbeBe4Q6g/Gdv9o0Nt74nXeBd398QQAEUrOV+H0clU2OFW90hH2e4bzjTrZU4tV08nchV1qqFO9MlXR1TnSPLwrzEVF98WQCmWGuhAJAOg2gp1Blr4kkqEe3Ze+xDOpnW8oT52yupo8WZLDOLfHIqmiq14Lyflava5YMjwvp35GF/OImDRVK29RvdJ8E8YmKX9piIDEKMR63dsbaS8WryTlr/FMImgY9lQ5PfQY9S712XZ1xr1/jOuou7qLoVgZZZ6eUP7XaM3doqyuerkY513yXlVLTlFKJ1/E3BMYhwiyvHfJyvWGZg7Pcv2PIlUEBiveSZN92+wefub9m3Fsswe38TzCBqZBk4R79k9vvvCGkpyv1QFfgEN81hZLj5qveEbyXmUUGp9x0nIPyTKXpinrokTDXDh/ly49t/MfGpH6aoZuvihRzvcMc+ysP6ZpxkmRQ0my6ruzp0rG+Xneky7NzwyYZBkA+lr61ZmqX3mP6qaH6a3jvRhgvCAT4qJCl4Iu9ARfMEy6MktpW8tV6Tv/mts4VV3avcmWAQCRsbScaI36+5q5XC61tbWpublZExMnmKsH1AcfbtMF53Uy82o0891GuS9DBpyKfLeI7+swZAA4q/LcXcm7uup4khmIY9dArAMA+tpAHLv6Zh2NKrEWScuNFwWdqp6Xoy23dl7WWGpVUa2nOrVYFZl1KjKcC0Oe1xtKAi7yOavyDHPzZKpiuVRkuggY1GbdDFX6vnu6t8t4g4rMgNcCINr0zbGrd/bu26/4+HjFxcUxbKwTBDvdFA0f7p46VX/Qoh/EbEgY6kvxqWEgjl0DsQ4A6GsDcewaiHUAQF+LhmMXwU5kGIp1kmosNd15q6FEOSvsyryVUAd9IDlfjy6UYVhVLHCqel6R6rs9Jw8AAAAARC+CnZNUynTPrZe9c3Qsqqe7K/qUe+LDLuZgiiqeSctjcPgYAAAAAIRDsHOS8t162fAg1AEAAAAA4ORCsAMAAAAAABCjCHYAAAAAAABiFMEOAAAAAABAjCLY6SaLxSKXK+rvEA8APi6Xa0BuD8nxEUCs4fgIAKEN1PERfYNgp5uGD4tTy4lWczEARK2WE60aPizOXNznOD4CiDUcHwEgtIE6PqJvEOx00+hRCTp85Ki5GACi1uEjRzV6VIK5uM9xfAQQazg+AkBoA3V8RN8g2OmmCePHaM++g3SnBRATXC6X9uw7qAnjx5ir+hzHRwCxhOMjAIQ2kMdH9A2CnW5KGBmvsaNHaceXu81VABB1dny5W2NHj1LCyHhzVZ/j+AgglnB8BIDQBvL4iL5BsNMDU848Ta2tbdr+xS6uvACISi6XS9u/2KXW1jZNOfM0c3W/4fgIINpxfASA0Abr+Ijes7ScaI36M4vL5VJbW5uam5s1MXGCuXrQ7Phitw4dOapJieM0ZvQojRg+jJnDAQwal8ullhOtOnzkqPbsO6ixo0cN2kmZ4yOAaMLxEQBCi6bjYyh79+1XfHy84uLiOFZ2gmCnl44db9b+A4d15OgxnWht4woMgEFjsVg0fFicRo9K0ITxYwa9+yzHRwDRguMjAIQWbcdHM4KdyBDsAAAAAACAqEOwExnm2AEAAAAAAIhRBDsAAAAAAAAximAHAAAAAAAgRhHsAAAAAAAAxCiCHQAAAAAAgBhFsAMAAAAAABCjCHYAAAAAAABiFMEOAAAAAABAjCLYAQAAAAAAiFEEOwAAAAAAADGKYAcAAAAAACBGEewAAAAAAADEKIIdAAAAAACAGEWwAwAAAAAAEKMIdgAAAAAAAGIUwQ4AAAAAAECMItgBAAAAAACIUQQ7AAAAAAAAMYpgBwAAAAAAIEYR7AAAAAAAAMQogh0AAAAAAIAYRbADAAAAAAAQowh2AAAAAAAAYhTBDgAAAAAAQIwi2AEAAAAAAIhRBDsAAAAAAAAximAHAAAAAAAgRhHsAAAAAAAAxChLy4lWl7kw2rhcLrW1tam5uVkTEyeYqwfWW49rZulG/7+Hj9L5l35HC+/K0fmjjQ1DO/zW47r+sWNa+NRP9c0zzLUAAKBPmM/XkqTLtXz9nZplKu1b27Xm5oVaoXn647NzlWSuBgAAEdu7b7/i4+MVFxcni8ViroYHPXZ66Py5d+qRkjv14Nyz5Xzrec3/aZ32mhuZOdbqtvIDumU5oQ4AAAPBe752P7KVZm5gsnXt/bo+t1KbzBUAAABRimCnh5IuuFxXzL5c3/zRg3p87nhpc4Ma95lbmaTMVdXaB5WTYq4AAAD9wXu+dj/SNNHcwGTPFrs+O9hiLgYAAIhaBDt9YPhw/xisE/Y6PbDgRmXMvk4zZ1+nOTc/I9sRd51z1ULNnL1Qa/7pabutRvfdeL1mzr5OM+dcr+uftvuWAwAA+kn7AW164i7NyXSfqzNyl+nVfdu15ubrtGi9JG3UotnXaWbZO5IOaNMT9+v6a9xtZ2Yu0H3rthuWtVMbli3UnDnuc3nBE3/THsOqJGnvm8/oduP5/r612uz5bgAAANBbBDu9dOKfr2tlzXbpvEuVnijt2bxZY75Vot+v/Z1+f9fFGu6o0+3l75ifJmmzVix6XhuGX6UnV/1Of3xkrpJO7Dc3AgAAvfBqqSeQmX2dZt68Vk5Je2uWatG6Xbq48DH9ee1jWnKJtPfIVM1d/js9eKkkXawH1/5Ofy6+WNKn+qDpfC2s+J3+vOpBff8rO7XhiWW+izSbn7hb99Xv1/nfu1e/f/5BzT1SpzUO//oPv/W4Ch6s057z5unJ3zylquJ/ld5do/mLauT0NwMAAOgxgp0e8n5RzPh+pTYMnakHS3I0UVLS3Ht19zVpSkocr7OuuUl5KZIc2zv/8jZ0lJIunqvlhTPNNQAAoBcC5ti5ZaYmmeqHj07RFfffq3lTpOHjxmvMSElK0JjE8Zo4epikr+vWZfM0a/p4TZxyvm4tuFzSdtn/KUl/05/+fFS69Md65EczddaUNOXcf6++f5p36Tv1p6qN2nvGXC25P0fW6ZOVes2d+vUtadK2l1VDR10AANAHCHZ6yP1FsURVq1apYe29vsmQT+zYqJUP3q/rv/dDzclcqBWGq3aBztctD83TFcf/qtvnfU8Z8x7SWkeruREAAOiFgDl2Lpmq4ZIm5hTrkcwJeveJuzTnGvfwqcPmJ3q1H9Dmtc/ovgU/1HVzrw+809aO7drSLqXOSNFwX+EwjfWN0N6hzxySzjtbqb56aeIZp0s6oC92GwoBAAB6iGCnh9xfFL+u1Cmj/F/mjm9U6fcf138ev1RLli/X79c+poWdTJQ85vy5emTN79XwfKFmHX9Xvyp9SVvNjQAAQN8aOllX3LtCr/35d3py7hRtXVemh9aHvriy9bn7Nb9ysybl/UzP/OZZNTxwub/yjNOVImnr58Y5d/bL6QtspuisFEkffhpwft/75S5JU5X2FUMhAABADxHs9KV9++Vsl6RhGj6yRXvr12h12B47f9PK0hpt3XFAh4dOVlKiuR4AAPSW84ON2rDe/9i6W3KurdSKtxzae0SadGaixhifMFSSHNr0ll0b3rJrz+6dkqThIxOkfZu1crWhx87Qi3XlpZLW/1r3rdmsz7Zt1prSSr3qazBZ38xKk75cq9KHa2TbtlNb1z+jO5+2S+dn6ZsEOwAAoA8Q7PSlKVdpYe5U6d1ndP33irTiwL/qm2F77ExQ/O6X9KMbf6hrbnxIfxp+tR5ZPi+gqzYAAOidzWsf131l/sdquzQisUWbHr5L18z9oa5/ersu/sHD+umcYZKkWdfP16zE7Vpber8e+u+jmnX9fF1xxi6tuWeBckvfVtpVxvnwhumK+x/WwktGa9NvH9D1Rc/I+f/NV55vjh1pYu4S/bHkao35nzW6/ccLVLCsQSPm3Kk/PprV5a3XAQAAImFpOdHqMhdGG5fLpba2NjU3N2ti4gRzNQAAAAAAOMns3bdf8fHxiouLk8ViMVfDgx47AAAAAAAAMYpgBwAAAAAAIEYR7AAAAAAAAMQogh0AAAAAAIAYRbADAAAAAAAQowh2AAAAAAAAYhTBDgAAAAAAQIwi2AEAAAAAAIhRlpYTrS5zYbRxuVxqa2tTc3OzJiZOMFcPqmPHm7X/wGEdOXpMJ1rb5HJF/e4EAKDfWSwWDR8Wp9GjEjRh/BgljIw3NxlQnK8BAAjW7pJ2tUj/OCRt2OvS1iOB9fabzgksGGB79+1XfHy84uLiZLFYzNXwINjphR1f7NahI0c1KXGcxowepRHDh/FhAwDAc+5uOdGqw0eOas++gxo7epSmnHmaudmA4HwNADjVOBwOc1FYHR0utXVIrW0dGjrUovhh7oE9mQ1tBDsxgqFYPeT4p1MuuTRj+jSdNnGC4kcM54MGAICHxWJR/IjhOm3iBM2YPk0uueT4p9PcrN9xvgYAoHNDhlg0PM6iUfFDJUnHWzrMTRDlCHZ6YMcXuzVsWJymnnk6Xw4BAOiCxWLR1DNP17BhcdrxxW5zdb/hfA0AQPfEDxsiyxCpuZVwJ5YQ7HTTsePNOnTkqKacMTjdyQEAiFVTzjhNh44c1bHjzeaqPsf5GgCAnokfNkTt7S6ljjbXIFoR7HTT/gOHNSlxHFf+AADoJovFokmJ47T/wGFzVZ/jfA0AQM8NixuiKyZyDo0VBDvddOToMY0ZPcpcDAAAIjBm9CgdOXrMXNznOF8DANBzcUOkr441lyJaEex004nWNo0YPsxcDAAAIjBi+DCdaG0zF/c5ztcAAPTckCEWnT7CXIpoRbDTTS6Xi27dAAD0kMVikcvlMhf3Oc7XAAD0zlBOozGDYAcAAAAAACBGEewAAAAAAADEKIIdAAAAAACAGEWwAwAAAAAAEKMIdgAAAAAAAGIUwQ4AAAAAAECMItgBAAAAAACIUQQ7AAAAAAAAMYpg51TSUCKrNU/VTe5/NpZaZS1tNLcCAAB9paFEVmuJ+ups21hqlXVetZzmCgAAcMoi2BkUjSqxWmUNePgDFwAAEC1CnLO5KAIAAKIIwc4gylxuk83mftQslMpz++6KXkgZZbLZVis/2VwBAEDPdXR0mIt8OquLek3VyrMWSYbztc1WoUxzuwGUvsQm25p8JZkrAADoQmfn5M7qEP0IdqJEUkGhMuWQg147AIAYsm/fPi1btkyffPKJuUqffPKJli1bpn379pmrYoLzjTrZsytUlmEsTVfZknRjAQAAUe/QoUNas2aNduzYYa7Sjh07tGbNGh06dMhchRhBsBMtmhxyBBQ4VT3PqryqRlXPc3f9Lmlw1zSWBnYJ95Z7ha3v43H+AABIksvl0lNPPaX33nvPV/bee+/pqaeeksvlCmgbc2rrujxvOqvyQp93w2mqVl6nQ7vc3wFCLTPk/HgNJQFtg+bg8Z7/TesN2s4utwsAEMtcLpfWrVunjz/+2Ff28ccfa926dbF/vj7FEexEBaeqF5dLCx8NGiZlX1EpLXV3/y7LcH/pqpte4+8SvjxT9Yv88/M4q/JUtK1YNYZ6AAD6S2JiooqKijRt2jS98MIL2rBhgzZs2KAXXnhB06ZNU1FRkRITE81PiwlJBY+qOLVeRZ3Mg+esylNOfZb/vLuuWI5FIUITr6Zq5eXWKWudd2hXjYq3FRlClEaVWHNUPr0i4FwfjrMqT9ZFDhX7lmdTxfRy5QRdyKlX0WLpUd8Q8DTVLzK06XK7AACxbOzYsfrOd76jM844Q3V1dfr73/+uv//976qrq9MZZ5yh73znOxo7dqz5aYgRBDuDqH6R96pYjsq3ZqqwIMSI+ezCwLAnOV9lxnYZWcqUXVs83X0c2+zS9BT/2PuMMlMXcgAA+lZCQoIWLFigCy+8UK+88opeeeUVXXjhhVqwYIESEhLMzWNIkvLXeOfBs4a40UGjKldIxUsNc94k56swW6p/PXQg0viM+UJOkvJvzfT1DHJWVao+tVg1xuFeYc/ljapcYVfm8sD589KXVChT9aoLCJfSArbTPQTc36ar7QIAxL74+Hjl5uZq+vTp2rhxozZu3Kjp06crNzdX8fHx5uaIIQQ7g8g4ebJt3QxVhugWnTY9JbBA5q7SRao3VKXPL1ZabVGIL58AAPSfuLg4FRQUKCMjQxkZGbrpppsUFxdnbhaTkgpWe3q5uAOevCrPQKcmhxyye0If/6Oo1rwEL6cc2yT7ipzAoVOL/Gdyxza70jJnRzY5cpNDDmUqKyj0SVdWtuT4zDggK0UpYW+e0PV2AQBODkOHDlVmZqYuuugiXXTRRcrKytLQoUPNzRBjCHaiRRdX+LwaS62yBnSVNt2dIzlfq2022ZanhLm6CABA/xgyZIhyc3OVm5sri8Viro55SQWrZVueKfuKSkMvlkxVeC/SGB+dTLAccGHH9yhT+GcMjGjdLgBA3xoyZIjvQszJeL4+FRHsxJRG1dUqqMt1SBll7vHxqXbVvREwhSIAAOiplBlK897FMjlFKUFDnjqTpJTpnV/ESZmeJnv9+sDJj8MJu37394WUsyLq9xPRdgEAgOhFsBMtmqpVWStlXt3ZdbEUzUgN7FrdWBo4FKux1DxZIgAA6AlnVUlQr9fGZ8plT83S7GT5hjwFTEIc5nle6VdnSrVFgUOvm6pV4hnelVRQqMyt5coxTlrcUBI0VNstXYUL0wJuoiDvd4PUYhUGDdEKr6vtAgAA0YtgZxD5J0/2D68KPTmiV5LylxZLhjHwdVebhmKpXkW+8fE5qsus0epQkzIDAIAuOILnz1GFbGv8kxCnL7GpItt47rUqZ1tW+J61GWWeO1oavwNsUZbvXJ2uMluFMmuLDHPdKMQ8Om5JBasNkzuH3saIdLldAAAgWllaTrRG/Q3rXS6X2tra1NzcrImJE8zVA+qDD7fpgvOmm4sBAECEBuJcOhDrAAAgWjkcntsm98Lh4+2Dfi7du2+/4uPjFRcXx3xAnaDHDgAAAAAAQIwi2AEAAAAAAIhRBDsAAAAAAAAximAHAAAAAAAgRhHsAAAAAAAAxCiCHQAAAAAAgBhFsNNNFotFLlfU3yEeAICo5HK5BuR2pZyvAQDonXZOozGDYKebhg+LU8uJVnMxAACIQMuJVg0fFmcu7nOcrwEA6LmODpd2tZhLEa0Idrpp9KgEHT5y1FwMAAAicPjIUY0elWAu7nOcrwEA6Lm2Dukfh8yliFYEO900YfwY7dl3kO7dAAB0k8vl0p59BzVh/BhzVZ/jfA0AQM+1tnVow17OobGCYKebEkbGa+zoUdrx5W5zFQAA6MSOL3dr7OhRShgZb67qc5yvAQDomebWDg0datHWI+YaRCuCnR6YcuZpam1t0/YvdnElEACALrhcLm3/YpdaW9s05czTzNX9hvM1AADd09zaIVeHFD+MqCCW8G71UMpXkmSRRVu2fa7de/erueUEXxoBAPBwuVxqbjmh3Xv3a8u2z2WRRSlfSTI363ecrwEA6FxHh0sn2lw62twuSRo5gpgg1lhaTrRG/bcbl8ultrY2NTc3a2LiBHP1oDp2vFn7DxzWkaPHdKK1jS+LAAB4bjc+fFicRo9K0ITxYwZk+FVnOF8DABCs3SXtanFPlLxhryto+JX9pnMCCwbY3n37FR8fr7i4OFksFnM1PAh2AADASefuu+/WkCFD+BIIAEAPuFwudXR06Fe/+pW5akAR7ESGYAcAAJx07r33Xi1btsxcDAAAIhQN51KCncgweA4AAJx0+PIHAEDvcC6NHQQ7AAAAAAAAMYpgBwAAAAAAIEYR7AAAAAAAAMQogh0AAAAAAIAYRbADAAAAAAAQowh2AAAAAAAAYhTBDgAAAAAAQIwi2AEAAOg3TlXPsyqvymmu6JmmauVZrSppMFcAAIBTFcEOAABAJ5xVebJarYZHnqqbzK0AAAAGB8EOAABAGI2lVuXUZ6nGZpPN86hZmGJuNnCS87XaZlNZhrkCAACcqgh2AAAAQmpUXW2aipfmK8lQmlRQpvxkQwEAAMAgItgBAAAIy666N7qaH6dRJcahWvOq1eUzSrsY2tVQEjj8y7vMpmrlBbV3z+NjbB84B49/np+A9YbYzi63CwAARB2CHQAAgJDSVbY8U/YVObKWNporPRpVYi2SlvuHalVML1dOiNDEq7HUqiJV+NrblqeoPNcfojir8mRd5FDxOu8ya1Q83bwUr0aVWHNUPt2wvHXFciwKnrDZviJHdVd7l1mhzK3lusfQpqvtAgAA0YlgBwAAIJyMMncIUlvk7sViCnicVZWqz64ImPMmfX6x0rbWaX2oQKSpWpW1mapYku4vyyhUcaq3Z1CjKlfYlbl8tWG4V5LylwQOB/NyVlWqPrVYNcblJefr0YVpstevDwyXArYzXYXGNl1uFwAAiFYEOwAAAJ1KV5m3l0ttkazWEnnjHcc2u+QNfbyP3HLZTUvwcWyRXfUqMra35qh8q6e+ySGHMpUV4eTIjm12pWXODgp9kq7MUtrWLXIYytKmdzLpc1fbBQAAohbBDgAAQETSVWarUXFqvSoNQ5jSFtb4hy/5HsYeNyapxQF32fI+VheY45kBFq3bBQAAOkWwAwAAELEkpUyX7NvcfWFSpocY8tSZlBnhh2lJUnKKUlSvuoDJj8MLt37nG3Wyp85QJ310AnW1XQAAIGoR7AAAAITUqBLzpMlN1aqslTKvds9F4x7yFDgJccjneSXPVlaqXeWLAydXbiz1Du9yz31Tv8g4abFT1aWhJ2NOKihU5tZy5RjX11Ste1bYlXlr6Hl5QupyuwAAQLQi2AEAAAgnaP6cOmWts/knIU7O1+p1xdKKHEO7Ss2Yb5iEOECS8tfUqFjlyjEst3J6obzPSCpYrZqFUnmuf66buunB8+i4pavMOLlzqG2MSNfbBQAAopOl5USry1wYbVwul9ra2tTc3KyJiRPM1QAAAAEWL16spUuXmosBAECEouFcunfffsXHxysuLk4Wi8VcDQ967AAAAAAAAMQogh0AAAAAAIAYRbADAAAAAAAQowh2AAAAAAAAYhTBDgAAAAAAQIwi2AEAAAAAAIhRBDsAAAAAAAAxytJyotVlLow2LpdLbW1tam5u1sTECeZqAACAAIsXL9aqg/nmYgAAEKEbx1Vr6dKl5uIBtXfffsXHxysuLk4Wi8VcDQ967AAAAAAAAMQogh0AAAAAAIAYRbADAAAAAAAQowh2AAAAAAAAYhTBDgAAAAAAQIwi2AEAAAAAAIhRBDsAAAAAAAAximAHAAAAAAAgRhHsxKxGlVitslqtss6rltNc3ZmGEvfzrFblVXmf6VT1PM/yShtNTzDrxbrDCblNp4hT+bUDAAAAAHqFYKfbDKGG51HSYG6jbrSLEk3rVbfV8/+1deoq2jlVNZZ28X42VSuvr0MvAEBUeOzn58u5MlWPmSsAAAAGEcFOH6h/PUQM0lCnenNZNEueraxUz/9nZyndVA239Kszff8f6n13vlEnu+f/0zJnK8lUDwCIUVel6Joz2nXo2AhZC8yVAAAAg4dgpxfSUtPc/xOih0vj6+5Yx9cm6iUpf41NNptNtiXEOmFlZMkX7WxzmHrkOLW+3hfrKOtKYh0AOFncesFIjf3ykMqb2nXORSm61dwAAABgkBDs9Il61QUMy2lUXa3x3zh5pCsr2/O/W+u0vslY59AW73C21CzNTjbWAQBi1yTNTh6qjz/drpWPH9LHCSM1+ypTk4JU9zCtglQ5V57vfix3B0C33nleUJnfVL3prVtpHuplrvM+ztMffOufpD8sD6x/M6BHkbt+y52TPEPJerId7h5LW4z1Qc8HAACDhWCnNzL9vTcChuX4hmFlKss/cieYcT6WLuZlcVblRTRfj7md+5Gn6oAAIpTwEyKbl9n7dRsmarZaZbWWBPV4ChC0n4KXGWrdkUxEHPS8MPvfyD8cy666NwytDcPvvMOwjHPyRPx6DYK2L9TrCph8udG3bwPa9eM+BICTXkGiLktoka1KkrbL9uVQXXb5VHMrSSN0w9nHlHTrZiXdul8fJ4xW6crzVTruUEBZ8Z2TfM+49c4E7Xxps6d+s178coRu8IUm2/UNT7nv+ZI+3vShvvtXecKYM3XZof3+Ni8d0eRZ7iDHaGzambJ+alhOt7Zjqt78zmjt3OSt/0JvHTIsHAAADCqCnV6Z7e+9YRiO5R2GpewszfY2NXFW5cmaW+6bj8Vna7lyTD+6G0utylkR2LJ+UVHIOXwc24KWKMmu8tzgH/KR6Pt1N6rEmqNyb88WSVK9ihaFWmK4/WRXea4/YAq1jV1zh0tBz9tarpyughfDcCx7/XpfEOR7333DsJxybPMUBahXUVfrCLd9kuwrcsIGUPYVRaZ925/7EABODY+dPUL68pju8vz7rk9bpDMSQkyi3KIXf77d8//b9aK9PWTZ2OQxvt4uKx/f6glp3O76tEVKGKZz/EUek/SH5RN0zpf79Y0qd8mtd47VOceOaIlv+ZL+6lC5aR2SJMPzur0dVw3TZLVr5w5v7R599+cOrfQ3BwAAg4hgp5f8vTe8w7H8w7Ayrw4zV01Tte7x/YjOVIXNM7fNumK5Z+Sxq3yx54d7U7UqfcO6/G1rFoaeuyd9iWdZIZYZ0LskEv2wbmdVpT8Uyq7wtK1RsXfiZiPDfkpbWONbboUnTKtfWS2ncdhbarFqDOtO8S8piLPqHk8Akqbidd5trvAENvWq7LSninE41hY5pMAQxzcMyzBvkfex3Px5Cc2/fcb9ZNj3W8t1T8ht9L+e1QVJ/boPAeDUMFXWM6SPPzWEJ1XH9LEinET5WKs+NpeZBAzVmjXCXC1JuvXO03VZgjEkks4ZN1SHmg4HBSwrPziuQ6Zw6NDBZsO/Qgu7HX916M9fDtVl3zlfzp+H6qkEAAAGE8FObxl6b9S/3hg4DCsjoKWP8c5JmcvL/HegSs5XoWn+lnBtkwoK/ZP4huAbAmToqWHf5o4gItX36zZOLpypCt8kzUnKvzV4icb121fk+IYHFXlDiK1b5FCKZnhDoa3lyvEOFUvOV1lBuMmLjdvh7rniXra/J1JX+yoo0DPcLj74bliGoWeGnkmOz0IFM+pkPwXue2NvIZ/sQuUb5vbpv30IAKeGW+8cq3MknTPLOP/MBHdZrydRds9rU5p8XEu8Q6k2tZgbSVelqDhNeuulrb5eQ32r6+246+eeIVhjJ7j3AQEPAABRg2Cn1wy9N7Y51PiZJxAYlFuG+wME3w/3ATMY63bI0ZSk/KXenkFu9Yvc2xFuLqCIBN3xysQU6PkDFOPdsLzzFpmHnvWftOnd7WPTj/sQAGKee9LkQ/YvDPPcGIKPUJMod0dBgs5Ri15c1Nmwpkn6wzWjJfuugKFSkvTxwRBDrrx38Iqgp5BPRNsh9xCsRZ7XHnIoGgAAGAwEO33A13tja7mKPMNewg7D6k8NlSGG73iHF/Wzfl535nLTkCabTTbbanfvlOR8rQ6xvvpFXc1jo8ChcMbHmnxTrxszY6BXp0pvDxvD3bCMw858w6B8w9MGXv/tQwA4SV01RhcktOuDD/aYa6SqfXrr2FBdcEHgJMXdsqNVhxSnZF84NFVvmoZiPfbzM3WZjqj88eBtcN+ha7RKjb1nrkpRcdpQffxeVyGNQVfbcVWK3jRNxgwAAKIHwU5fMPTecAs/DEuSkq7M8v24d89x4mGc08YTECSd5e+BYWzbWBo8gbHT21tIaSqe7wmWDHdq6q6+X3eSUqZ7/984j02jSkJMnhywn8wBQ0OJpzdJo0p8Ewmnq8wwf4y7N4rhOT5Jmp3pW7KKSgOji8bSyMKMlOne+W7qVR9iGJZ/MulMFXqGNBmHRoUXuH3G+X4CwqKgIV/B+m8fAsDJ77HLR2vsseNab+op47ZH65vaNTYtsec9V/7qULld7rlrVp4v58oE2YxDoApSdcMZkjx31/IPBfPe7ny7vnHrfn18hmd41Mrz5fzOSH3w0mbDRMkR6Go7JE1OO9Mw/4704q39NSwMAAB0l6XlRKvLXBhtXC6X2tra1NzcrImJE8zVA6xRJZ65WNIW1rgnqPXMK+MbgpRdIZtnXhRnVZ7vbkOZy20q8wQ+xvJgaSpe5+lJIaeq53UxlCe1WDVr8pXUUBIwh0sQ73YZ2vlfg/91+ZbXH+tuqlZe0B2aAoXdrybu/WnYbjPf6wilk+cpUxU2w9xH4QS9FuP71tV7bHidId+PLva98bWFfL5f/+1DAIheixcv1qqD+eZiAAAQoRvHVWvp0qXm4gG1d99+xcfHKy4uThaLxVwND3rs9BH/ZLqRDcNKKlgdelhOarFqvMNjJN+dlfw9KOQJEEIMc8ooM92xKlMVvRoO1Q/rTs7XanN5arFqfHeLCpS+xHgnKYPUYhV20isqbWFNF8OpzD1T/NIWFnYd6khS8mxlGe/mZRiGJc97HLD81GLVhHrPQ3Lv+1B3IOv6tQXqv30IAAAAABhs9NgBAAAnHXrsAADQO/TYiR302AEAAAAAAIhRBDsAAAAAAAAximAHAAAAAAAgRhHsAAAAAAAAxCiCHQAAAAAAgBjFXbEAAMBJZ/HixYN+Jw8AAGJZNJxLuStWZOixAwAAAAAAEKMIdgAAAAAAAGIUwQ4AAAAAAECMItgBAAAAAACIUQQ7AAAAAAAAMYpgBwAAAAAAIEYR7AAAAAAAAMQogh0AAAAAAIAYRbADAAAAAAAQowh2AAAAOuGsypPVajU88lTd5K1tVElAnftR0hC4DAAAgP5CsAMAABBGY6lVOfVZqrHZZPM8ahammJspc7m/3rY8U/WLCHcAAMDAINgBAAAIqVF1tWkqXpqvJENpUkGZ8pMNBWYZZarIlupfbzTXAAAA9DmCHQAAgLDsqnvDaS7sUsr0NGmbQ91/JgAAQPcQ7AAAAISUrrLlmbKvyJG1tHu9bxzb7NL0lICePgAAAP2BYAcAACCcjDLZbBXKrC1yT4wcQcDjrMpTUW2aiuenm6sAAAD6HMEOAABAp9JVZrMZAp4SmeOd+kX+O2LlrEhRhW115/PwAAAA9BFLy4lWl7kw2rhcLrW1tam5uVkTEyeYqwfVoWbpi0MuHTguNbdJrqjfmwAAnPzqnrlPS5cuNRf3Aaeq5+WoLrNGqwuSPLc7L5KW21SWYW4LAEDsWrx4cT+dSyO3d99+xcfHKy4uThaLxVwND4KdXrDvcmnvMWlSgkVj46URcRKfNQAABt/DP++/L6ONpVYVqUK2JekEOwCAkxbBTuxgKFYPvb/DpdZ26dzTLTp9jBQ/jFAHAICTS6NKzHPqNFWrslbKvJr5cwAAQHQg2OkB+y6Xhg6Rpo63EOYAAHAy806a7H3k1ilrHb1zAABA9CDY6aZDzdLeY9KUcSQ6AACc3LyTJhsf5kmR3W0IegAAwGAh2OmmLw65NCmBnjoAAAAAAGDwEex004Hj0th4cykAAAAAAMDAI9jppuY2992vAAAAAAAABhvBTje5XNz9CgAAAAAARAeCHQAAAAAAgBhFsAMAAAAAABCjCHYAAAAAAABiFMEOAAAAAABAjCLYAQAAAAAAiFEEOwAAAAAAADGKYAcAAAAAACBGEewAAAAAAADEKIIdAAAAAACAGEWwAwAAAAAAEKMIdgZbR4vsbx7Q4l/u1VWL9uiSO/bokkV7de0v9+upN4/pcIf5CQAAAAAAAG4EO4Po8McHdedPD+vGtW164wuXDrd6Klpdcn7RrufWHtNVP92v1R+fMD0TAAAAAACAYGfQHH53v777ZKsaj5hrTI60q+LJw3roXcIdAAAAAAAQiGBnMOw7pMVV7dob6TCrDpdeqTqimn3mii402ZSb/bIu9D3qVdVkbtQLmxo8y23Qxiabcvt6+aeAHS/W68JldnNxCHbdb9i/G5e93OnzIl9uKIHrihW9e839qMmm3OwGbTSXR6Cr97nPdefv2Ht8WWaXtFNVy2zaYW5zCunTz1/AZ8au+7Nf1v2bzI0i5X5+325bhJ+Rk4SzKk9Wq9X0KFGjuaEkqVElVqtKGszlAAAA/YdgZ8C16o0XT8gWItQZc94I/fWJsVp6nrlGUkeHyl48rEj77ex4sV4X3rJHuU9fq/drPY+nJ+mjt3aam/aQXfeXHdNdT1+r92szdHmyVetqM1WQbG6H/nD5vdfq/XvTzMU4yQz4+9yNv+Mdbx1T7tPXqjbZoQuz39a65GRNMTdCH0jTw7XX6uFZ5nKTMAHixmUOnet5n3Jf7IPjfzc+IyeV1GLV2GyyeR4V2fUqChvuAAAADCyCnYF24Lhe2mIujNCWVtUfMBeGsKlB2asS9KT5y3eyVQ/fMNlQ0AtNh7VFCUo51b7cA5AkTbkhQwXJ0pQbMvV+7bVa11fHFvShnTr7Bvd5YMoNmXryMnM9eip9SYUy5ZDjFOq5BAAAohfBzkDb0i6buczj8IctuuqOQ1r8obnGq0P/b0u7uTDIxrf26ewb03S5ucJkx4v1hmFaLwdczfUOK9i4LET9pgZdeMt2fap9ut3Xxd88fGenqhb4n3v/puChRIFXjwPr3eu3eZbhLQ9cZudDCzzDD7yPBcZhIoF14a5iB+8D99Vw434zP7ezfSoZh6+5l/fXwNqg54cbfhE07KNXyw3cr7kvHjZWSkHPN/YKiGxfqtNlGITqdRBiWIpvOQHvq5mpbdB216vqRc9+8+3L8K8nou2XgpZx/1vm+sg/xwHv86YGXbjApo3G7Qh4bvhtNw/LdNe5t+P+Fz11C2zaEfR3bP5s+T87nX+mOtv3Zt51Gp/T+TYEvS/mY0Un7UMxHuf822p6n8yvoVd/c2adfWY875Pv+SHe55DHZEmb7Mq+xd/2dsNyg49vIfZTyPfe9Bnp5r4+aTQ55DCXAQAADBKCnQHm3B1iDJYkTYzTHyom6X8qRmnBaeZKv892dzUYa6ccDmnGtM6vnu94sd7Tq8c7VOtczVj1duCPjw0fqfYyT31Joj5d9Xf3l/lZGXr/6ak6W4nu5wcNFdmpqgVva13Gpb5hYNlvfaRaU6subdgj/eRavV+bqYJk8zIv1V2Oj8L/WNq0Uyrxv7bsz7frSU/bjcs+0pYb/ctZNM38ZAPDPnjyCvePptv1NcM+sft+7HW5Tzc16MIy+eufTtC6Vc2Gle3UX5smqdZTX3tjvGpXdRZcePRqueb9eq0WNW0PeK92vFiv7Abj84/pds8Px0j3ZWfLCJCcrNxp+1RreF83vrhd8gaVnbyvgey6P9u4bZ51BgRBzXqsabK7/t4033OMy5/h/cw32XS78b0tCff3ZV7GpTq3Ybs+9dWb93cXn2Ozz7druffz9/RUnb3B/9yw70WTTbkBwzLPVa5hkbUNns/OU9bgoVRBn62pOlfq4jMVyb43a9Zjt+xUtm//JuixW/xBysa3DNtg+ruTzMeKCNobbFz2sm7XuYZtTXBXNDXpI+P7NG2flhvD7R7/zZl19ZkJFPJ9DnNM7nI/hDvGK9Rr9L73gbpcx0nJqerF5bJnFyqfXqsAACAKEOxEi/3tevad49KQkUoN95uxz+zUXxualV2SYejVk6bbb4xX7VuGH9tXnOuf12FWmu6a1qyPIul23tSkdZ8napFhaMbl956r7IBGEbgixT+ULGiZk1VwY2Lg9hrNyjDMSZGm7CukLZ/7ryR/2uQd0zZZl8/qZIcb9sHllyVKMmzDrMnK1jFPV/yu92lQT6pkq568Md7XWpqsgnv9P66nXDZJZ39+LOwPPK9eLTdov5rfK8/rutHw/BtSlL1hp+/HW9f7sutl+E3WVRnGz6FdtRvilXuZd593/r76bNqp2mlT9aThdU25IUXZn+/RX32f4XjddYMhlPQ853bD8m+/UVrnm5fK+167/x5C9ogLWsZkFfxkqs72/jNof3fxOTYzvqZkqxZF8Ll2B2NfMwzLTFOBYb8Y35dAO1W1al/gZzrZqoJZ6vwzFdG+N4vXXU8b1jMrTXcZAr7L7zXWGf/uPIzHikjaezXZtHxDop40hNNTbrC6nxswdNX9ufTu3179zZl19ZkJIdT7HEqX+yHsMb6z9z5Ql+s4WWwtV45v4uR7pKU22Zakm1sBAAAMCoKdAZZ0Wphd3uHSq5u7HmZ11mnDzUUmk5WSEubHrs8BffR5vM41XWmcMi1BchwOc1W5G5qO6dNpCZ3+MOm2pmP+YQbeR9m+TrY3cBjF7Rv8NZffe62e1Efuuk57EZgkJ+jssK+rq30aWU+qgGENt4S/au/Xy+V2+V4d0EefS7Vlhv2e/ZFqPT/eItuXnS/DLCD02bRTtQE/2sO/r0Y7Pj8mpYwxBRbjdW4n4eSOz49Jn29XtuEzlr2q2f0jOtmqdU9P0jrPsJZwPWxCr9eg25/jyIV+LyL8fIQU+jPtE+YzFXofdL7vg7mPYz4BQ8ki6P0XafsuPv/GYUrZvh45Ee7TMPvHLPT+Ci/0+xxGpPshSBfvvVGP1xFjfJMn16g41a7yxdVymtsAAAAMkjApA/rNjKGymsskafxQFaXHSZJmpA/TlePNDSRpiP7vjKHmwiCXX5aoTxuaOvnC38mPrG78wOiU+ep002H1dM5oyRuqTPUNbfA9Qg0f8Qx3+ehGf7snrwhscfm9niESGXuU3dWPo4h0tU9DB26fNhmGb2xq0IWrEvyv8enOr9q79XK5yQnBPQkC3qvxOndavOfuZ8aHf2Lurvdl18sIlKbsK9y9NTa+tU/Zl3l7U3T9vnqFDynD/1idMi1BusI/JMf38PbmSLZqXe21er/2XKksdLgTcr1Nhv3brc9x9wW/F6E/H5Hp5DPdyWcq5D6QOt33wdzhieQJDm45pkW+/dVF77/utA/1+ffYuOxlLU82Difz9sgJvU8j/pszCbm/jJ+ZEILf5xC6sx+CdPLeG/VqHbEqSflrKpS5tVyV3NIcAABECYKdgTZ+pL4zw1woJZ03XHlfdf9wmPjV0co/z2JuIs0YpsyQgY/JrDTdpe3KNk/22WTT/S/u9A93KTNNJltm/BHdC7MmK1uG+Sg8w0GMP1TOTo4PCJ82LuviSm9ysnK1XbdHNDGn+WqzXbW+nh07VbXM/0NoyjTPfBq91vU+PTs5PnD+iSablht6nJiv3O94a0+nP+68erXc5DGa0el7NVlXZUiP/TLUj8dI92Vnywjt8ssSVftWg2o3JCrbN/yjs/fVZNZkZX8e+HnZ8eLf9Zgm6apw4cKsyco2zFkTYFODoXy8zg0zl5A7KDDO++Me0uKv787nuDvCvxeXX2aaO0V2VUW0/hCf6SabqjZ18Znqyb5Xsx570T8czd3eMzzJ3Ktm087OjxXdae+Z08k439OOF23aGNQrxz2c0KtXf3NmXX1mAoR/n4N0Zz8ECf/eB+h0He7edSfnZMrpKlyYpvpFIW533uSQQ2maYexxBgAA0M8IdgbcMF15w3BZTXveuem4Lrljj+exXzdvcgU2GDJEJTeMUVcDsdwmq+Apz4Slvi7yL+vCW44p2zNnxJQbMk317sk7/fOX9EaaHn56qrTqbd+6ay8LvJI75YavecKn0PXBJqvgKfdkxL7XE3ZIjHtulMd8d4PZKfl6dkxWimG9F5ZJT/ZRb4mu9mlQ/S+lRYZ5OdxDkDxDLLJf1u1N4YeIGPVuuWl62DPJc/j3KlNPpgQOUXLfdSfyfRl+GWHMmqzsDfu0JeDubp29r2bBryu7YZJqw2yfm/tzuyVgyJjn7j/JCYZy9+THIf9Wkq1aF7CMv0s3GntrdOdz3B2dvBezMjyTEXvX95E+6moYkUfQZ+uWPVJy9z9TXe/7eN2VvNPfflWCYfu9QbVnG95S58eKbrWfrIKn3BNY+7dVOts795Hhffwoxfg31Zu/OZMuPzNGnbzPyVYt8kzwfuEyezf3Q7Cg1+h57wP0ch2xLKngURWn1quoNDDacb5RJ3tqlmab9xUAAEA/srScaDUlCNHH5XKpra1Nzc3Nmpg4wVw9oDZsc+miKSF603TT4Xf367tV7dob5iZZAYZY9G8FY/TTiyOLdaKSr8u+cXJhALHAfce3ZmX3WfhrZNf92Q6d+3S4oXlAzzz888VaunSpubjbnFV5yqnPUs2afCUZKxpKZF1Ur8zlNZqxMkflWz1z8ZjbAQAQoxYv7ptzaW/s3bdf8fHxiouLk8XS+9/hJyt67AySMRdP0B9uH6b00eYak9FDVXR7jIc62qmqX27Xp1dMJtQBYtCUGzL1/tNTtSXSu3cBJ5GkgtWyhQprMspks9lUlpGk/DU22Wy20O0AAAD6GcHOIBpzzjg9/tAYrZobpyvPtGjMME/FMIuSzhyqH8xN0F8fmqC8c2It1Am8c9GF2W/rsZRz/ZPQAoghdt3vGYqTa7w9PAAAAICowFCsbuqroVgAAKD/9NVQLAAATlUMxYod9NgBAAAAAACIUQQ7AAAAAAAAMYpgBwAAAAAAIEYR7AAAAAAAAMQogh0AAAAAAIAYRbADAAAAAAAQowh2AAAAAAAAYhTBDgAAAAAAQIwi2AEAAAAAAIhRBDsAAAAAAAAximCnmywWyeUylwIAAAAAAAw8gp1uio+TWtrMpQAAAAAAAAOPYKebxo+UDjWbSwEAAAAAAAYewU43nTnWoj3HXAzHAgAAAAAAg45gp5vGxksTE6QdB0l2AAAAAADA4CLY6YG00y1q75C2H6DnDgAAJzNnVZ6sVqvyqpzmKoNGlVitss6rVqhWjaVWWa2mR5i2AAAA3UWw00MXTrFo2FDpo10u7TosNbdytywAAE5KqWlS/frwQUxDnerNZZLUVK08q1VFqpDNZjM8alSsLXKY2wMAAPSApeVEa9THES6XS21tbWpubtbExAnm6kF1qFn64pBLB45LzW2EOwAARIO6Z+7T0qVLzcXd5qzKU069lLbVrpTlNpVlBLVQ9bwcbZmeqfptM1SzJl9JkqcXT5EU8jkAAES/xYsX98m5tDf27tuv+Ph4xcXFyWKxmKvhQbADAABOOn31ZdQd7GSpIrNORdsKZVuSHtigqVp5uVtUuFwqWukPdrzP8wc9AADElr46l/YGwU5kGIoFAADQhZSCQmXWVqq6KbC88ZlyaWGhAuMep9bX25WWOZtQBwAA9DuCHQAAgC6lKyvbrro3jDPtNKquNlOFBaHjm5SzAssDJ1HOCwqJAAAAeoJgBwAAIALp84ulFZVq9PzbWVWp+uwsU28dP8dngdMtpy/xTJ68rlhpATUAAAA9R7ADAAAQieR8FWbXq65BnuFWUvH8ULFOklKmS/Zt3PcKAAD0P4IdAACACKXPL5ZjZbWcDZUqn16o/GRzC7f0+cVKCzEnDwAAQF8j2AEAAIhU8mxlqU73rHSE6a3jkZyvRxdK5blWlTSYKwEAAPoOwQ4AAEDEkpR/a4rsytLsML11vJIKVstmq5AWGSdNtsqaWy4tfDRsbx8AAIDusLScaHWZC6ONy+VSW1ubmpubNTFxgrkaAAAgwOLFi7V06VJzMQAAiFA0nEv37tuv+Ph4xcXFyWKxmKvhQY8dAAAAAACAGEWwAwAAAAAAEKMIdgAAAAAAAGIUwQ4AAAAAAECMItgBAAAAAACIUUN/9rPSn5sLo1FHR4fa2tqUMHKkuWpQuVxRf1MxAABOOa+//rrmzJljLgYAABGKhnPp8ePNiouL05AhQ7grVie43XkPeQMdl8uljo6OgDIAADC4SkpKBv0WrQAAxDJudx47CHZ6wOVy+QKdlpYTam45oba2DrV7Ah4AADC4Kh5/dNC/jAIAEMsIdmIHwU43eUOd9vZ2HTp8VK1tHRo9aqTiRwxXXNxQc3MAADAIouHLKAAAsSwazqUEO5Fh8uRu8IY6ra2tOnDwiIYOjdMZpydq9KiRhDoAAAAAgJMK043EBoKdCBl76hw+clzDhg3T+HGjzc0AAAAAADgpeH8HI7oR7HRDR0eHjje3qK29nVAHAAAAAHBS894oCNGNYCcCxt46LS0nNHpUgrkJAAAAAAAnlfb2dnrtxACCnQh1dHSovb1d7R0uxY8Ybq4GAAAAAOCk0t7eTq+dGECw0w0dHR3q6HAxUTIAAAAA4KRHqBMbCHYiRPczAAAAAMCphN/BsYFgBwAAAAAAIEYR7AAAAIThrMqT1Wo1PUrUaG6oRpWY25UGtwIAAOhrBDsAAACdSS1Wjc0mm+dRkV2vImO401StPGuRtNzfxmarUGbgUgAAAPoFwQ4AAEA3pC+pUKYccjS5/+18o0727AqVZQS0UtmSdGMBAABAvyDYAQAA6I4mhxzmstq6EMOzAAAA+h/BDgAAQMScql5cLnt2ofKT3SVJBY+qOLVeRdY8VXt68QAAAAwUgh0AAIDObC1Xjm9S5HukpTbZAoZZJSl/jU01C6XyXKusBDwAAGAAEewAAAB0xjd5co2KU+0qX1wtp7mNpKSC1bLZ/AFPXlWoVgAAAH3L0nKi1WUujDYul0ttbW1qbm7WxMQJ5up+Z1z/4aMtSjpjkrlJt1RXV5uLwrrgggs0Y8YMDR8+3FwFAADCWLx4sZYuXWou7jZnVZ5y6rNUsyZfSZLntubuO2AFTpZs0lAi6yKpwlYmplAGAMSixYsXq6SkRPHx8YqLi5PFYjE36Xd79+0f1PXHCnrsDAKXS7ry6mz927/nKSfM49/+fZ7GT5gom82md9/9m1paWsyLAQAAAy5dhQvTVL/IcLvzUFJmKM1w5ywAAID+QrAzCFwulw43u7T7UId2HmgP+dh7uF0n2lyyWq0aP36cNm58S83NzeZFAQCAAeabLLnUHe04q0qC5tRpfKZc9tQszfZMsAwAANBfCHYGgcvVoRNtLh1t6dCR5g6NHG7ROWfGaerEoTrS7C473tKhjg53+3PPPVepqefo1Vdf1bFjx8yLAwAAAypJ+bdmSrVFKmmQJIdn0mT/o0gVsvmGbwEAAPQf5tiJQF/PsfPcc8/r65d9S5bh43TG+CE6fdxQX117h/SPf7Zo2FDpg/9+Vbucn/nqhgwZqlGjRukHP/i+rwwAAATrqzl2AAA4VTHHTuygx84gcLlcckn6lzPiAkIdT606OlxqbmnTv172Td1w02268Ye36aabb9e1/369XK6oz+EAAAAAAMAAIdgZBB0dHZJL+tjZov/5+FjA491Pjqu1vUMdliE61OzSroOt+mJ/q3YebNOh4y73cwEAAAAAAAh2BofL5VKHy6X2jvCP1rYOHWtp16Hj7Tp4rF2Hj7erudVFjx0AAAAAAOBDsDMIOjo63MOxXJKrwxXZwyUlTpyo+fN/ZF4cAAAAAAA4RRHsDALvUKyODuPDpRPtzdrT/Ln2tzjV2t4aUD9quEVnTeLtAgAAAAAAfiQFg8A7eXJHR4fa29u1v3m7Gnc+q6c++rZe/Gy+qh3f1384CmU/8IaOtx7SmRPidO5X4s2LAQAAAAAApziCnUHQ0dGhDpdLHS5px7HN2rT3t3rv4EsaEue/fdv+ts/1xq7H1DHmbf1LkjvU2bNnj5588teGJQEAAAAAgFMZwc4g8E6AvKv5Q71/cK0+O/q2pOBJkYtnLtE3/+XfJUmHm136dFc7kycDAAAAAAAfgp1B0NHh0pGWfXr/wB+14/h7IUOdR2a/IOuZGZKkNx2v67e2J909fTqC2wIAAAAAgFMTwc4gcLk6tPGLKm0/ulntrhMBdQnDRuvZb/1F08adI0mq+qBCK98r1ceH3tSmL9eoXW0B7QEAAAAAwKmLYGcQHD9+XEP/NlrT3rtU/+d/r/E9Zu/5oZ791l+UMGy0JOmll17SP2uO6P/87zVK+tvXdPy/W9Te2m5eHAAAAAAAOEVZWk60Rv3YHpfLpba2NjU3N2ti4gRzdb8zrv/w0RYlnTHJ3AQAAESRxYsXa+nSpeZiAAAQocWLF6ukpETx8fGKi4uTxeK/2c9A2btv/6CuP1bQYwcAAAAAACBGEewAAAAAAADEKIIdAAAAAACAGEWwAwAAAAAAEKMIdmLAwf9ZraK512hG5kI99PsPdZA7ngMAAAAAAIKd6Le18jql/NsvtKrxE+16/y967M7rdNGP/0u7zA0BAECfc1blyWq1Bj7mVcvZVRtriRoNbQAAAPoLwU40O/qaHvrFh5Kk0y/5lm7MvUjjJB2sW6Jf9dO3xdfumKHEM2fox38x1wSLvO2b+vGZM5R45t16zVwFAEC0Sy1Wjc0mm80mm61GxSpXjincCWxjU0V2vYoIdwAAwAAg2IlmTf+rDyRJ39Kj//krVVT+SnfPkKRDanh/u7l1SP+v5DIlnjlDiVc+p8/NlQAAoJuSlL+0WGlb67S+yVznl76kQplyyNFJGwAAgL5AsBPNEqdqmiSpQdUvfKitjWv10hZ31QXTpwa2DcXxnO55do+5FAAA9EZyilJk1xaHucKgyaHOqgEAAPoKwU40O/3bys+SpEN6reQ6zZy70t2DZ1ye5s82Nzbbo+p7lnp6/AAAgD7T5JBDaZqRYq7wcqp6cbns2YXKTzbXAQAA9C2Cnag2QnMfKlNGQNlYzX28SP83LqAwyK7Vd2th4yT96OZvmasAAECPNaokN0Ros7VcOb6Jk++RltpkW5JuaAAAANA/CHai0RevqSjzEvfcOF8vUYOhatzcR/Vo1lhDSQjbntN3735H465/SL8ITIUMWvT5n36hK2Zc6F7PWdfoptWfqNncTOpe25bt+tM91ysl2T2xctKsharedsLcCgCA2BEQ2hTJsbAmOLTxTZ5co+JUu8oXmyZXBgAA6CcEO9Hmi7W69ut3aNX7h8w10oWL9erj39A4c7nRoTf1428t1Qfj5uo3Zd/QCHO9x+e/uUFf+/FqfXBQOj39W7ox+zT99303aWGI21ZF3na7fv1vV+um6vd0UFOVkTtX30r6UAu/9SB3wwIAxC7THa9WFySZWxgkKX9NhTK3lqvSeGUGAACgnxDsDIa2Q/p/z5bo2suv1ozMu/Xr9dvV4qnaumqlu4fOuP9PK954S1ve9z8cr/xAqZ0NwWr7RL/+7i1ae/A8/eK/yjRnlLmBx9HXVPrAh5Km6kdrN2rL2l+povJ5bXn/Ac0xd8PpRtuWdcv0s/clJefp5f99XS9Xluk3a1+X49GZvtcHAMDJL12FC9NUv4jbnQMAgP5HsDPgtuu3116ub5asVcO27dr1/n/pZ3lX65uVn0iSPm/y3MZ8zr8rf8YknX66/zEuXPcbyT3B8p036Wfvj9Xc3z2v26ab6w3++039SZLSb9Xd6YZhXYlz9J1vG9qpe20bGv4iScooWqAMQ9Nx3/62mOkHAHAqSSp4VMWp9SoqJdoBAAD9i2BnoDU+p9J3WyRN0v/Nnau5F0+SJH3wiwqtPSpdOHOmu93aZfrePSUq8j2W6tdrX1ODI1zfl7/rpbV7JB3S2h965uc5c4YSb/ovd/WWpframTOUeMebUpunq82Zp+n0gGWE0K227v+cfpr7NQEAcOpKUv6tmVJtkUoYkgUAAPoRwc4A+/z9v7snHZ5drD9Uluk3Lz+guZKkD2Vvkk7/3s/0iwsl6RO9Vr1Wq3yP5/SzO+7QtbMu0Td/4+7dE2iEJp85VaebH75uPmPd/040dPs5dNg0RKpFB0NM7SN1r+3Bo6bw6ehhHQwsAQAgJiQVrJZtTb46nVUnXJuMMtlsNpWFvZEBAABA7xHsDLBp0892/8/6NXqy8RN98MKf5O5TM1XTEiXF/Ytue+V1/cfP5ipjeqiQpkX/74Fb9NCWwOVKM/WLv72uLebHijnu6hkL9OrfXteWB2dK5/wfpUrSX36nJ7cZFrFtjZ50j6by60bb1HPPkyS9tuI5bfX03pGkrS/8jsmTAQAAAADoBwQ7A212vn40TpI+1GNzr9EVJX9x9+DJytN3vGOdRkzVnMIyvbzRFNJs+aN+Ol2Stuu1Bs9cPD2RMk+/uH6SpA/10OWX6IqbSlR003VKuvJP0oyet512U5FuHCdpS7lmTr9O37unRN+bc4lm1sgdDgEAAAAAgD5FsDPQ4i7STx//luIDCs/TL342J+ytyX1atuufTe7/HT8qcAndM0JzHn1ZL+RfpHFxh/TBX9bqpY+n6qcvP6+ffrUXbUd9QxVvPKEbLxwrtXyo16r/oq3JC/TqH4p0gakpAAAAAADoPUvLiVaXuTDauFwutbW1qbm5WRMTJ5ir+51x/YePtijpjN5ODnxIr92Rre+t3SNpkua+UKvfnL1GMy8v11Zz05BmasXfnlf+meZyAAAgSYsXL9bSpUvNxQAAIEKLFy9WSUmJ4uPjFRcXJ4vFYm7S7/bu2z+o648V9NgZFGM15/EX9IsLR+iCn72g38z8u378rQhDnbh/0W1rVxDqAAAAAAAAeuxEou977Hi0tKhlxAiNOHpIu46eMNeGMFzjEsdqRJy5HAAAGNFjBwCA3qHHTuygx85gGjHCPa/OqLE6/fRJETwIdQAAiER7e7u5CAAAdAPn0thBj50I9FuPHQAA0C9uu+02jRw5UkOHDjVXAQCALrS3t+v48eN65JFHBrXHDD12IkOwEwGCHQAAAADAqcT55R6NGTViUIMVgp3IMBQLAAAAAAAgRhHsAAAAAAAAxKj/HzvxGwNj/wntAAAAAElFTkSuQmCC\"></p>', NULL, 'medium', NULL, '2026-03-31 00:16:06', 'active', 1, 5, '2026-03-31 00:16:06', '2026-04-07 13:05:30'),
(26, 5, 'Não adicionando produtos incluidos no valor final em produtos extras', '<p>Produtos incluidos em Produtos Extras não funcional</p>', NULL, 'low', NULL, '2026-03-31 00:17:38', 'active', 1, 5, '2026-03-31 00:17:38', '2026-03-31 00:17:38'),
(27, 5, 'Feature: Mais controle do admin sobre organizador', '<p>apagar corrida/evento, poder editar, desativar organizador, controle maior sobre o evento também</p>', NULL, 'low', NULL, '2026-03-31 00:18:37', 'active', 1, 5, '2026-03-31 00:18:37', '2026-03-31 00:18:37'),
(28, 6, 'Opção de alterar numero pro proprio organizador', '<p>somente o admin pode alterar</p>', NULL, 'medium', NULL, '2026-03-31 00:18:58', 'active', 1, 5, '2026-03-31 00:18:58', '2026-04-07 13:08:09'),
(29, 5, 'Não sei onde editar premiação do evento/corrida', '<p><br></p>', NULL, 'low', NULL, '2026-03-31 00:19:23', 'active', 1, 5, '2026-03-31 00:19:23', '2026-03-31 00:19:23');
INSERT INTO `tasks` (`id`, `column_id`, `title`, `description`, `assigned_to`, `priority`, `story_points`, `deadline`, `status`, `position`, `created_by`, `created_at`, `updated_at`) VALUES
(30, 6, 'Programação não aparecendo na página do evento', '<p><img src=\"data:image/png;base64,iVBORw0KGgoAAAANSUhEUgAABAsAAAMdCAYAAAD9Ev+/AAAAAXNSR0IArs4c6QAAAARnQU1BAACxjwv8YQUAAAAJcEhZcwAADsMAAA7DAcdvqGQAAM4NSURBVHhe7N15fFTVwf/x7yQzSdiXBAmQqLgCViiSKIJShKoYpda9PsUFFa2WihalKrhQUVuVR7E8Um1Ri1h/LhURGhFFEAQiCaWgsig0xYQQICGQhGQmmZn7+2NmkntvJguQwGTyeb9e96U559x1JkPud8451+H2VBler1dut1uJ3bvpeFqx3dCP+zjsxQAAAADQ7M79TZG9CGiSdX9Kshcdln/vMjTytON771u8v0QJCQlyOp1yOOoeS4y9AAAAAAAAtG2EBQAAAAAAwIKwAAAAAAAAWBAWAAAAAAAAC8ICAAAAAABgEd1hgd+jbV8c0O+eLtbo3xbp3N8U6dzfFuvnT5dozhcVKvPbVwAAAAAAAFEbFpR9f1D3Ty3TTe97tXy3obLqYEW1oYLdPr3+foVGTy3RW99X2dYEAAAAAKBti8qwoGx9ia6fXa3V5fYam3KfZs0u01PrCQwAAAAAHL2HHknUdzM76zZ7BdDKRF9YsL9Uv5vnU3FThxj4DS2cV66P9tsrGpGXo6syPtQg83J3jnbZ2x1X2/Rwxod6eI29/NjZ9faSCLwuoddvpVbZy3GYAu+x0Gu86tnmvaarnv1QV729x17cBuzRvLvb6rlLWrOyRT83Vj3b+Of1MfvsOorPol1vL9GgZ7fZi4+TbXo4Y4nm5dnLW1LT/41b9eyHDV6ro7uWx+PcrSzHn5ejq5pwPMfsPd6E69/UYwZah3bqn+yQusTqVHvVYWunv72UpO+e7GivCOupJ5OU80A7SdJtDyTqu5e6NBpYPPVk07ff8gLn+/F4ezmOlygLC6q1/O0q5YQJCjoNiNeyP3XWHwfYayT5/Zrxdpma2r9g19tLNOiuIl31ys+1MTO0nK/JqtB/7I2PqzP1TObP9cwwe/mx0+fGMdo4J019gj8f3R9kiDhr9kjTfq6NN1UoI+NDTVRPXWhv08Y0R8Cx6+0Nmtm3vxbc2NNehaO1ZqX+N/V8y+dSOPbPLkSAOsFK0/+Nu3DKz7Vxypn24uiUmqYFmWN0c6q9wupYvscbvf6paVowrb1mPn1swgug1RifoPMP+rSjl0tP2esa8drzxTrj3oN6zV5hM/XRIp3xaGPdsY+Ti7so56/dDvvc0XyiKyw4UKn3ttoLm2hrtZYcsBeGkZejiW+21+w6/xD31M1zRrT5GyW0McNGBP5QHzYiEJo19McgmmibZr8pTb6Ra9kSVqknIQwQiYb1VMbOIi2jdwFQ46lTYrXjPyX61+5YXRrsMQAcU25PlVF+qMIoKt5vHG/Lv/cbJRXGkS+f7zdOv33fES8TP/fW3aZt+eiJBcbIuYV1yusuhcasWxYYJ44MLk9sra377AvjxFuyjVlPBOp+9Vmg/Ju5H9e2H/mF8ZGt/UfmevP2KgyjZFu2MbJm3dAxBo4htP2abdW0+9iYtc1+3PW1rbvPj4LHf+LIBcaJt2Qb39jXD20jWGdpbzrvkoqtxq/qHLthOn5zvfWY671mdRbrPn41N9sYab/GYY/BvoSOyfr61p5LsH5u8PWouS6290OYa285lye2Wt9rYd8z1nOyvAZ13jPB/ZnP0/J62o/Pdi3Dvr8av27W16duvX2xtA+er2WdRt6TdZaw7/cwvxf2srDrGcFr/rEx6zPz9QhdK/s1NK13OMdt+p2x7HNb/b8HdfZt2v43cz82TnwiO1hf/zH96rPQ62x97QPrB7fXhPfhUb1e5vUa+8xraNthj9P++tT9jLW0D/s61LO+/b1r//2xLI18FtmP037e9n3W1DdwfqH30NzgNTO/nqH2oettf++YjzXM70yobuTc7OD7NPx51vtvRJ2lnvXCvt6m39sw711zmfVa2bf3hTGrWc/dvr79tTCvW99nYj3XoUnHH/rMqG1v/fc3eDx13uP295B5G6Fr3cDnkO01Mp+b9frXfw2a/jcWC0vzLfb7gcNf9hs3zSk1fvvX0FJh/OuQYRiG1/ikpqzU+O1fDxo3PWxft6Gl0thueI13b99nnP6l1zAOVRnP2No8s8VfeyN1qMpYU2AYB7eUB+rrrFNurDlkuvEK1j2zxW8YBZW2/ZoFj8G0je1fmtv4jTX/r55jMgxj+5e2dbdUGQeN2v1bzzm0/eDxm9Uco+08zMcePOd3a44heGzmbVnO9egW+3vpcJfl31uv1fFQVLzfKD9UYbg9VYanqrrOElVhwbfvFNV5EU+/fZ9x+pQSY0O5YZSUVxj/+1CY+uByxTsVdbZpXcLdZIRbAu3q3vQG64P/oJq3883cjy3/aNf5A938D2rwxq1m/W3ZxkjbH2mzwoUFn30R9g/ksH/AffZF2D8U7DevNcf72db6t1PfeVUEjvVXdYID602d+Zg/esL0R5P9j8PPttbzB7p9H+G2a7su9j86a5bQuqZrY7n+wfpwf4DV+UO1dh/217/Oax7mPVPy2Re262Z/rWvXr/nDNXQM9vfMtmzjV7b3q/X9Fu791fB1C+yz7h/J9f3+NO0aNPCetC/219H0XqzzPjS/TxtYr+aP3Jqf6762df7YPczjrnNsNX9Y13et7duz/t4HXodwf9Sbtrct25hVzw1XuM8i82toPd9C46PPjvD1Mi/2197+mdfYtsMcZ4Pv8XDtw7zu5mO3vF/t1+2IP4vs18j6WtoXy2vT0PmF3kP297ztPTDS0qbQmPWE7bPb9r43X4/AzajpNWno86mhpaH17NfZcn3qXivze7Pu+7jlzt3+WWbed72/L/aloevQ6PFbw4KPnrAHiNmBdS3v8bqfZeE+Z+r997gp/x404RrU/fxjYWn5xX4/cLjLE98exg3ffo/x2zDbCLt86TXd2FYa28PdlJtvuIM3xOHDgsANdk3d7fuMd7eECwsCIYC5nXU/oRv12gDh3QLzjX+5saag9pjCrhs2JAgtprDg9n3G6f+vyjgYJqyoPT5be9s1qAkuQuf3/6qMg7breDSL/b10uEtrCAuiaxhCfUp8mptVKcW00xnN3fvUMtFhcHKevDwt2Nldv63p6tpTN9/UXZlfmsbqn5SiiTXjLPdo2Uq3Mm6qHTvY58a+ylixp3Zs5kkpmh3aXmqafjtS2rozMC561dv50k2DTcMiztTNYbrZrvpyv0656czaoRLDztRkhe/yF2hr3mbgHP6zMq92POHO2jka+gw788jGPa7Zo0zLtThTE2+SFnxZO+Y7Y1rt8I4Lb0zRKab9ShXKDR3/MNO5mdXZR0/d/EiKTjE1uXCKaQjJsJ7KMG83jIxppmEoqWn67Ui39ZhNr2Xo/TDb3EV/2JmafNJ+Za5R2Ndfw0Zo9sja5pL9PWMaAiBJOlMZpveEZH3P9LkgSacoobZre2qqrjrJrS2hc0xN0zOm9+voEQn6T15gXE5D76/6r1vwnEyvXeC1TbD+HtRo/Bo06T1p0tD7vc8FSTrF9Pu16sv9OmVEqvo0sl5AgiY/EjrOwDEotyzsMegIjluSTkntaitJ0ORXzNfa9P5pyufNyL6m/e/RvDf3W1+b1DTd3IRx31KY96FU816ReurCYYHjOJLztmjoM68p27YfZwPvcSlMe7PgZ0jN8YQ+oy1dppvhs6gpr2V9Gjs/8+9/uPd5appm35RQUy/11M1TTP8mXZBU+9lb5zilC6f0V0bNT034fKrPka4XPOfaa7VNmSsSdNUFTfi3sFnPve5nmf3f83C/L3U0cB0aP36TvBz97wrrvz99bkyr+/5s9N+pgIb+Pa7/34O66rsGfU5q3+DnKRCJvthcrc27fNphWkp9kmRon618w+YqLbJvIKx2+tvgWO34T2gugXL9a7dDZw0KDUVop5+c6NCODaY5CV4v0Xu7Qz/YjE/Q+arWy89X1hRNfT7MfAbjXTq1wtrutec92tHeqZ9cXNtsx+oSTQ3+/9SV1SptHxOczLFStzxau93XNnpNdQGWYz5cF8fprPY+fVJzfJW6ZYNPp55imqDRdPyvbfSqVIbWrgxex0+r9G2FQyek1DZHw6IqLOjdo57T8Rv65GufvbSOk3vE2YtseqpvX9sfLqlpWpD5c23MNP2xkFeh/2i/JpqflDBjfwP/AB7Qlp1S5gzz0xW2KLOBf2hr7VFurtTvpHr+4KgRaPefN9ea9rFWM3eabhhtbetsM7V97R8Gw0Zo4zQFz/HIZzDetbNC2pmvDNO1ynjTbfsjtx6paVrwSpIW3BVYr74ZsXftrJD6dmo4zLCEPluUaa9vxCmp9fyhpuD74aT2lnDC+l46oC07E9S/kcmo6grMmB+6bhNX2OtNUjupn9qrbwP7WPWs9TUIqOe9EFLvdQt/TvX/IRi+fa16jsP8nrRo5P2emqbfjgz9EbxNmStCf/w3st5hO9zjbqrA+0c60s+bhq714blwys81W1sC+62ZWb2lzltHte3w7/HGhf8M6ar+ocCtuT6LDvu1tGr6+dVzDe3WrKw9jrvya69t2M80u8P4fLI40vVsN+Vr9ijTEpKFtPS5N/zvefjfl3Dquw5NPP6QRo83KGy7MH/zNKTefw+smn4NgNYhf0mpfv54iS6rWdz61iNJfq2wlJfohtcb+mw2uThOZ7WXTh2epO/+Gliu6yV17pcQnOwvVie0N7Q3375ieLclxkgHfY3epIdv59Pew7nBHt+t5pi/u8Glzvb6o5ESo86K1XWh7f81Sd8Nj5W6xIZ/6sOnPu2TX/mf2ivQVPXcXbdS/WKVZi+TpK6xmjTcKUnqN9yli+xf2kmSYpTeL9ZeWMeFFzThm7HU9jrlpBRl1jwpIbjUO+twV/U/KUGTLU9X+Lk21plEMZym/mMeaJcxzb6PcDNJN7BN8x8ToUntXknSgruOLDDoc1J7aWT/OsfU5InyTGGNZoT/Iz3sDWqe6aYiL0dX3VWh39bs3/YNWRP8J6+BD/8GbmJq/+Cz34wG/iCs3x7Nu3utttxUe83q9EQ4DKue/TAwQ3xwW5k131I18F5o8LqZbqTswt4shWtvvgYNHEedP3DVpPf7hRcEv7Fds0eZI0NPcWh8vcNzuMcd0HhYZro2R/R5Y7/WR+fCKcH3zYgiZdydo11HeN5Nc2Tbrv893riwnyGSJFPo0hyfRYf9WtY6kvOzX0PL59ialRr0ZvvaY3nF1AMi3GdaXplq5xc+0s+nI10v5ExlBEPAVV/uV8YF4f4dCf/+ab5zb/zf87q/L3YNXYcmHL9ZuOMNp4F2TQomGvz3oK4Gr0HYfyOAtuW2QU513u3WGXcUmZZDWlsRq3PGq54b+HZK6WL+udZrxf76b6hN6m/XxGBifDd9N9ivP4SO+Z1qldrbHI18v0orqmu3H1qa8NQHHJnoCgu6ttN1/eyFUu8BcfrljwJ/OCX+qKPGDXDYm0j9XBoTNkSwGTZCs/vmK6Oh52Knpuoq5Wtikx+f1lOjR+iIHxl04QXd9Z83N5hu1rdpXph9X3hBd2XOaOC4Tepuc4/mPZ0vBbtq73p7ZW1daieFuexNM6ynMlZsCfuHdaPWrDSt11X9T7JW10htr1N25mt2TdtAN+wa9m9U1uyp9xuRkMw3Ta/VmpWaWPPNdBipqbrqpP2aaH5kZHCdjGGq6WJq3eY2zdxZ27wu+7fD25R5GN/AWdm/qQp0ow2p+14Ivr8avG7BLsGW99s2PTyj4T/gG7oGdY/D+p60a/T9PqynMlbs0cO2m4pG1ztMh3vcYW8o5dbMt2vfP7ve3qCZCnZnP6LPG9trk5ejeWtCv8umbsd5OZrYyDfU856tfc36nNS+pqax8z6aR0w2tu26Gn6PN2pYT2XstF7jwGuQpNGpzfhZdNivZcjhnl9wmMKb2yzvgf81fYbYe0Hs+rLIFGoE3if/azrOVW+bvn1v8PMp8I15+M/8htZrmkAIuFKZNZ+vdZ2S2pLn3tC/5/X/vlg1fB0aO36LMP/+7Ho7p+7nW5h21n+nGtHgvwdmDV+DVV/urx2GtWalBjX0txYQtYJDDGqGIIRU6osfjGCX+0rlH5ROHdyl9sZ+fILOr+9j5fVq7Wjv0j2mJyo89YBp3ZAw7W57oL3Ol1dfNOHbeXvPhNsGOZu3Z8GnVfpW1uNDC4umCQ5LKgyjJP+gceOEuhNQNLhMKDb+lh9mWw0sNRPG1TOjb+2kZLWLZXIiywR4gcX+tADLZEy29uEnUbPvq+6ET3WOO8xx1LfNxvcXZqlz7LXXxTpplfncrZMFWrZtnuDKtl6DE6dZ2oZms7dP3BRcnviizkzStUvwmEJPO7Acbz3HHG4ftknk6tTX8zQE82tlfS2/MH7VYPutxq/qnRjM/np+bPzqiTATAJqutfn91dB1s7/f6l4X62L5HbBfgzDH0eBrHmb/9mton6Cr8fWsE4fVHJN5GzXvNetkb00/bvs+gj+HZrIfuSDM+6f+z5v6JgyznmM9x2qfId9+rvbXzH5c9Z53oTHrlvp+x+rfT5PfC2HWb/A9Xl/7Or9DpnMN+5qHORb70uBnUZj9NPB7U3fSvnrOr857KrBYXjv7a207jpFPfNHgcQZmybdN8ldTb/58sn8WhTmnsOvZjvmJrXU/x0zHZX8N7L8Hlv0087lbjjO0mCb3M5/fkV6Hxo+/7r9L5vbfVIR7jzf071SYa22ZcLLhfw/M17/+a2D7XPjMNpEjC0sLLXXuC456KTVWHDBsTxE4jOVLb/3r2iboe7fAdCNVUGm82+DTEGxPOQhO+tfo0xDCPFGh9gkH9kkIreseLPCa6sKsW2ep26bmHG2TMJpZJjisc851J0hs+BiavtjfS4e7tIYJDh1uT5Xh9XrldruV2L2bPUs4plZsN/TjPmG+9T9MZetLdP08n4r99powYhy68uZOmjqksfkKAAW/FQt0Dz2ybulNdaz2cxjWrNSgGft1yk3n85z6Frbr7SXKyOsbHI6zTQ9n5Kr/K00ZltRK5OXoqrc7aUFThxvhmAgNZWjR3+81K3XVzjNbdh9onULDP5ow7AZoTuf+pshedNRSRnbQ/Uk+vfC+W03pvY/Wad2fkuxFh+XfuwyNPO3o732PRvH+EiUkJMjpdMrhqHss0TUMIajTkG56d6JLw00TY4bVMVaTJhIUIPLsenuDZu5sYvfPY2XYCG3M7K9+jc3ZgaPW58bBmpy75Yi76Ue81DSCgkizZqUm1vP0gGY1bARBAerKy9FVMypMT5oBWrf8FYc0maAAUSAqexbU8Hu0bVWlXlvtU06RobJqSS6HeifF6NLh8Rp3YXt1isq4BC2nZb7x3/X2Etvs5d01O9P82MHjLXDeM3cGJv9rznNHY6KwZwGOv2BPoVoJmsx7DEAb1BI9C9A2tIWeBdEdFgAAAABAPQgLcKTaQljA9+oAAAAAAMCCsAAAAAAAAFgQFgAAAAAAAAvCAgAAAAAAYEFYAAAAAAAALAgLAAAAALRJsbH2EqBxbeV9Q1gAAAAAoE3qk9hG7vrQrNrK+4awAAAAAECblHaGy14ENKqtvG8ICwAAAAC0SZefm2AvAhrVVt43hAUAAAAA2qSz+zp19QVt48YPzePqCxJ0dl+nvTgqERYAAAAAaLMeuqGjhvaPsxcDdQztH6eHbuhoL45ahAUAAAAA2rSX7ulMDwM06OoLEvTSPZ3txVHN4fZUGV6vV263W4ndu9nrj6kV2w39uI/DXgwAAAAALe7rXK/+uc6tnO+qtavYJ5/P3gJtRWxs4KkHaWe4dPm5zT/04N+7DI087fje+xbvL1FCQoKcTqccjrrHQlgAAAAAAMAx1BrCAoYhAAAAAAAAC8ICAAAAAABgQVgAAAAAAAAsCAsAAAAAAIAFYQEAAAAAALAgLAAAAAAAABaEBQAAAAAAwIKwAAAAAAAAWERUWOBwSIZhLwUAAAAAIDoYRuDeN9JFVFiQ4JQ8XnspAAAAAADRweMN3PtGuogKC7q2k0rd9lIAAAAAAKJDqTtw7xvpIios6NXZoaIKg6EIAAAAAICoYxhSUYWhXp0jfxxCRIUFnROkxPbSroOkBQAAAACA6LLroKHE9oF730gXUWGBJJ15gkM+v5R/gB4GAAAAAIDWzzAC97g+f+CetzWIuLBAkgb1ccgVK23Za2hvmeSu5ikJAAAAAIDWwzAC97J7ywL3tq7YwL1ua+Fwe6oMr9crt9utxO7d7PXHValb2l1q6ECl5PYSGAAAAAAAWgeHI/DUg67tAvPzRdrQg+L9JUpISJDT6ZQjzLMcIzosAAAAAAAAza+xsCAihyEAAAAAAIDjh7AAAAAAAABYEBYAAAAAAAALwgIAAAAAAGBBWAAAAAAAACwICwAAAAAAgAVhAQAAAAAAsCAsAAAAAAAAFoQFAAAAAADAgrAAAAAAAABYEBYAAAAAAAALwgIAAAAAAGBBWAAAAAAAACwcbk+V4fV65Xa7ldi9m73+uDIMw14EAAAAAECr43A47EXHVfH+EiUkJMjpdIY9togMC0IhgWEY8vv9ljIAAAAAAFqD0E14TExMzf+HuzE/HlpdWGAYRk1I4PFUye2pktfrly8YGgAAAAAA0BrExsTI6YxRQnyc4uPjakKDcDfnx1qrCgtCQYHP51Np2SFVe/3q2KGdEuLj5HTG2psDAAAAABCxvF6f3J4qlR+qlMsZo86dOig2NjYiAoPGwoKImeAwFBRUV1frwMFyxcY6lXxCd3Xs0I6gAAAAAADQ6jidserYoZ2ST+iu2FinDhwsV3V1dc39bySLiLDA3KOgrLxSLpdLXbt0tDcDAAAAAKBV6tqlo1wul8rKK+Xz+SI+MIiIsECS/H6/Kt0eeX0+ggIAAAAAQNTp2qWjvD6fKt2emsn8I9VxDwvMvQo8nip17NDe3gQAAAAAgKjQsUN7eTxVEd+74LiHBQr2KvD5fPL5DSXEx9mrAQAAAACICgnxcfL5A1+YR3LvgogICxQMDPx+g8kMAQAAAABRy+mMld9vRHRQoEgJCyK56wUAAAAAAM0t0u+DIyIsAAAAAAAAkYOwAAAAAAAAWBAWAAAAAAAAC8ICAAAAAABgQVgAAAAAAAAsCAsAAAAAAIAFYQEAAAAAALAgLAAAAAAAABYOt6fK8Hq9crvdSuzezV7f4gzDUGj/ZYc86p2cZG9y2Dxeaf8hQxXVkmHYa6ODwyG1d0ndOzgU77TX4mhUGtXa4y9Tud8jvyLrDRQjhzrGxKtnTCe1c7js1QAAAABagYLCInXqEK+EhAQ5nU45HA57kxZXvL+kwf1HXc8Cj1fKP2DoUFX0BgVS4NwOVQXO1eO11+JIVRrV2uEtUqnfHXFBgST5ZajU79YOb5EqjWp7NQAAAAA0i6gLC/YfMqI6JLAzjMA5o3ns8ZdFZEhg55ehPf4yezEAAAAANIuoCwsq2uCXrW3xnFtKud9jL4pYrelYAQAAALQuURcWtKVeBSFt8ZxbSmvoVRDSmo4VAAAAQOsSdWEBAAAAAAA4OoQFAAAAAADAIuoenbh9X9vsmn1aj7qPumiqnNem641vTQVJ6Zr2cIaSTUVNUpipx58r0tiZNyvNXtfCCjNnacayA4EfjvT4JW2qLrAXRbSBrt72IgAAAAARjkcnRqDCfyzR6OsX1ixXPpylDYfsrdqKfC16Zrre2JOuaTMf1+zgMm3Q95oxeZYWFdrbR6gN8zRjWTfdGjz+W3tma8Zr2fZWzcuzUvdNGK/0Jxap4XjhoFYv+EDLi+3lAAAAABC52lxYENBFj7w6Uu+9NFBX+vbogT9u0n57kzagMPMf+kR1v4VPzpikaaOlTzJb+Ia7meRsyFXi6FE1vRnSMtKV+O0W5djaNafi1au0+pTTdPauLH1uCVV26r0/TtFtnwQjBM92Lfx0iRZuPWhuBAAAAAARrY2GBbHq2LWLuif31W1XdZG2HtT39iZRL1/ZGw/orDHhu+snn3O66YY70ANhTmamHp88XROfyVTg/jhbcyZP18TgMudfto0E1wvVTzR921+YOUsTX8tWzmuh+nnKCZUH2z+emW/ZTu3PZtnK/rar0s5JqS1KHqi0pFxlbzC3a04H9WX2dg0fMVHX/6hA763daaor0qbt+1Qeepxl/BA9+/KrenF4F1MbAAAAAIhsbTQsCK9863o98evgEIVff66F/w3c8X01a6FG379Czz+2WKMnr1eh/Nq/drXuuj3Q9rLJ67Vde/Te5IUaPeu74NasP9fZhm+PPn4mU5fdGNjGb/5ZFFjt0E6990xmzTCJ655Zr80tMkxit/KLuiqll708KLmHklWi3aZvzb/dKN0983HNfjhDycrWnMmZ0rjQ8IXblbIxW7W97fO16Jm5yhl0e039pXsyNcd8A/9tprIHB4cOnJWrNyZP1xxdE2g/rq+Kl33eor0DjljJWi3cPlBj0rpo1HkDVbBuvXIlSev16ITZWiIpd+HUwBCFwkW6fsJ4PbpBKv78KaX/6gUt8QS3k/eBrpwwRXPyJFVs1/xZU5Q+YbzSJ9ypMbMW6esKy14BAAAA4Jhp22GBO19vLTgoDUnS4OJNeuLJfTr9wQwtezdDr19QpZee26AfQm13udXrtku1bOYQJX+7VuNfKFGv/zlXC+eN0iMpbtNNcgNM29A/N+j57V309LwrtezdK/Wny5MCAcP0f+vPJT31yusZ+njOQF1Wkq/fzN6iKvu2jgNLL4QNW/RtUrquGhwqSNHY8elKDP1YuEk5RX01NiP0jX+Kxo7pq283mIY2nJWhu4Prpw3uK8nUfnB/nVUTVqRo7MOPa3rNto6v4pz1+vpHQzQqXoobfL4uKsnSkjxJGqIn/zJRYyT1vfIpZT8xVubpBxOHj9ZF2qTPNwRCqNycLBWcMkrXpxZo/vNPadbBoZo/61WtfvZ+XXnwA932WlZEvO4AAAAA2p42Ghbs1yPXL9Tom9frteqeen5if+1fXaAN1R69NiVTo6/P1PgFHmmfR7tDq6T20OiTXZKkzWtLVN7vRN07upc6JnTShdefppPMm6+PaRvJp3ZV94oiPf1Elj7+/mDgprBwtz77b6yuvGWITuvgUlxiX427rJO0vkjN36O+l1KSDii/5gRtCvepUN3UK9wYBUmFu0uknj3CDmGQJO0uUrECvQVqhiHMz5X27AsOYbDplaTEpCQ1XxzQQK+Jo1Kgj1dvl755XcMnjFf6xFe03LdPC78yD0WoR/wQjfqRtPzrTZIKtHrjPp2ddr4S927Skrz2uu76q3Vme5fiuvXX7aMHShs3qnXMGgEAAAAg2rTRsCA4weHrGVr2wlAN7hAs7pCkP70b+KY/sFyo82xrSlKZ2ye1i1XHUEGfnkpWgjqGttMUZw3VW7OH6LYfVeitx1bol68HOrJLMeqYYGsba/u5WaQofVBX6zf9JoX/+l7FZ/Wv9xGIyb261b3x311U28OiV5ISk6xPWZhdM4ShOYUJPQo3Kaeo/qDjqBSu10e7TtOkx17UkucDy8Ib+6t4XZa22dvW4dKYUSMUtz5Hq3et10eFA3X9iNBcBi51OiavOwAAAHCc7C3T7x8v1qjHS7R0r89e2+L837yo3AFnaseZpmVAhgq+sbeE2m5YEJzgsEPgW35JSh7YXb0OFWnWO/mq8klVxbl67aPtlrVCBg/sIm3I1dPLdqvc7dEPy7Zos7qo+wmSvtunr4o9qtqRr88afqae4hJTdNmNF+o3Q6X9Ww6qMLmXfpparbdeWa/th6pVVZyr+R+XqePwXqrp7d+MkjOu0aV7Mi0TDyo4yeCMZd10623plnKLXklKLMrWgpouD/latCQUeAQnGVS25oSdlPBwNTTBYXB4w/zABImSlJOZ3WDQcTRy165Sbp+BGpXaRYldAkvvIUOUXrJSC7dKUpJ6d5NKDwZ7i9j1G6or4zfprf+3XrlDRmhMvKQTBmpMn4N6bd4H2lZRraqSLZq7bJM6nXu+GngFAAAAgNbDU67fP+3R/F2G8nf5NHFGqb5o4Tm6qlZO1X9MwUDuNXPkt2cUvh2qvMYcIAxX/srQJGNtWxsNC8I4OU0v3Z8k/XO9LrtxoS6bsl2FXTvZW0mS4kYM1+u3tNf2v63TlTcv0V2ZFYqTdN5VfXWhivTI3Uv0y3fdOqmBb7YLP/40OIlhpp7Y0UkP/GagktVT1z16lq6L3a27xmfqsonf6qtep+lPd5+mOPsGmkVgLoBblVk7VGDydM3YeLqmzby54Zvt5AxNfzBdhfND6/1DGmOas0ApGvtwhpKXzbVs2zLBYXMZfLOmjS6pGfLwhjI0u6Gg44jt1JJ1+xR3+mmWuQjUpb/Skiu0cP0WSSdpzOiTVLziWQ3//RLVyYti+uuyc6Xsrft03fAhwcLeGnf//RoXu0zjJt2p4Q+/oNU9x2vurQNb6HUHAAAAmkfp1oOaOLlIZ9xhXoo1NSf0eLBAj4L3tsbpvv+JVY9Q79kKnz7iG/2I5nB7qgyv1yu3263E7t3s9S3OMAyF9l92yKPeyUn2Jodl+z7DXtQmnNbDYS/CEdhUXef2PqINdFliCwAAAODYKSrVLVOrtNb+bX2sQ+MmdNZjaS5pb6kmzqjSUo9D193eSb/TIV0216d98bH6yx+66Sftbeu2EQWFRerUIV4JCQlyOp1yOI79/Vzx/pIG909YECUIC5oHYQEAAADQNPkfFmvUYkOdz47X55M6qbO9QSgoCA03iA0GBvFuZfXqoEtOaPlJusr/epX2PLfZXlyvmAeXqe8dzTften1aQ1jAMAQAAAAAwOHzB/6TkupsPCiQJJ+h9/5eoc39Oh+ToECSHE57ScNik3vYi9qsqAsLwgQiUa8tnnNLiVHruZit6VgBAADQhoQLCiSpfaxmPtJJQ+Nt5S2ow0mn2osaFNPhGB5chIu6sKB97QMO2oy2eM4tpWNM6/lwaE3HCgAAgDaivFyT6wsKpnXW2GPUowBHL+rCgu4dHG3qm3aHI3DOaB49Yzq1im/sY+RQz5jwT+sAAAAAjg+fsv7u1qJICgp6pBzGX/cDFHuKvaztirqwIN4ppXR1qENcdHfPdzikDnGBc40/zHE4qF87h0unOpPUOSYhIkODGDnUOSZBpzqT1M5BlxIAAABEEH+llm60lZmCAk9OiYbbH6vY0jp1jsC/6luHqHsaAgAAAACg5eV/UKxRmYYGZHTQh1e3kzYeUNqfvCoNNegYq5mP1PYoqNP+WNj1mv476o+yP90xvAHq8PkCJfexlzc/noYAAAAAAGgT9u31q9Tl0OBBLs1+oKO+frHb8Rl6YNbnVDW9I/apch2DoKC1ICwAAAAAABy1Hhd313dzEvXOb7rokn4JYjru1o2wAAAAAABw2OLbB7qu5+eZhh7Uq0qb8wxJUpf2x/I2tIdimtpboE+KjnM/iIjCnAUAAAAAgMNXVKpbplZpbdMmBAiIjdFTT3XXdcfsti9fu38+WhVb7OVh9P+den54mzray1sAcxYAAAAAAKJTUmf96X6XLulirwgvvkusHrq/4zEMCiQpRZ1u+okcjXUZiE2S66ZLjklQ0FrQswAAAAAAgGOIngUAAAAAAKDVISwAAAAAAAAWhAUAAAAAAMCCsAAAAAAAAFgQFgAAAAAAAAvCAgAAAAAAYEFYAAAAAAAALAgLAAAAAACABWEBAAAAAACwICwAAAAAAAAWhAUAAAAAAMCCsAAAAAAAAFgQFgAAAAAAAIsoDAs82rnoRd0w5gL17tVP3Xv1U/eTL9ctL/9bB+1Nwzi4/i3dOebcwHq9Bqnvhffq/9aVBipzX9fQXv3U/eQnlW1aZ9MzP1X3Xv3Ue9q/awv3vq+f9+qn7te+r72hst2f6tFrL685rt6DfqFJi/LlUTNsGwAAAACAZhKFYUGWnrrzz1rlO0fXjbtWN427RGf4dmjRk7/QLW8V2RtbHFz6gH58xZN6f/cAXTvuWt007ifq+d+levTKDE1ZJ6nveRp7giTPBq3LDa21WYsW5EuS3Ks3aGew1LN6pVZKOmPUUJ0gSdtf18hzfqP/+0q6cNy1umncFTpb/9abd/5UN7xVdHTbBgAAAACgGUVhWHCqJixcp4JPX9Ks52Zo1nMvKevVKyRJKxesqP+b+ENf6ME7F+tgv/uUtf4NvRpa9//9Ugkq0l//b7E8GqCxv0iRtFmfrgkGD7lfaVGedFJqirT1C60K7mDT+ixJKRo7KkVSvv5vwh+1Kf4K/e3bf+qd52Zo1nPP65Mljypd0spn52vTEW8bAAAAAIDmFYVhQYrST8vXopf/qEm3/EL9zjlX3W9bHKgqLlOlvXnIV5/qfY+krS9qaGpw+EKvfup+7VtyS9IP+1QoaeDonyhB0sqsbyVJe9d8oe90hX4//ceSsrTy35K0Qyu/KJVOuEJj+0nK+1TvbZXkWaxbzjRt+5zgkIO9+dpzpNsGAAAAAKCZRV9YsP11jTzrat3y5D+08lCKLv3FJP3tnh/bW9XldQf+e+54/e3VP9Vdpo9QsiSdM0JXSNKilcqWRyuXZkmXjNQlI0bqYkmLV/5b2rtBq7ZLCWNHaqAkeRUIHE64Qs/at/vqn/S3V2/ToCPdNgAAAAAAzSzKwgKP3n/yj9ok6eIXPtOG95/XrCm/1NjzDqO7vi9F5429WGPty4hTFS9JzqG65DJJniyt3JqlpUulEZcMVXyHoRo7PDC3wHfrs7RS0hUjbCHFwS4647Iw2x47IDD3wNFsGwAAAACAZhJlYcE+7fkh8H9dunQOlpXq00VZ5kbh/XioRkjS+jmatjT49IOgg5+/r0V5oZ/iNXbsJZJ2aNWz/9BiDdDFw5IkJenCUQOkrV/oqfdWSrpC140KrtJ3sEbES/K8pcde3VG7YUmerW9p/vrQT0ewbQAAAAAAmlmUhQUpOndEkiTp/Tsv1w0PTtOdV2boN5/a24VxwrV69tEBkor0/i0Xqt+1D2jSg9N0w8Xnqu8v/64fvLVN44eP0AhJKz9eKne/sbqib6D8pOEjdIKytOjjUumSkRrhDK3xY0199Qp1kbTpycvV++J7NenBabrz2p+q10VPamXx0WwbAAAAAIDmFWVhgZT+6N/00mWnKsG7Q5/OX6rvznhcK18Yam8W1hn3vK0Nr/5SA0+I197Vi/Xm/Pe1au8punbGYxqXamp4wlBdHJxc8IRLztNJofKzBgd6Jyg4fCBULqnLJc/r3wt/p7GndZb7m6V6c/77ev+beI2480+a+hNTwyPYNgAAAAAAzcnh9lQZXq9Xbrdbid272etbnGEYCu2/7JBHvZMDPQMAAAAAAIhGBYVF6tQhXgkJCXI6nXI4HPYmLa54f0mD+4+6ngUAAAAAAODoEBYAAAAAAAALwgIAAAAAAGBBWAAAAAAAACwICwAAAAAAgAVhAQAAAAAAsCAsAAAAAAAAFoQFAAAAAADAgrAAAAAAAABYEBYAAAAAAAALwgIAAAAAAGBBWAAAAAAAACwICwAAAAAAgAVhAQAAAAAAsCAsAAAAAAAAFoQFjdqtdybfoSuuDy6TFyjP3gQAAAAAgChCWNCYde8q74a/avG7geWRE/+pu2d9ZW8FAAAAAEDUICxozLmT9MC5tT8Ou/Zypa7O0hpzGwAAAAAAokj0hQXrZumKyQv0zqzAsIHn10lrZt2hu/+x29ToKz1//UN6Z5f55yYONdj1g/JST1SqvRwAAAAAgCgRfWGBJOX9U3nnB4YNmHsF1GtdlvRAaKjBBI3M+6feWWdvpMD8Be98rdRhQwkLAAAAAABRKzrDgtTLdUNTQoIQy1CD8zRsuLQjz9wTQcGJDh/VmydO0JxretnqAAAAAACIHtEZFhw26xMPnl5tq961QHdf/2hgosNJ59kqAQAAAACILoQFwR4DliceDDdV71qgu+//QTc1dUgDAAAAAACtXJsIC1JTkpS3Jqtm0sI1s/6iFTW1PygvL0mpfUI/f6U1pp4Fa97/p3TD9RpWWwQAAAAAQFRrG2HBNZN0k/6pu4PDDNacP0Eja2rP0w03SG/eHxqGkCWZexZIynvn0donJQSX58NOgAgAAAAAQOvncHuqDK/XK7fbrcTu3ez1Lc4wDIX2X3bIo97JSfYmAAAAAABEjYLCInXqEK+EhAQ5nU45HA57kxZXvL+kwf23iZ4FAAAAAACg6QgLAAAAAACABWEBAAAAAACwICwAAAAAAAAWhAUAAAAAAMCCsAAAAAAAAFgQFgAAAAAAAAvCAgAAAAAAYEFYAAAAAAAALAgLAAAAAACABWEBAAAAAACwICwAAAAAAAAWhAUAAAAAAMCCsAAAAAAAAFhEVFgQ43DI6/XZiwEAAAAAiAper08xDoe9OOJERFjgcDjkcDgkGXJ7quzVAAAAAABEhcA9r2G6D45MEREWSFJMTIxiY6TyQxX2KgAAAAAAokL5oQrFxgTugSNZRBxdTEyMYmNj5XI5Zfh9OnCwzN4EAAAAAIBW7cDBMhl+n1wup2JjYyM6MDjuRxbqehEbG6u4uDi5nDGqrHQTGAAAAAAAosaBg2WqrHTL5YxRXFycYmNjI3oownEPC0JiYmLkcrmUkJAgZ6xUUVGhwr3FKj9UyaSHAAAAAIBWx+v1qfxQpQr3FquiokLOWCkhIUEulyuiexVIksPtqTK8Xq/cbrcSu3ez1x8zhmHIMAxVV1erurpabrdbVVXVkiNGDkesDPsKAAAAAABEMIckw/BJhl9xcYEvx10ul1wu13HvVVC8vyTwZb3TGfY4IiYskCkw8Pl8qq6uVlVVlbxer3w+n/x+f00bAAAAAAAiVejmOzQ/n9PpDAy7d7kiZvhBqwoLZAoM/H6/fD5fTVBASAAAAAAAaE0cDkdNYBCa0DASggK1xrBApt4DodDAXAYAAAAAQGtg7mEQ+v9wN+bHQ6sMC0IICAAAAAAA0SDcDfnx1KrDAgAAAAAA0PwaCwsi+1kNAAAAAADgmCMsAAAAAAAAFoQFAAAAAADAgrAAAAAAAABYEBYAAAAAAACLiH4aAo9OBAAAAABEg3BPHDieGnsaQkSGBaGQwDAM+f1+SxkAAAAAAK1B6CY8Jiam5v/D3ZgfD60uLDAMoyYk8Hiq5PZUyev1yxcMDQAAAAAAaA1iY2LkdMYoIT5O8fFxNaFBuJvzY61VhQWhoMDn86m07JCqvX517NBOCfFxcjpj7c0BAAAAAIhYXq9Pbk+Vyg9VyuWMUedOHRQbGxsRgUFjYUHETHAYCgqqq6t14GC5YmOdSj6huzp2aEdQAAAAAABodZzOWHXs0E7JJ3RXbKxTBw6Wq7q6uub+N5JFRFhg7lFQVl4pl8ulrl062psBAAAAANAqde3SUS6XS2XllfL5fBEfGEREWCBJfr9flW6PvD4fQQEAAAAAIOp07dJRXp9PlW5PzWT+keq4hwXmXgUeT5U6dmhvbwIAAAAAQFTo2KG9PJ6qiO9dcNzDAgV7Ffh8Pvn8hhLi4+zVAAAAAABEhYT4OPn8gS/MI7l3QUSEBQoGBn6/wWSGAAAAAICo5XTGyu83IjooUKSEBZHc9QIAAAAAgOYW6ffBEREWAAAAAACAyEFYAAAAAAAALAgLAAAAAACABWEBAAAAAACwICwAAAAAAAAWhAUAAAAAAMCCsAAAAAAAAFgQFgAAAAAAAAuH21NleL1eud1uJXbvZq9vcYZhKLT/skMe9U5Osjc5bJVGtfb4y1Tu98gvw16NViZGDnWMiVfPmE5q53DZq3GEIv33hNcdAAAA0aqgsEidOsQrISFBTqdTDofD3qTFFe8vaXD/UdezoNKo1g5vkUr97oi8AcLh88tQqd+tHd4iVRrV9mocgdbwe8LrDgAAABw/URcW7PGXRezND46OX4b2+MvsxTgCren3hNcdAAAAOPaiLiwo93vsRYgivL7No7Vdx9Z2vAAAAEBrF3VhQWv5thRHhte3ebS269jajhcAAABo7aIuLAAAAAAAAEeHsAAAAAAAAFhE3aMTN1UX2IsQZQa6etuLmqQwc5ZmLDtgKumrW2ferDRTSdNka87kNUp5cJLGJtvrWtiGeZo4Pzf4w5Eef+v8PTnS1x0AAACINDw6MQIVLJ6q9AmvaLW5sHCRrp8wXo9uMBcevtzFT2jMX9ar3nnbPTu1cMESfV1hrzg8q/8yXul/WW8vbtDqv4xX+hOLdHxvEdfr0Wa4zkci57XpmrGsm26d+bhmh5Zx0huTp2vOcTieI1KYqcfnl+jSBwPHP210id54JlOF9nbNaqfmTBmv9F+9otV+e51V8YYPNCdnn70YAAAAQCvU5sKCFrPrAz36ryGac/sQdbLXhexdr7c+XaLPj+8de9uzYZ7e+DbMt/CDb9bscX317ZKWvuFuHoX/+l7FZw2r6c2QnDFMZxV9r+yWPPitqzRfp+nszllastFccVCr5z2hUW+EQqtqbVq7RK+t2qJiczMAAAAArRJhQXPpc7XmPzZWfRu6oqlX692XX9Sk0+wVaEk5G3KVOHpU+O76g/tbbrgLM2dp4muZWvTMdE2cPEuLCiUpP/hzYHk8s+6354WZs2rqJ06ep5xQxYZ5mvhMpnJq6oPb3DCvtv1r2bUb2jDPun6NfGVvPKCzBqebytKVftYB5fwr31TWvL5ev1adzh2n353bRUtWZ6mqpuaQcv+zU2XVoZ9duuieV5V9/wgl1rQBAAAA0Fo1dGvbdlVs1/xZU5Q+YbzSJ9ypMbMW1QwdWP2X8Up/dLZm/PHOYLf+nXrvj1M0/FfjlT5hvIY/MV/ZFZJUoPlPjFf6C69oxsN3BoYNbHhF6ROman7wxrQ453WNmxhYL33iVM2orwt38XrNeOLOQLtH52t1uanOv0/L35ga2P+v7tS4tzeprJHu4rUO49grtmvOzF8HjuGBZ/XsK1NrhzUc3KRnnwrWTbhTY2YtU27wGGrP8U5d//YmyxCNbZ8+pStN5z9r81GOzwgrX7v3SMm9UuwVQb2UknRA+btNRd9+L41/XLNnTtLY5HwtemaucgbdXjN8YWxhtr41NS/MnKUZG0/XtGD9tNElesMcABRla5GuCdZJnzw3XRM39A9s78F0JX67JhhKRBj/Fn28zqUr007SmeeNUO9v1upzj4Lvj6matUvSutnBYT3B98xf1ktb52v4hCmakxfcjidLU341XlOyqq3v1wnjNfyJ17WcrggAAABAxGmjYUGW7psQvEmdMF7pj36g0JRxUoHmP/+UZh0cqvmzXtXqZ+/XlQc/0G2vmb5VLdyt3v/zf8p+Yqx6q6vSrntQy19+Xdkv36/LSpZp1irTTf9/qzX8oVeVPWFIbZmkqo2v6LpXctT35me1+uVX9e4NSfr8ledqb7BqFGj+n2br42436N3Zr2r1r3up4L+1tV+//YSerL5aS15+Xdl/vE19s17Qk+tqvu5tRFOPfaBWv/WCXis7Xy8/+6pWTx2r+N2msRQJSbry5ue0+i+vK/sPV6v3N/P11teBuSDufiVHSdc+pdUv/5/+2OuATLfQSup3g16b+bqy//KqXjzngOa/v/I4z6kQZOrqr8JNyinqq7EZtWFD2m0ZOqvmp+A3/mMyFFolOWOYzvp2S23vgKR03R1cP/mc05Worro0I9hDIHmg0sxhxeCbNds+XOJ42ZqlhfHna9TJklKHaEy3Tfp8Q7Wk3hr3xFOa1EfSuROV/Ze7NNy8Xr8LNS5pn5bk7JQkVW1Yq+XxI3TdudLqN57QlI0nasZTr2r17Kc0JSlHU543//4BAAAAiARtNCwYqCeff1FLQsvvxqhvqGrvJi3Ja6/rrr9aZ7Z3Ka5bf90+eqC0cWPtjW6foRqT6gr+4FL5jsW67/H7NOb+F7SwQqqqNt2s/+h8XdSl9seQ7PVZKjvtat13bg/FuVzqe+HVuq7bPi3faLtd3rtJS3a115WXjlbfeJfikkfruh+FKjdp4aoKla2brVF3jVf6A69oSYX036J6eijU0dRj36Ll6yuUPmKs0rsFrsl1aaaZ6V0uFeS8otum3KdRj76jryV5/FLBxvXKbX++bh/ZO3COI0doVO1aivNs15wXp2rMA7/WfWsrJH9TQ47DkaJePaXC3fV11d+t/KKuSullLw/aXaTipCTV1y8hsL707fzaYQoTJ2fqW5Vod7jeAsk9lKxu6tWMT1Gov9fE0Vm9eqWqSpZo3ITxSp/whF4rkpZ/tdY0FKE+J2nMuT1UsHGTCiRlf71JcUOGKj1mi5avq1D62F/ookSX4uJ768orRiixaL1Wh7tWAAAAAI6bNhoWtFenLl2UGFo6trfVu9QpwVYUa/s5qHjVbN22+JB+9tvntGR28NvWpkpw1ZkMMc4VCiGC/NWqsh1PlW2YQfqNLyr7L6/XLO9e0bRHzDX92Kvl8Ulx8bXXyeOrrf36nSc0ZeNJevTJF/X5yxM1JlRRXS3FuxQX+tl83AdX6nfPL5LnJ1P00fOvauGVTTvmI5E2uK+KN24KP4nhhi36Nul0pdd3894rSYlFRbJEDYX7TNvqpZSkrjVPKKhdmvuxiuFCj2xlf9tA0HE0/Ou1ZH17XXmXKVSbNFqJ36wPDkVoWN+Ro3T2rix9vmu9lqzvoXEX9a+pM7+PAlxt9pMIAACgTdlbpt8/XqxRj5do6V7TDcUx4v/mReUOOFM7zjQtAzJU8I29JdR2w4IGnDBQY/oc1GvzPtC2impVlWzR3GWb1Onc82WeWi7Ec/CgFN9VfTq6VPXfLH20y94ivPTBQxX3zTt6ct0+VVVXK3fVB3qv9CSNGdTD2jC5v4Z3PKj3Fq9UrqdaZf/5QHNrHvXXX2k/krIX/T8tL6mW/IHtLAx7VyzJV6HigweDS4XKm3zspymtn7R62QfKLqlWVXGWXltR2wOitLxC6tJFvV3VKs5aq8+D5b379VenkpWau6pAVZ4KbVu0SEtCK1UeVJHPpaSu7RXn2aklOS04AGHwzbq1Z7Zm2B8zuGGeJs4v0aXja4cQ1JHcQ8nK1aLM2pv0nMxs04z/KUofJH3yejM9UaHeCQ6ltIx0adk/auY3KMxc03DQcRSq1q3UEg3UReeYQrUfDdGo9pv00eqDknooqZuk8gPh58jodr4uO6VAa/7fMi1JvlBXpkpSf100pL1Wv/+alhdXq8pToIWLV6o4dahGnWDfAAAAAKKKp1y/f9qj+bsM5e/yaeKMUn3RElOWmVStnKr/mIKB3GvmyG/PKHw7VHmNOUAYrvyVTfh2rA0gLKijt8bdf7/GxS7TuEl3avjDL2h1z/Gae+vA2m/Iza1HXa0rY1fqtnvu1M9WuDS83m/nreIG36b515+mTfOmaPg9d+r6zApdd+8Ujatz43eabvv1WJ289XVdP/HXum5RF40aHKpzacxtUzXp5B2aMuVOpd/za923Rjqlm3ULNQqX6LYH7tOYB+7TmAfeVH6Tj72Lrrx1vMZULtM9U+7URX/aroHn1vYEGJ5xg87eMV+j7vm1HjzYu3aowWlXa1ZGb61+a6qG3/+E5nYaWNvrIHm0Jg2P0/yZdyr9ic8Vd2bL9SyQpLTbHte0Qd9rRs1QgemaOF+6tdEeAOm6e2aGkpfNrVkve7B5zgIpOWNSIIwwb9s8wWFzSc7Q9HHdAhMkTp4emFTx4QaCjiNWrc9zNkl9T1M/yydEf6UPkLKzc1Qsl4aPGKrEbfM16p5XtNrcTJLURaPOO03ZW7fo7OEjFHh1XRp+6xRNOXmHpk29U8MnPqE5h0br5QfGBOsBAADQ2pRuPaiJk4t0xh3mpVhTc0xDjPeW6b2tcbrvf2LVI9Rju8Knj/hGP6I53J4qw+v1yu12K7F7fXeZLccwDIX2X3bIo97JSfYmh2VTdQt+Q40aX7/1a922Y6wWPnbsb/QGuo71HqNPa/w94XUHAACIMEWlumVqldbav62PdWjchM56LM0l7S3VxBlVWupx6LrbO+l3OqTL5vq0Lz5Wf/lDN/3EPkK1jSgoLFKnDvFKSEiQ0+mUw+GwN2lxxftLGtw/YQGapGDVfH2eeKmuP72ryr7/QJNeWqKqK55q8vwIzYmbxqPXGn9PeN0BAAAiS/6HxRq12FDns+P1+aRO6mxvEAoKQsMNYoOBQbxbWb066JIT6pkYrhmV//Uq7Xlus724XjEPLlPfO1pmAnGz1hAWMAwBTRIff0jvvRwYMjFm9np1vvR+zc3g5g0AAABos4JzV6WkOhsPCiTJZ+i9v1doc7/OxyQokCSH017SsNhk2xxybVjUhQUxqpuI4OglnnuXFs4OPnHh5Wf18lUD1ek4vHt4fZtHa7uOre14AQAA2rRwQYEktY/VzEc6aWi8rbwFdTjpVHtRg2I6HMODi3DH4XavZXWM4cWNZry+zaO1XcfWdrwAAABtVnm5JtcXFEzrrLHHqEcBjl7UhQU9YzrxLWSUipFDPWM62YtxBFrT7wmvOwAAQGvhU9bf3VoUSUFBj5TD+Kt3gGJPsZe1XVEXFrRzuHSqM0mdYxJazc0QGhYjhzrHJOhUZ5LaOVz2ahyB1vB7wusOAADQyvgrtXSjrcwUFHhySjTc/ljFltapc4T+tRv5ou5pCAAAAACAlpf/QbFGZRoakNFBH17dTtp4QGl/8qo01KBjrGY+UtujoE77Y2HXa/rvqD/K/nTH8Aaow+cLlNzHXt78eBoCAAAAAKBN2LfXr1KXQ4MHuTT7gY76+sVux2fogVmfU9X0ByKcKtcxCApaC8ICAAAAAMBR63Fxd303J1Hv/KaLLumXIKaobt0ICwAAAAAAhy2+faDren6eaehBvaq0Oc+QJHVpfyxvQ3sopqm9Bfqk6Dj3g4gozFkAAAAAADh8RaW6ZWqV1jZtQoCA2Bg99VR3XXfMbvvytfvno1WxxV4eRv/fqeeHt6mjvbwFMGcBAAAAACA6JXXWn+536ZIu9orw4rvE6qH7Ox7DoECSUtTppp/I0ViXgdgkuW665JgEBa0FPQsAAAAAADiG6FkAAAAAAABaHcICAAAAAABgQVgAAAAAAAAsCAsAAAAAAIAFYQEAAAAAALAgLAAAAAAAABaEBQAAAAAAwIKwAAAAAAAAWBAWRJCdL1+t7r36aejL+fYqAAAAAACOGcICAAAAAABgQVgAAAAAAAAsCAsAAAAAAIAFYQEAAAAAALBoE2GBJ/dTPXXLL9Tv5H7q3qufuvc6V4Nve13ZpaZGSx8I1P3mCx1c/6IuPbmful/0unYGtqCdi57UyH6DAm1Ovlp3vr9Di34T2N6dS2v2pJ2LXtQNYy5Q717BfZ18uW55+d86aNqVJB1c97puGXZuoE3quRr5eJb22tqoqccOAAAAAEAzahNhwcr//Y1mflGlQdddq5vGXauLT/No58d/1KW3vV/3Br10kR685s/K9tQWfffyjRp851vadFA6YfgVuimjs1bef4vu/dS8oiRl6ak7/6xVvnN03bhrddO4S3SGb4cWPfkL3fJWUU0rz+fT9OMr/6hFuaVK+NEluukXQ6W/3aXrX6r7FITDOnYAAAAAAJqBw+2pMrxer9xutxK7d7PXtzjDMBTaf9khj3onJ9mbHLWd6/+troN+rC7OYIH3U92Z+hu9r6F6aeMbGndCsGfBLYslxSv93r/p3QeD7Q99qltO+40WKUW/XvxPPTkkPrCN/e/rhrOm6VNJ1/5tq169RJLylb2us9LP7Vy7848fUPfbFkvDZ2jr+9fqBG3WU+derZl50og/fKkPbwmer2eHZo65XE9tlc549DNl3ZMiNfXYAQAAAACtRkFhkTp1iFdCQoKcTqccDoe9SYsr3l/S4P7bRM+Ckwadop0fv65HH7xXI8/5qfr2/Y3elySV6uAhW+P4azU1FBRI0ldfaJEkDf+VfhMKCiSp+7Uad1XtjwEpSj8tX4te/qMm3fIL9Tvn3EBQIEnFZaqUpLyv9GmepPhfamooKJCk+FN17XUDan8OOqxjBwAAAACgGUR/WODdof+74lyNvPOPmru6VGeMvkJTXx6vdHu7kIyhGhEKCiTJ6w78t1cP2b/ET4i1FWx/XSPPulq3PPkPrTyUokt/MUl/u+fH1jZeyS1JfVPqbK+Owz12AAAAAACaQdSHBZ5Fs/ToRkmjZmjLmjf06nP36Y6xQ3WSvWFIbJy9JKC0TKZpDCR5dNAyyaBH7z/5R22SdPELn2nD+89r1pRfaux5geEEdew/WHfSQ+sGD//YAQAAAABoBlEfFhTuDk4a2KWLugTLDi5dpDpzE9bn9LN0hiQtfU2zt5vKt7+u52uegiBJ+7Tnh8D/dekSmrOgVJ8uyjI3klJP0UBJ2vt3zf7YFA6UfqHZf7NOcHjUxw4AAAAAwBGIurDA8/mT6tern7pf8ZZ2SjrpvPMCN9oLHtDQW6Zp0j236rwHbTfwDel7jZ68NknSZj114bkaecs0TbrlavW+aKkS+pkbpujcEYE5CN6/83Ld8OA03Xllhn5jv7N3/kRTpw+QVKr3b7tQ/a59QJPuuVX9zpqq70629kI46mMHAAAAAOAIRF1YUMeQ3+mT5y/RSfEefbf0fb33/al6bsnjutjerl6ddfELH+pv436sLs5SbVr6vt77PkVTP3xDU39kbZn+6N/00mWnKsG7Q5/OX6rvznhcK18Yam0k6aQ739AnjwaOae/qxXrzc7cuffVDvfoz01MU1BzHDgAAAADA4WsTj05sGfn6v4t+qke3dtYdC9fp2XPt9QAAAAAA1MWjE6PYwY9f1PNbJcWP1RXn2GsBAAAAAGi96FnQBJ8+eK5+kzVAI4amqJ3c2rl6pVbmlkpK0rV/y9Srl9iGDwAAAAAAUA96FkSJnv0GqGvpZr0//329OX+xVuZJZwy/Vs8uJCgAAAAAAEQfehYAAAAAAHAM0bMAAAAAAAC0OoQFAAAAAADAgrAAAAAAAABYEBYAAAAAAAALwgIAAAAAAGBBWAAAAAAAACwICwAAAAAAgAVhAQAAAAAAsCAsAAAAAAAAFoQFAAAAAADAgrAAAAAAAABYONyeKsPr9crtdiuxezd7fYszDEOh/Zcd8qh3cpK9SYtYM+sOrTn/r3rgXHPpbr0z+VG9mRf4KfWGJzXnml7mBrXWzdIVz38d/OFsPfLuJA2rqTyM7TTZV3r++r9oRfCnkQ9Yjz3vHw/p7neKAj+kXq45M69Sam11DUu7MNtp+LwAAAAAAEeroLBInTrEKyEhQU6nUw6Hw96kxRXvL2lw/22vZ8GuBbr7+jv09Gp7hbRm1qN688QJWvzuX7X43Qk69Z1H9fw6e6vgNp7frZte+KsWv/tXzblht56evEDBbKDp22my3Xpn8l+044YnA9t84XLteP4hvbMrUJv3j4d095rzNOfd4PEM+0p3z/rKvhFJu7Umv7bd4gfO1ornZ2lNqLqR8wIAAAAAtA1tKyzYtUB33/+VRr7wpG6q87X7V1qzOkk3XXte8OfzdMMNSVqxtu5Nd17WV8obfpVu6BP4OfWaqzQy7yut2aXD2k6T7crSiryzdVOod0Kfq3TT8CKtyNodCADWFGnkDbU9CVKvuUojVy+oCRNq9dINk0w9Ds4dqpHarbxQ6NDgeQEAAAAA2oqoCwvWzLpDV4T9Vj1wkz3n3T/U3AxbrMvSitTzNMxUlzr0PKWuztIay3aDN+fnh8IASTpPw0I3741s50gEbuKHWoYDDDv/bOWtyarnW/8TlZpaFAgBdi3Q3dfX9kIwy/vHAq2oCQcaOS8AAAAAQJsRdWFB29NLw4YlacU7puEC696tmS+hjuAwjCuuv0NPa5IWTzKHAwAAAAAARGFYMGzSX1vkBrilttscUq/5gx458Z81IcAVa0+sHWZh703R56qaOQse0Sxdcb1pzgIAAAAAAKIxLGh2qSeGfapAOKemNvDEg3q2k/ePhwI3+MHlsCZCPLF3zTaHTQpOWvjuX7V4Um/l5SUpNdxwC5PUa/6gR4Z/rTf/0fAwgwbPCwAAAAAQdQgLQvqcqNS8HyxzAORlfaU80w15QC+lnijtyDPfYAcmNUztczjbCUi95g+1N/nv2h/lGGyT2kv6ocCyzTVrv1ZqyommEpMw8yY0rpHzAgAAAAC0GVEXFjQ4wWFD+lylm4Z/radr1v1K77xTO+GfebvDrr1cemeW6dGFC2pvzhvZzhE593rdpH/q6VAPgF0L9ObqJI0cGu4b/6/0/PNf1z4dwTzB4a4Fet7ci2DdLD1t2k6D5wUAAAAAaDMcbk+V4fV65Xa7ldi9m72+xRmGodD+yw551Ds5yd7ksKyZdYee1oRG5hfYrXcmP6q8G+zf5AfKQ5MDjnygtr7OdtfN0hXPfx34/9TLNWem6ZGEDWznyH2l56//i1ZIkpJ00wumeQjMx2LfX83jIv+gG/qYt6G621Fj5wUAAAAAOFoFhUXq1CFeCQkJcjqdcjgc9iYtrnh/SYP7j7qwAAAAAACASNYawoKoG4YAAAAAAACODmEBAAAAAACwICwAAAAAAAAWhAUAAAAAAMCCsAAAAAAAAFgQFgAAAAAAAAvCAgAAAAAAYEFYAAAAAAAALAgLAAAAAACABWEBAAAAAACwICwAAAAAAAAWhAUAAAAAAMCCsAAAAAAAAFgQFgAAAAAAAIuICgtiHA55vT57MQAAAAAAUcHr9SnG4bAXR5yICAscDoccDockQ25Plb0aAAAAAICoELjnNUz3wZEpIsICSYqJiVFsjFR+qMJeBQAAAABAVCg/VKHYmMA9cCSLiKOLiYlRbGysXC6nDL9PBw6W2ZsAAAAAANCqHThYJsPvk8vlVGxsbEQHBsf9yEJdL2JjYxUXFyeXM0aVlW4CAwAAAABA1DhwsEyVlW65nDGKi4tTbGxsRA9FOO5hQUhMTIxcLpcSEhLkjJUqKipUuLdY5YcqmfQQAAAAANDqeL0+lR+qVOHeYlVUVMgZKyUkJMjlckV0rwJJcrg9VYbX65Xb7VZi9272+mPGMAwZhqHq6mpVV1fL7XarqqpacsTI4YiVYV8BAAAAAIAI5pBkGD7J8CsuLvDluMvlksvlOu69Cor3lwS+rHc6wx5HxIQFMgUGPp9P1dXVqqqqktfrlc/nk9/vr2kDAAAAAECkCt18h+bnczqdgWH3LlfEDD9oVWGBTIGB3++Xz+erCQoICQAAAAAArYnD4agJDEITGkZCUKDWGBbI1HsgFBqYywAAAAAAaA3MPQxC/x/uxvx4aJVhQQgBAQAAAAAgGoS7IT+eWnVYAAAAAAAAml9jYUFkP6sBAAAAAAAcc4QFAAAAAADAgrAAAAAAAABYEBYAAAAAAAALwgIAAAAAAGAR0U9D4NGJAAAAAIBoEO6JA8dTY09DiMiwIBQSGIYhv99vKQMAAAAAoDUI3YTHxMTU/H+4G/PjodWFBYZh1IQEHk+V3J4qeb1++YKhAQAAAAAArUFsTIyczhglxMcpPj6uJjQId3N+rLWqsCAUFPh8PpWWHVK116+OHdopIT5OTmesvTkAAAAAABHL6/XJ7alS+aFKuZwx6typg2JjYyMiMGgsLIiYCQ5DQUF1dbUOHCxXbKxTySd0V8cO7QgKAAAAAACtjtMZq44d2in5hO6KjXXqwMFyVVdX19z/RrKICAvMPQrKyivlcrnUtUtHezMAAAAAAFqlrl06yuVyqay8Uj6fL+IDg4gICyTJ7/er0u2R1+cjKAAAAAAARJ2uXTrK6/Op0u2pmcw/Uh33sMDcq8DjqVLHDu3tTQAAAAAAiAodO7SXx1MV8b0LjntYoGCvAp/PJ5/fUEJ8nL0aAAAAAICokBAfJ58/8IV5JPcuiIiwQMHAwO83mMwQAAAAABC1nM5Y+f1GRAcFipSwIJK7XgAAAAAA0Nwi/T44IsICAAAAAAAQOQgLAAAAAACABWEBAAAAAACwICwAAAAAAAAWhAUAAAAAAMCCsAAAAAAAAFgQFgAAAAAAAAvCAgAAAAAAYOFwe6oMr9crt9utxO7d7PUtzjAMhfZfdsij3slJ9iaHzeuV3IcMVVdJhmGvRWvjcEiuOCmhg0NOp70WR6PSqNYef5nK/R75FVm/LDFyqGNMvHrGdFI7h8teDQAAALRaBYVF6tQhXgkJCXI6nXI4HPYmLa54f0mD+4+6ngVer1RWYqjKQ1AQLQxDqvIEXlev116LI1VpVGuHt0ilfnfEBQWS5JehUr9bO7xFqjSq7dUAAAAAWlDUhQXuQwYhQZQyjMDri+axx18WkSGBnV+G9vjL7MUAAAAAWlDUhQXVVfYSRBNe3+ZT7vfYiyJWazpWAAAAIBpEXVhAr4LoxuvbfFpDr4KQ1nSsAAAAQDSIurAAAAAAAAAcHcICAAAAAABgEXWPTty/l+7K0a77CXUf69FUOa9N1xvfmgqS0jXt4Qwlm4qapDBTjz9XpLEzb1aava6FFWbO0oxlBwI/HOnxS9pUXWAvimgDXb3tRQAAAECrxKMTI1j10i9179Alenr+PnuVVeVurXr1G+U2OBl7qTa+ukEb9/rtFZJ2aN7QJZr3pb28YXvmL9e9N2/UHntFEzT13Cz7aMJ5Vm/ZrMUf5KvSXtEc8jfq6SO4Tk2Xr0XPTNcbe9I1bebjmh1cpg36XjMmz9KiQnv7CLVhnmYs66Zbg8d/a89szXgt296qeXlW6r4J45X+xCI1HC8c1OoFH2h5sb0cAAAAQGvTRsOCUmUtLFffQe1UuLTAckNeujZbz47J1sZQQV6hPp9foI07TY3sKvcoZ/4erVpfbq85Duo/twY14Tz3rCvQ8jf2qLXcV5sVZv5Dn6jut/DJGZM0bbT0SWYL33A3k5wNuUocPaqmN0NaRroSv92iHFu75lS8epVWn3Kazt6Vpc/NL37eEt0z9SnND5V5tmvhp0u0cOtBUyMAAAAArVHbDAuK85WzvqOGPpmsAd/tU/Z3tVWVO8qVf8BXW3DGYD2+8hL9/Ee1RXW0O123rxyjiZd1ttccew2cW4OacJ4pt/xUMz8aor72ioiXr+yNB3TWmPDd9ZPPOd10w52tOZNnaVHmPE2cPF0Ta761z9acydMDZZOna86/LJuo6bkQqq9dLzBsYOJr2cp5LVQ/Tzmh8mD7xzPzLdup/dksW9nfdlXaOSm1RckDlZaUq+wN5nbN6aC+zN6u4SMm6vofFei9taY0qWinsvdW1P4cP0TPvvyqXhzepbYMAAAAQKvUJsOC0i/2KXdkD6WdcLLSRnu1fkXg+/c985frqdkeSQc0N9Ql/sss3Tt0uZbm/6D3Ll6i6a+Gvqv3KGfqEt079XtVW7rQ+1W8IltPX7wkMBRg1n6Vmvad/94Xmh6su/fi5XpvfbBTf1m+lj70mSYPXaJ7f/alVlpu8q3bnDx+vTYfCDfkof5zkxrZR815Bn6s/Gaj/nzD0sD+rs1STrG0cfoS09AI6zHde/Fyvb0iOI4+uK335mdr+oglunf4Us1eGBwSUfxfvX3H0sAxDF2i6Q9t1h5TNtMydiu/qKtSetnLg5J7KFkl2l3zrfkBfVLYPzBU4bb0YFCQKY0LDV+4XSkbs1Xb2z5fi56Zq5xBt9fUX7onU3PMN/DfZip7cHDowFm5emPydM3RNYH24/qqeNnnLdo74IiVrNXC7QM1Jq2LRp03UAXr1itXkja8ovSXsyQVaNaj43X94gKpcJGunzBej244qIV/HK/02VmqCm4md8EUpT/8gXIllW1fpCkP36n0CeOVfs8UTVm8XQ2MfgEAAABwHLTBsOCAcj6p1IBRJ8uleA0a1VnFSwuUL6nnuIs0dWK8pK66PWuMbr7AvN6JOv86Z01bVf6gnBUxOv/qU+UyN8v/Wq88VKLuE4do5sqLdPvJHuWZqjsPOUMTP7pEL2WN1q9GVWvV7B0qlkcb/3ezFhd0013/HK2Zr58o/ddTu9LG9Xr2OZ8uf+8SvbT6At2YWqw/P7dD1abtBtR/bmpsH2Z7N+vPd+1W6ch+enz5Rbo/Q9pvm6igeu06PftQiVIeGqqZKy/S1Enx+vdDOVpcE0B4lFvWU/d/coF+dWWMvnt2hzZLUvsOuvCRC/WHrDF6aUGKOq/4QZ+ss2w6AnTVpRnptT9u2KJvk9J11eBQQYrGjk9XYujHwk3KKeqrsRmhb/xTNHZMX327wTS04awM3R1cP21wX0mm9oP766yasCJFYx9+XNNrtnV8Fees19c/GqJR8VLc4PN1UUmWluRJGnyXsu8ZKqm3Jj35ut69wjz5YBdd9pOB0jdr9blHknZqybp9OnvUaPUtXKK7n/9ABUOn6POXX9WSiUNUsPgpPZlV990MAAAA4Phpe2FB/k5lbZQ2P7Y88K351FIpv1g5W+wN60oZmajE/APanC9pfbE2t++mIT+2XsLiVftV2KmbRl3ZQ664ePW8spfOMtW7Koq19HdfaNrPluvPC/2SzyevdmvjUr/6XnO6zkh0yZV4okZcEl+zzubMYlUWH9DcMUt17/AvNW+pX8qr0H7TdqXGzq3hfZiVrt2n3PaJ+vndJyqxXbxSbjlVg2Ktbb5fcUCVQ1L089FdA+d5RV+d38urTetCkyrG68djT1Tndh01YFhHyedRcbGkOJeKP1uvF676TL+7IT/wLXWL9yzopZSkA8rfbS8PKtynQnVTr3BjFCQV7i6RevYIO4RBkrS7SMUK9BaoGYYwP1fasy/8/A69kpSYlKTmiwMa6DVxVAr08ert0jeva/iE8Uqf+IqW+/Zp4VcNTGwRFDf4fF2kTVq9ORCmLC86TZeldVHBxixtix+t3115mjq5XEoccLXG9ZeWf73JvgkAAAAAx1GbCwv2rNivwkG9NOWfwzTjn8M045/puu58r3JW1HcnaXJGX104yKOcFfu0cdkBJV53os6w3UR7fZI6xqh9qMDnr+0BULxZc+8qUMUVQ/T4R5cEezEocLfsk9q1M92822+gh5yoGVlj9FJomTdIPW1NGj63JuwjqLrCbz2H2B7qGe5mtFOs2tmKnLH1vaX8qqyUcmev09wvO+h//j5Kf1x5+jF67GCK0gd1tX7Tb1L4r+9VfFb/eo8luVe3ujf+u4tqhyH0SlJikvUpC7NnPq7ZR/hIw/qFCT0KNymnqP6g46gUrtdHu07TpMde1JLnA8vCG/ureF2Wttnb2sUP1XXD2mtJznrl5mQpd9BoXRl6Mmu8S3G25oq19M8BAABANNpbpt8/XqxRj5do6d56bkZakP+bF5U74EztONO0DMhQwTf2llDbCwv2KPtDj5Iv7K2UxM7qnNhZnRMTNWhkO5V+kK/vJHU/wSXJq9KwcwJ0Vdql7VS4dptWLY3X+Rn223Wp5487q93uYi1evE/VlZXKnZ9f+2SFymqV+mLUuWc7uSp3K3tpaBhAD51+vrT57W/0XbFH1Xu/1yfv1g4ROP3cztL6fH24rFTV8qt65zYtXmx/LGJj59bwPswSh3RV4u59+vucH1Rc6VHp+m3abMtSTr+wq9qt2Km3lx1QdZVHexbnau3eeKVdWNM5P6zSA34pMV6d43wqXbpH39obtJDkjGt06Z5My8SDCk4yOGNZN916m2nYgV2vJCUWZWtBzRwE+Vq0JLe2Pnmg0pStOWEnJTxcDU1wGBzeMD8wQaIk5WRmNxh0HI3ctauU22egRqV2UWKXwNJ7yBCll6zUwq2SunVVog6p+ED4IQTpaWmK+2aZnvtXgcYMH6o4Sb0HDVHfkiV6cuF2lVVXq3jzB5q/pb2uHNLfvjoAAACiiadcv3/ao/m7DOXv8mnijFJ9YZoruyVUrZyq/5iCgdxr5shvzyh8O1R5jTlAGK78leHvk9qathUWfFeg9fkxOv3sHpbizj/uquSyEm3cKLnO76W0E8r13pilmrfW0izQ9ic91Hd9ub77UQ8NDdeP/EcD9Kvb4vX9M+s1+dLV+qRrdw0K1aWcocuvlrLuWqbJN+Ur7tzQt/yddf7DfZVWtk+zL1+uh35XqpTLansAuEYP1v0T2yt3+hpNHrpUD00plFJtT15o9Nwa3ofFGYN0/ws9pIWbNf2i5Zr+TIkqbF8Fuy4Yot9Maa/cP2Rp8ojlevaNal340lCNCndNTAbdmqK+3/ygaSOWa25xB51hb9BiAnMB3KrM2qECk6drxsbTNW3mzQ3fbCdnaPqD6SqcH1rvH9IY05wFStHYhzOUvGyuZduWCQ6by+CbNW10Sc2QhzeUEZyEsbkF5hmIO/00mWcjUJf+Skuu0ML1W6QTL9S4kys0f+adGveJPbySNGCortQWZReP0M9CvwTJYzV34mhpxbMadc+dGvPyJvW9aaqmDaJnAQAAQGtUuvWgJk4u0hl3mJdiTc0xfaG0t0zvbY3Tff8Tqx6hntkVPn3EN/oRzeH2VBler1dut1uJ3UP9hI8dwzAU2n/ZIY96JyfZmxyW/XsNexGiTPcTHPYiHIFN1QX2oog20GWJLQAAAHC8FZXqlqlVWmv/tj7WoXETOuuxNJe0t1QTZ1Rpqceh627vpN/pkC6b69O++Fj95Q/d9JOasc9tS0FhkTp1iFdCQoKcTqccjmN/j1O8v6TB/RMWoNUhLGgehAUAAAA4GvkfFmvUYkOdz47X55M6ydb3uTYoCA03iA0GBvFuZfXqoEtOsE0A1wLK/3qV9jy32V5cr5gHl6nvHY10l24GrSEsaFvDEAAAAAAAzSM4zVtKqrPxoECSfIbe+3uFNvfrfEyCAklyOO0lDYtNtg7rbsuiLiwIE4ggivD6Np8YtZ6L2ZqOFQAAoM0LFxRIUvtYzXykk4bWM3VaS+hw0qn2ogbFdDiGBxfhoi4scNV5JhuiCa9v8+kY03o+CFvTsQIAALRp5eWaXF9QMK2zxh6jHgU4elEXFiR0cPDtc5RyOAKvL5pHz5hOreIb+xg51DOmk70YAAAAEcenrL+7tSiSgoIeKYfxF+8AxZ5iL2u7oi4scDqlTt0ciouny3q0cDikuPjA6+o8zDFHqF87h0unOpPUOSYhIkODGDnUOSZBpzqT1M7BoxUBAAAinr9SSzfaykxBgSenRMPtj1VsaZ06R+Bfuq1D1D0NAQAAAADQ8vI/KNaoTEMDMjrow6vbSRsPKO1PXpWGGnSM1cxHansU1Gl/LOx6Tf8d9UfZn+4Y3gB1+HyBkvvYy5sfT0MAAAAAALQJ+/b6VepyaPAgl2Y/0FFfv9jt+Aw9MOtzqpreOflUuY5BUNBaEBYAAAAAAI5aj4u767s5iXrnN110Sb8EMUV160ZYAAAAAAA4bPHtA13X8/NMQw/qVaXNeYYkqUv7Y3kb2kMxTe0t0CdFx7kfRERhzgIAAAAAwOErKtUtU6u0tmkTAgTExuipp7rrumN225ev3T8frYot9vIw+v9OPT+8TR3t5S2AOQsAAAAAANEpqbP+dL9Ll3SxV4QX3yVWD93f8RgGBZKUok43/USOxroMxCbJddMlxyQoaC3oWQAAAAAAwDFEzwIAAAAAANDqRF3Pgvnz59uL6jVw4ED169dPcXFx9ioAAAAAAFpEa+hZEHVhwZtvzteoizPUuUs3BebarMshQ198/on27tmt/v0H6JxzBis+ngd7AAAAAABaXmsIC6JuGIJhGCpzG9pX6teeA76wS3GZT1VeQ2lpaeratYtWrfpSbrfbvikAAAAAANqkKAwL/KryGjrk8avc7Ve7OIdO7+VUSmKsyt2BskqPX35/oH3//v11xhmn65NPPlFFRYV9cwAAAAAAtDlRFxb4/YYMQzIMqU/3WKUkBp6R0S7OoYEnxSnGYciQ5PV5tWLFCr300kv68MMPlZeXr3feede+OQAAAAAA2pyoCwsMIxAGnJrs1Ald7A/TNOT3G3J7vDrvgkt14y2/1k23/Vq33D5RP7/mFzKM+mY5AAAAAACg7Yi6sMDv90uG9H2BR+u+r7As63dUqtrnl98Ro1K3ob0Hq7W7pFp7DnpVWmkE1gUAAAAAoI2LurDAMAz5DUM+f/1LtdevCo9PpZU+HazwqazSJ3e1Qc8CAAAAAACiMSzw+/2BoQiGZPiNpi2G1D0xURMm3GHfHAAAAAAAbU5UhgUyJL/fvBiq8rlV5N6pEk+Bqn3VlvoOcQ6dnBR1lwIAAAAAgCMSdXfIoQkO/X6/fD6fStz5Wr1nruZsGau3/ztB83Nv1Tu592jbgeWqrC5Vr25O9T8xwb4ZAAAAAADarKgLC/x+v/yGIb8h7ar4WmuK/6p/H3xPMU5HTZsS704t3ztT/k5rdWrvQFBQVFSk2bP/z7QlAAAAAADapqgLC0KTFO51b9bGg+/rv4fWSqo7ceF9Q3+vS0+9RpJU5jb0n70+JjgEAAAAACAawwK/31C5Z782HvhAuyr/HTYo+MOovymt1whJ0he5n+mvObMDPRL8ddsCAAAAANDWRF1YYBh+rdo9T/mHvpbPqLLUtXd11NwrluqkLqdLkuZtmqU///sxfV/6hdYU/l0+eS3tAQAAAABoi6IuLKisrFTsvzrqpH+fr7O+vbxmGVV0m+ZesVTtXR0lSe+9955++KhcZ317uXr/a7Aqv/LIV+2zbw4AAAAAgDbH4fZUGV6vV263W4ndu9nrW5xhGArtv+yQR72Tk+xNAAAAAACIGgWFRerUIV4JCQlyOp1yOGon5D9WiveXNLj/qOtZAAAAAAAAjg5hAQAAAAAAsCAsAAAAAAAAFoQFAAAAAADAgrAAAAAAAABYEBYAAAAAAAALwgIAAAAAAGBBWAAAAAAAACyiLyzYtUB3Xz9La+zlLWa33pl8h55fZy8HAAAAAKB1ir6wAAAAAAAAHBXCAgAAAAAAYNHGwoLAkIErrg8tD+mdXbYm62aZ6muHF+T946Gw5VaB7d/9j932CgAAAAAAWo02FBbs1juTH9WbJ07Q4nf/Glge6KU37zfNb7Bulq54XnokVP/C5UoNrrsm/zzNCZbPuSFJK95ZoDzz5gEAAAAAiBJtJyzYlaUVeWfrkUnn1Zade71uSv1aa9YpECa887VGPjBJw0L1fa7SDedKUi/dMOmqYHAgpQ49T6l5P4QJC3rphpl/1ZxretkrAAAAAABoNdpQWPCD8lJPrLnhD+il1BOlHXm7Jf2gvLwkpfaxNKhlHp5w/z/DBAUAAAAAAESHthMW9Dmxnt4A0qmpvSSdqNTUIuXZ5zBQMCh458SaYQi1wxMAAAAAAIg+bSgsGKqRqV/r6Vlf1Zatm6WnV5+tYcGhBsOGJWnF86Y5DHYt0DvrpLy83dKJvWsCgrysr8KGDkxwCAAAAACIBlEaFnytp01PLrji+llao166YeaTuumHv9SWPy898m7tHAWp1/xBc27YXbvu/V9JfaTUa67SyNW16z2d34ueBQAAAACAqOVwe6oMr9crt9utxO7d7PUtzjAMhfZfdsij3slJ9iYAAAAAAESNgsIideoQr4SEBDmdTjkcDnuTFle8v6TB/UdpzwIAAAAAAHCkCAsAAAAAAIAFYQEAAAAAALAgLAAAAAAAABZRN8Hh/Pnz7UX1GjhwoPr166e4uDh7FQAAAAAALaI1THAYdWHBm2/O16iLM9S5SzcZ9soghwx98fkn2rtnt/r3H6Bzzhms+Ph4ezMAAAAAAJpdawgLom4YgmEYKnMb2lfq154DvrBLcZlPVV5DaWlp6tq1i1at+lJut9u+KQAAAAAA2qQoDAv8qvIaOuTxq9ztV7s4h07v5VRKYqzK3YGySo9ffn+gff/+/XXGGafrk08+UUVFhX1zAAAAAAC0OVEXFvj9hgxDMgypT/dYpSTGSpLaxTk08KQ4xTgMGZK8Pq9WrFihl156SR9++KHy8vL1zjvv2jcHAAAAAECbE3VhgWEEwoBTk506oUsgKDDVyu835PZ4dd4Fl+rGW36tm277tW65faJ+fs0vZBj1zXIAAAAAAEDbEXVhgd/vlwzp+wKP1n1fYVnW76hUtc8vvyNGpW5Dew9Wa3dJtfYc9Kq00gisCwAAAABAGxd1YYFhGPIbhnz++pdqr18VHp9KK306WOFTWaVP7mqDngUAAAAAAERjWOD3+wNDEQzJ8BtNWwype2KiJky4w745AAAAAADanKgMC2RIfr95MVTlc6vIvVMlngJV+6ot9R3iHDo5KeouBQAAAAAARyTq7pBDExz6/X75fD6VuPO1es9czdkyVm//d4Lm596qd3Lv0bYDy1VZXape3Zzqf2KCfTMAAAAAALRZURcW+P1++Q1DfkPaVfG11hT/Vf8++J5inI6aNiXenVq+d6b8ndbq1N6BoKCoqEizZ/+faUsAAAAAALRNURcWhCYp3OverI0H39d/D62VVHfiwvuG/l6XnnqNJKnMbeg/e31McAgAAAAAQDSGBX6/oXLPfm088IF2Vf47bFDwh1F/U1qvEZKkL3I/019zZgd6JPjrtgUAAAAAoK2JurDAMPxatXue8g99LZ9RZalr7+qouVcs1UldTpckzds0S3/+92P6vvQLrSn8u3zyWtoDAAAAANAWRV1YUFlZqdh/ddRJ/z5fZ317ec0yqug2zb1iqdq7OkqS3nvvPf3wUbnO+vZy9f7XYFV+5ZGv2mffHAAAAAAAbY7D7akyvF6v3G63Ert3s9e3OMMwFNp/2SGPeicn2ZsAAAAAABA1CgqL1KlDvBISEuR0OuVw1E7If6wU7y9pcP9R17MAAAAAAAAcHcICAAAAAABgQVgAAAAAAAAsCAsAAAAAAIAFYQEAAAAAALAgLGghqx9LU9r/zFeB+efHVttaRaoCzf+f1nS8AAAAAIDmRFhQr9WalpamNPPCzTMAAAAAoA1wuD1VhtfrldvtVmL3bvb6FmcYhkL7LzvkUe/kJHuTJlu6dKn+9re/2YvDeuutt+xFtfLm65dXvai+/5ujGSNChas17TFpxu+HW9s20erH0jRJs5RzhOsDAAAAAKJDQWGROnWIV0JCgpxOpxwOh71JiyveX9Lg/qOqZ8Ell1yiHj16aNu2bQ0uEyZMsK9qUbD8Y23LmGUKCiRp+BEHBQAAAAAAtCZRFRZI0p133mkvshg1apRGjhxpL64r82M1POjAPkxhmqV9vXMUrJxmWueXmp9nrV79mHXow7SV1nq70H7M6/1yXkHtvAOWMpO8+fql+fhN8yuE1rWsYznues4NAAAAABAVoi4sGDBggG688UZ7cY3GwgRJ6n3zc7rvjCWaFOZmPqRg3sfqtyBHOTmBZVbGEk2y3HCHkTlJaZ9dVrPOR/dKL15l2kfefH182kc19Tn/O0ZLflv/MdTInKSPf1q7zraXfqa0tJ9p66/MZQ9atrP6L1t1T2g/OR/pPr2on9UXAOTN1y9/m6v7as53lsbY2wAAAAAAokbUhQUKBgJdunSxF+uWW27RaaedZi8Oo7fG/T10Mx++B0Dvm2doXGrtz8N/Okb6bqtyzY3szrhPH5mGMgRCiW36eHkwYkgdpxk3965tP+IyjdE2bW1wo5LMQyZG3KP7zghXZtqPpOG/nyHTkWjUmDOl7bnhw47crdqmvupbc74MyQAAAACAaBaVYUGnTp3q9CDo0aNHnbLG9L75LVMPgLpd+Qvm/bK2W/5vl1jqwjqtr0xRgKTe6nuatG27KQ2wDA+YpCZsNawzT+trL6rDPHThZy9ts1fXGnFPsKdF3WsAAAAAAIg+URkWSNINN9ygs846q+bnO++8U/Hx8ZY2TdX75reCXflfDs5LEJiv4GdLLtNHpiEDR2v1Y2lKu+pjXdbS3f2DgcQkzTINiTjT3sok0NMiJ2eW+r70s/BzIAAAAAAAokbUhgWSdNddd0mSBg8erKuuuspefXj69tOZylVunqSVH2uJxmjW38fZegocrtX6OFMa89Phtf//v29Zhje0hILlH2ubbUhE0wzXjGCwsG3J5+GHLAAAAAAAWr2oDguGDRumMWPG1IQGTVUwb1qdOQpW/+VFbTvjMo1KtQUHgVpNa8owhMxJlm/kVz82SUs0RpeNkKS+6neGlPtfe33z631yX+v8Cnnz9WBDwxBWTmv0qQwAAAAAgOgR1WGBJN1xxx1KS0uzFzciNzixYe0ySbOUE+pJkDpOz9VMfpimtLSPdVlThiFkzNI92wPd+NPS0jQpc4xm5YQmGuytcX+8Twp2809LS9PHP22hYQgjZgSe3hA6v99J9zQ4DEFa8lvT/AZLLtNHR92rAgAAAAAQqRxuT5Xh9XrldruV2L2bvb7FGYah0P7LDnnUOznJ3gQAAAAAgKhRUFikTh3ilZCQIKfTKYfDYW/S4or3lzS4/6jvWQAAAAAAAA4PYQEAAAAAALAgLAAAAAAAABaEBQAAAAAAwIKwAAAAAAAAWBAWAAAAAAAAC8ICAAAAAABgQVgAAAAAAAAsCAsAAAAAAIAFYQEAAAAAALAgLAAAAAAAABaEBQAAAAAAwIKwAAAAAAAAWBAWAAAAAAAAC8ICAAAAAABgEVFhQYzDIa/XZy8GAAAAACAqeL0+xTgc9uKIExFhgcPhkMPhkGTI7amyVwMAAAAAEBUC97yG6T44MkVEWCBJMTExio2Ryg9V2KsAAAAAAIgK5YcqFBsTuAeOZBFxdDExMYqNjZXL5ZTh9+nAwTJ7EwAAAAAAWrUDB8tk+H1yuZyKjY2N6MDguB9ZqOtFbGys4uLi5HLGqLLSTWAAAAAAAIgaBw6WqbLSLZczRnFxcYqNjY3ooQjHPSwIiYmJkcvlUkJCgpyxUkVFhQr3Fqv8UCWTHgIAAAAAWh2v16fyQ5Uq3FusiooKOWOlhIQEuVyuiO5VIEkOt6fK8Hq9crvdSuzezV5/zBiGIcMwVF1drerqarndblVVVUuOGDkcsTLsKwAAAAAAEMEckgzDJxl+xcUFvhx3uVxyuVzHvVdB8f6SwJf1TmfY44iYsECmwMDn86m6ulpVVVXyer3y+Xzy+/01bQAAAAAAiFShm+/Q/HxOpzMw7N7lipjhB60qLJApMPD7/fL5fDVBASEBAAAAAKA1cTgcNYFBaELDSAgK1BrDApl6D4RCA3MZAAAAAACtgbmHQej/w92YHw+tMiwIISAAAAAAAESDcDfkx1OrDgsAAAAAAEDzaywsiOxnNQAAAAAAgGOOsAAAAAAAAFgQFgAAAAAAAAvCAgAAAAAAYEFYAAAAAAAALCL6aQg8OhEAAAAAEA3CPXHgeGrsaQgRGRaEQgLDMOT3+y1lAAAAAAC0BqGb8JiYmJr/D3djfjy0urDAMIyakMDjqZLbUyWv1y9fMDQAAAAAAKA1iI2JkdMZo4T4OMXHx9WEBuFuzo+1VhUWhIICn8+n0rJDqvb61bFDOyXEx8npjLU3BwAAAAAgYnm9Prk9VSo/VCmXM0adO3VQbGxsRAQGjYUFETPBYSgoqK6u1oGD5YqNdSr5hO7q2KEdQQEAAAAAoNVxOmPVsUM7JZ/QXbGxTh04WK7q6uqa+99IFhFhgblHQVl5pVwul7p26WhvBgAAAABAq9S1S0e5XC6VlVfK5/NFfGAQEWGBJPn9flW6PfL6fAQFAAAAAICo07VLR3l9PlW6PTWT+Ueq4x4WmHsVeDxV6tihvb0JAAAAAABRoWOH9vJ4qiK+d8FxDwsU7FXg8/nk8xtKiI+zVwMAAAAAEBUS4uPk8we+MI/k3gURERYoGBj4/QaTGQIAAAAAopbTGSu/34jooECREhZEctcLAAAAAACaW6TfB0dEWAAAAAAAACIHYQEAAAAAALAgLAAAAAAAABaEBQAAAAAAwIKwAAAAAAAAWBAWAAAAAAAAC8ICAAAAAABgQVgAAAAAAAAsHG5PleH1euV2u5XYvZu9vsUZhqHQ/ssOedQ7Ocne5LB5vZL7kKHqKskw7LVobRwOyRUnJXRwyOm01+JoVBrV2uMvU7nfI78i65clRg51jIlXz5hOaudw2asBAACAVqugsEidOsQrISFBTqdTDofD3qTFFe8vaXD/UdezwOuVykoMVXkICqKFYUhVnsDr6vXaa3GkKo1q7fAWqdTvjrigQJL8MlTqd2uHt0iVRrW9GgAAAEALirqwwH3IICSIUoYReH3RPPb4yyIyJLDzy9Aef5m9GAAAAEALirqwoLrKXoJowuvbfMr9HntRxGpNxwoAAABEg6gLC+hVEN14fZtPa+hVENKajhUAAACIBlEXFgAAAAAAgKNDWAAAAAAAACyi7tGJ+/fSXTnadT+h7mM9mirntel641tTQVK6pj2coWRTUZMUZurx54o0dubNSrPXtbDCzFmasexA4IcjPX5Jm6oL7EURbaCrt70IAAAAaJV4dGIEq176pe4dukRPz99nr7Kq3K1Vr36j3AYnYy/Vxlc3aONev71C0g7NG7pE8760lzdsz/zluvfmjdpjr2iCpp6bZR9NOM/qLZu1+IN8VdormkP+Rj19BNep6fK16JnpemNPuqbNfFyzg8u0Qd9rxuRZWlRobx+hNszTjGXddGvw+G/tma0Zr2XbWzUvz0rdN2G80p9YpIbjhYNaveADLS+2lwMAAABobdpoWFCqrIXl6juonQqXFlhuyEvXZuvZMdnaGCrIK9Tn8wu0caepkV3lHuXM36NV68vtNcdB/efWoCac5551BVr+xh61lvtqs8LMf+gT1f0WPjljkqaNlj7JbOEb7maSsyFXiaNH1fRmSMtIV+K3W5Rja9ecilev0upTTtPZu7L0ufnFz1uie6Y+pfmhMs92Lfx0iRZuPWhqBAAAAKA1apthQXG+ctZ31NAnkzXgu33K/q62qnJHufIP+GoLzhisx1deop//qLaojnan6/aVYzTxss72mmOvgXNrUBPOM+WWn2rmR0PU114R8fKVvfGAzhoTvrt+8jmnm264szVn8iwtypyniZOna2LNt/bZmjN5eqBs8nTN+ZdlEzU9F0L1tesFhg1MfC1bOa+F6ucpJ1QebP94Zr5lO7U/m2Ur+9uuSjsnpbYoeaDSknKVvcHcrjkd1JfZ2zV8xERd/6MCvbfWlCYV7VT23oran+OH6NmXX9WLw7vUlgEAAABoldpkWFD6xT7ljuyhtBNOVtpor9avCHz/vmf+cj012yPpgOaGusR/maV7hy7X0vwf9N7FSzT91dB39R7lTF2ie6d+r2pLF3q/ildk6+mLlwSGAszar1LTvvPf+0LTg3X3Xrxc760Pduovy9fShz7T5KFLdO/PvtRKy02+dZuTx6/X5gPhhjzUf25SI/uoOc/Aj5XfbNSfb1ga2N+1WcopljZOX2IaGmE9pnsvXq63VwTH0Qe39d78bE0fsUT3Dl+q2QuDQyKK/6u371gaOIahSzT9oc3aY8pmWsZu5Rd1VUove3lQcg8lq0S7a741P6BPCvsHhirclh4MCjKlcaHhC7crZWO2anvb52vRM3OVM+j2mvpL92RqjvkG/ttMZQ8ODh04K1dvTJ6uObom0H5cXxUv+7xFewccsZK1Wrh9oMakddGo8waqYN165UrShleU/nKWpALNenS8rl9cIBUu0vUTxuvRDQe18I/jlT47S1XBzeQumKL0hz9QrqSy7Ys05eE7lT5hvNLvmaIpi7ergdEvAAAAAI6DNhgWHFDOJ5UaMOpkuRSvQaM6q3hpgfIl9Rx3kaZOjJfUVbdnjdHNF5jXO1HnX+esaavKH5SzIkbnX32qXOZm+V/rlYdK1H3iEM1ceZFuP9mjPFN15yFnaOJHl+ilrNH61ahqrZq9Q8XyaOP/btbigm6665+jNfP1E6X/empX2rhezz7n0+XvXaKXVl+gG1OL9efndqjatN2A+s9Nje3DbO9m/fmu3Sod2U+PL79I92dI+20TFVSvXadnHypRykNDNXPlRZo6KV7/fihHi2sCCI9yy3rq/k8u0K+ujNF3z+7QZklq30EXPnKh/pA1Ri8tSFHnFT/ok3WWTUeArro0I732xw1b9G1Suq4aHCpI0djx6UoM/Vi4STlFfTU2I/SNf4rGjumrbzeYhjaclaG7g+unDe4rydR+cH+dVRNWpGjsw49res22jq/inPX6+kdDNCpeiht8vi4qydKSPEmD71L2PUMl9dakJ1/Xu1eYJx/sost+MlD6Zq0+90jSTi1Zt09njxqtvoVLdPfzH6hg6BR9/vKrWjJxiAoWP6Uns+q+mwEAAAAcP20vLMjfqayN0ubHlge+NZ9aKuUXK2eLvWFdKSMTlZh/QJvzJa0v1ub23TTkx9ZLWLxqvwo7ddOoK3vIFRevnlf20lmmeldFsZb+7gtN+9ly/XmhX/L55NVubVzqV99rTtcZiS65Ek/UiEvia9bZnFmsyuIDmjtmqe4d/qXmLfVLeRXab9qu1Ni5NbwPs9K1+5TbPlE/v/tEJbaLV8otp2pQrLXN9ysOqHJIin4+umvgPK/oq/N7ebVpXWhSxXj9eOyJ6tyuowYM6yj5PCoulhTnUvFn6/XCVZ/pdzfkB76lbvGeBb2UknRA+bvt5UGF+1SobuoVboyCpMLdJVLPHmGHMEiSdhepWIHeAjXDEObnSnv2hZ/foVeSEpOS1HxxQAO9Jo5KgT5evV365nUNnzBe6RNf0XLfPi38qoGJLYLiBp+vi7RJqzcHwpTlRafpsrQuKtiYpW3xo/W7K09TJ5dLiQOu1rj+0vKvN9k3AQAAAOA4anNhwZ4V+1U4qJem/HOYZvxzmGb8M13Xne9Vzor67iRNzuirCwd5lLNinzYuO6DE607UGbabaK9PUscYtQ8V+Py1PQCKN2vuXQWquGKIHv/okmAvBgXuln1Su3amm3f7DfSQEzUja4xeCi3zBqmnrUnD59aEfQRVV/it5xDbQz3D3Yx2ilU7W5Eztr63lF+VlVLu7HWa+2UH/c/fR+mPK08/Ro8dTFH6oK7Wb/pNCv/1vYrP6l/vsST36lb3xn93Ue0whF5JSkyyPmVh9szHNfsIH2lYvzChR+Em5RTVH3QclcL1+mjXaZr02Ita8nxgWXhjfxWvy9I2e1u7+KG6blh7LclZr9ycLOUOGq0rQ09mjXcpztZcsZb+OQAAAIhGe8v0+8eLNerxEi3dW8/NSAvyf/OicgecqR1nmpYBGSr4xt4SanthwR5lf+hR8oW9lZLYWZ0TO6tzYqIGjWyn0g/y9Z2k7ie4JHlVGnZOgK5Ku7SdCtdu06ql8To/w367LvX8cWe1212sxYv3qbqyUrnz82ufrFBZrVJfjDr3bCdX5W5lLw0NA+ih08+XNr/9jb4r9qh67/f65N3aIQKnn9tZWp+vD5eVqlp+Ve/cpsWL7Y9FbOzcGt6HWeKQrkrcvU9/n/ODiis9Kl2/TZttWcrpF3ZVuxU79fayA6qu8mjP4lyt3RuvtAtrOueHVXrALyXGq3OcT6VL9+hbe4MWkpxxjS7dk2mZeFDBSQZnLOumW28zDTuw65WkxKJsLaiZgyBfi5bk1tYnD1SasjUn7KSEh6uhCQ6DwxvmByZIlKSczOwGg46jkbt2lXL7DNSo1C5K7BJYeg8ZovSSlVq4VVK3rkrUIRUfCD+EID0tTXHfLNNz/yrQmOFDFSep96Ah6luyRE8u3K6y6moVb/5A87e015VD+ttXBwAAQDTxlOv3T3s0f5eh/F0+TZxRqi9Mc2W3hKqVU/UfUzCQe80c+e0ZhW+HKq8xBwjDlb8y/H1SW9O2woLvCrQ+P0ann93DUtz5x12VXFaijRsl1/m9lHZCud4bs1Tz1lqaBdr+pIf6ri/Xdz/qoaHh+pH/aIB+dVu8vn9mvSZfulqfdO2uQaG6lDN0+dVS1l3LNPmmfMWdG/qWv7POf7iv0sr2afbly/XQ70qVclltDwDX6MG6f2J75U5fo8lDl+qhKYVSqu3JC42eW8P7sDhjkO5/oYe0cLOmX7Rc058pUYXtq2DXBUP0myntlfuHLE0esVzPvlGtC18aqlHhronJoFtT1PebHzRtxHLNLe6gM+wNWkxgLoBblVk7VGDydM3YeLqmzby54Zvt5AxNfzBdhfND6/1DGmOas0ApGvtwhpKXzbVs2zLBYXMZfLOmjS6pGfLwhjKCkzA2t8A8A3GnnybzbATq0l9pyRVauH6LdOKFGndyhebPvFPjPrGHV5IGDNWV2qLs4hH6WeiXIHms5k4cLa14VqPuuVNjXt6kvjdN1bRB9CwAAABojUq3HtTEyUU64w7zUqypOaYvlPaW6b2tcbrvf2LVI9Qzu8Knj/hGP6I53J4qw+v1yu12K7F7qJ/wsWMYhkL7LzvkUe/kJHuTw7J/r2EvQpTpfoLDXoQjsKm6wF4U0Qa6LLEFAAAAjreiUt0ytUpr7d/Wxzo0bkJnPZbmkvaWauKMKi31OHTd7Z30Ox3SZXN92hcfq7/8oZt+UjP2uW0pKCxSpw7xSkhIkNPplMNx7O9xiveXNLh/wgK0OoQFzYOwAAAAAEcj/8NijVpsqPPZ8fp8UifZ+j7XBgWh4QaxwcAg3q2sXh10yQm2CeBaQPlfr9Ke5zbbi+sV8+Ay9b2jke7SzaA1hAVtaxgCAAAAAKB5BKd5S0l1Nh4USJLP0Ht/r9Dmfp2PSVAgSQ6nvaRhscnWYd1tWdSFBWECEUQRXt/mE6PWczFb07ECAAC0eeGCAklqH6uZj3TS0HqmTmsJHU461V7UoJgOx/DgIlzUhQWuOs9kQzTh9W0+HWNazwdhazpWAACANq28XJPrCwqmddbYY9SjAEcv6sKChA4Ovn2OUg5H4PVF8+gZ8//bu/f4KMq7///vzRk5CQQkkKDcKIJW8MAhhmopFrQCd6Ugab+VesQWT9SCShXrz3qoB7gllt70tmhboa1BEC1oBVsFlBACHpCKVqUoGwiEhEOAZJPs7vz+mN3szOwh4ZCw2byej8c+Hsk1185cM3PNzM5nruuajq3iiX2SXDojqaMzGQAAAHHHp+K/eLQingIF3bOP4RfveUr+L2da25VwwYKUFKljF5fS0mmynihcLikt3dyvKcfY5wjRtXOlql9KpjolZcRl0CBJLnVKylC/lEy1c/FqRQAAgLjnr9HqLY40S6CgdvMBjXC+VrG5dewUh790W4eEexsCAAAAAKD5lb5SqVFvGDrv6vZ69fvtpC0HNeQ3XlUFM3RI1tz7Qy0KwvK3hF0v6KtRT8r5dsfIzlP7t5erZ29n+snH2xAAAAAAAG3CvnK/qlJdumhwqubP7KCt87qcmq4HVr37qemNk/sptQUCBa0FwQIAAAAAwAnrPrqrPl/QTYV3dtaYARliiOrWjWABAAAAAOCYpZ9mNl0vdVu6HkRVp21uQ5LU+bSWvA3trqSmthbona1T3A4irjBmAQAAAADg2FVU6foH6rShaQMCmJKT9NhjXXVti932larsmitU/akzPYKB9+mMV29SB2d6M2DMAgAAAABAYsrspN/cnaoxnZ0TIkvvnKxZd3dowUCBJGWr45RvydVYk4HkTKVOGdMigYLWgpYFAAAAAAC0IFoWAAAAAACAVodgAQAAAAAAsCFYAAAAAAAAbAgWAAAAAAAAG4IFAAAAAADAhmABAAAAAACwIVgAAAAAAABsCBYAAAAAAACbthcsWD1TXbMGqOuda51TWl5tqdatL1WtMx0AAAAAgFOo7QUL4kaFFv/oO7pm0nd05XOlzonNa8s8XZQ1QF2zhunW1c5QRa2W3jRAXbMGqO/da0OBjNpSrXjoBuUOHmYGW7IGqOtZ39TIWWtVbv32jrf04KSxGnBWIE/WAPUa/APd+3aFJRcAAAAAIJ4RLDhlOuqMvpmSMjX47O7Oic1r8M/03M2Zkqq09Nd/0dfWaVsW6LG/S0ofp2cf/pbSJalqraYP+46uf65Yn5dLPbKy1SMrUxm1Ffp4439UE/jqodWzNTjvTv12/XaVK9PM16OTPOUfad1nHutSAAAAAABxjGDBKZOu0U+/p/1l76lgVLpzYrMbeu9DmpQu6bMn9cvlwfYDFVr8yO/0taTLH5ul8Z3M1M9/94gWlUsa8DMVf1Wizz74hz774D3t/uofeva7HQPf3ab5s5eqXFL/e19X2Vfvmfm2lKis6FGN7xpcMgAAAAAg3hEsaKs6jdajj+VKklb8eoE+9kq1q5/QveslDbhPBT/KbMj6tdvsJtF/wmj1t8Y10rN13b2TdKYkaZ++dktSP107vp/ZIiGYre8kPfCDbEsKAAAAACCeJWCwoFZfr3hS1+SF+tb3yputFdaO9cGcn/1Z1wfz5XxH1//vRzrkyHPos6WaftU31cvaT/+et/R18GH8jj8oN2uAup71iDZZvvfxr79jLnv2R6HE8qW6JmuAuk4yn8C/dac5z1tXBzOU6rffHqCuWd/Xb7+s0lsP/UB9cwaoa9Zg9b3qSa2rCs1KkrT/I/32prGBsg3WgEnztO79QHm+/Qd794IIeuQ/qAcGSHL/TnNXfKQ5s1fKo2zNmHdjIABg6j/wPEnS5/+7QCv2WybY9NPgAZK0XfML3tIhr3N644LjHZjrPEBdc4Yp96nA9vNWadPzs3XNZZYxEwb8QNP/bh8LITiP0P4aq+krrHmqtOn5mRo5YHBoGTf9QZuirhcAAAAAtD0JFywo//NPdNGtf9A6d3eNvm6Splw3Rv13b9POo46M/yrQlaML9PU5YzRpWKbkLdWKR27VPZYB/w6tnqkLvz1bi7YcVqcR4zTlujEapAp9vPhOXTTsSW3ySuo7XON7SKr9UCU7gt/cphXLzafxnvUfNty0165fp3WS+o/KVY9g1oiq9PIdVyv/7R767x+MUf+UWh3a8gddc5MZZDCzrNWteT/Qg3/fLk/6eRp93XgNPvQXXfOj57XTPrPoUvppxpM/UmdJK277gea6pc43z9EDg+3Zzrx+uqb0kHRopa4/f5hG3rNUH4fdXGfrlgd/pB6SDi29U33P/r6mv7StyUED63gHh7rnatJ1kzRpeHft3RcI37iX6c7ZK/TZGZdrynWTNGVCrnoc+kiLbrpG95YEZlK2VPl5d+q360vVZ8wkTblukkafs09b3MHxEqr01p1X68rZK7Xn3NHmfEZ11+d/f1JX5j1i7k8AAAAAgOSprTOOHK02Kir3G6eC3+836urqjKqqKmNX2T7n5GO2+o5zjS49zzWmvmFJ9BwyDh4J/L1qhtGl57lGl55XGI9+FMxwyPjbtKFm+s/WmElHVhs/7nmu0aXnCGPqqkPBjIZR/6Ux/0pzGWMWmuXd8vgVRpee5xrfWxwo/39eMIb3PNe4cOgVRpee1xuL9prJJQ8MNZf7qfl/Q1lXBWfuNuaPNNOypq02DgaTdy82xvQ81zavfz9pLrPLj182DtYHM3qMkl8F0ke+YHwVTI5pn/H7wPp06TnBmP8f5/QAj9v428yrA/nM7TL5tx+GyhjM9p/Vxl3fHBTKN+hWY/5my/aLpP5D455zzzW69BxqfG/hl86ppr2fGCX/8diS/l1glifrgQ/NhOC+nbbakstjHKw0v+dZNcPI6nmuMbzAvoy195n7fvIr9vkDAAAAQHPYVbbPqKqqMurq6gy/3++c3CIqKvcbR45WG57aOqO2rj7sk3AtC87MMfvGL511gx58aZvKayWld1Ln9o6Mg3+k6xqeoHfSmNFm/30Fny5vXKsVkjTiZ3p0TGCkP5lP42+fPk6StOnva1QuadAV31KGpHXFn0iSyovW6nON068evlBSsdZ9JEnbtW5tldRjnMYPCM0usmzd/pPR6hz8NytXY86WpCodOipJpXrr7VJJnXTL7ZPUOSWYMV1DfzhJ/YP/NsGhvz+hX26RlJIuaZsee/qtsK4Ykjk+wfinX1dZ0f9pxnezJVXorUd+oAvvXGvLn953tAreLdGHf/6pxmelS+Vr9eC4q3XramcfCosPVmjxIUmXTNdzN/dzTjX1OE+D9KEWPjVbt04aqwGDhyn319slSZ5DgRL0yTa7Tyx/WFc+tFQfmztfnbuaIyis+/tKeSR9/uuxoa4MWQN0zZ/Msn1dtq9hcQAAAADQliVcsKD/z1/Sn647Txnlxfrt3d/XgLOGaeRDa8Obw5/zX7Z++ent0yz/SfIGmq5ndQ/vMjDgfPOGvPKw+drAiy/XOElasU6bVKt1q4ulMSM15vKRGi1p5bqPpPIP9e6XUsb4kRrknF+YTjrdEp+Q0pXREBAIqJWkbJ3pfOti8jG8WeHoWv3y7sA4BSv/pFs6S57lD+uxYLP+CNL7fksPvPAP7Vh5o/pLOrT0Ec3/LCyXzhz1M/3pg3e16rbzJFVo6ewX9LkzW9DBQ/JIUt/s8G0dcGj1TA3Iu0H3/ma1Pm9/ka79yS/11ATHoIkDfqZVL/xIg9IrtOm52Ro5eLB6jX5SbwW7TATqwNDbfqM/PRf+eWqMc2MCAAAAQNuUcMECpWRq/NOvaPdX72nNcz/V5Z2r9PFzP9GVz5ljCByzsn2hcQKCPvvEvPHt0109JSklV2O+K6m2WOs+K9bq1dLlY3KV3j5X40eY4xZ8/n6x1kkad/mFzrmdgCoddD6wrzqkg46kaDb9+gEtOiRlTHpQMwdfqAd+PUZShRbeMU8fO4MrDp0v+ZGmDJCkUn0ddZCEThp63XgzsOIubXTAxYjbWjJfy3jPSh1Stm5/tURr/vSoHrltnEZ/wxZRkST1+O6DWvPVFn325m8041uZ8vzrD8qf6BjssddFGj9+dNjn8rOPIdACAAAAAAkswYIFFfr8s8Ddc3qmBo3/mQqfHiNJ+vxTs8l6k424UuMlaf08zbY2ofdu128LVkoKBAQkSekaP36MpO1696llWqnzNDovU1KmLht1nvTZWj328jpJ43TtqNCsjl+2+n9D5tsT/s/abaBKK/7vL1FuuB22zNOtz1dIytVT939L6ZI6T7hXjwTejnDXC6HgylvPzNaKL0MDP0qSvnxLL38msxXE6ZK0VnPvfkufOwaS/PzvK8zASnpnnW6fFGLd1n93Rj9kvpaxXJLSdXqwb4Z3u1b+bZstV/mX2wMtSNLVY/BoPfCnh8z5BoI7g3PNriabnn5Cb1kX463SW39+q/FgBgAAAAC0EQkWLPDorWnD1Gv0XZp+z2xNv+cufes2872Eo0dd5MwcW/vR+tWjF5pN6K+/TAMmzdT0e+7SyLPH6sEtki65T0/lZzZkTx9xuS6XtO7vq+UZMF7j+prpZ464XD1UrBV/r5LGjNTlzu4Ex2n09Ps0SJJn+Z3qe/ENuvWembrm4st013+iN+Vv4N2uuT/7nb6WdOZd9+q6rOCEbN3yi3HKkPTxQ7O1uCyQ/J+luv6ywep61jc14OLvaMDFw9T1sif1scxxBm4fZmb790t3KvfsAeo1+DtmvgGDlfvINnMshQdv1NDgYpzaj9YDDwe29U3D1CvvBt16jzk2Qd971ko6X5d/S5K267GJ5rT8b/9Qc76ytyyoWX2P+p79feXfM1vT75mt/O/MNMedGDNSwwKvinxksPlWh/zzv6NrbjPryMizhyl/4XG2PAEAAACABJRgwYLuGvbfuerjXqtFi5dq0eK12ntWrm5/4T0VTghvst6YM29+STtee1CTBqerfP1KLVq8Wh9nXKhJj76kHa/eqP7WG/8euRodGLiwx5jhofEQzr9Ilwf+DLVEOAnOvlGvrbxP4/t2ksqKtfSldTp4xRxtnD8++hP8gK9fuEePfSYpfZyeuus827T0MbP01AhJKta9j5itFgb/4D5NGdFPPVSh8rJSlZfVqvPZuZry6Eva8eqPAut6vq57cJIuPztTKi818x1NV/8Rk/TUa+9q1c2O8QUc+t/6kna8dp/Gn91Jnh3FWrp4qZb+Sxo8oLukTF333B91++BOUnmxlr5UrIwfPqcld9nn2XPIGF2eU6q3Fi/VosVL9da+bF1+62/02fPjzMEiU/rp9tf+oT9dd6F6JJdq3fKlWrS4WHsGjNNTT060jWEBAAAAAG2Zy1NbZ3i9Xnk8HnXr2sU5vdkZhqHg8g8frVWvnqGn9TgOq2eq6/UrpRGP6rOlkxpvZQAAAAAAaFG791SoY/t0ZWRkKCUlRS6Xy5ml2VXuPxBz+QnWsqCNq92uuf9jjqcw9LsjCRQAAAAAAI4LLQtaqx1/0JXX/Fm1F+ZqcA9J5V/qb29/ZA7wN/g+Fa90dJMAAAAAAMQFWhag+bT/Lw3Okr5+2+yfv2j1R6rteqFG3/0bffgagQIAAAAAwPGjZQEAAAAAAC2IlgUAAAAAAKDVIVgAAAAAAABsCBYAAAAAAAAbggUAAAAAAMCGYAEAAAAAALAhWAAAAAAAAGwIFgAAAAAAABuCBQAAAAAAwIZgAQAAAAAAsCFYAAAAAAAAbAgWAAAAAAAAm8QMFuxarmmTb9G4ybNUuMs58QSUFGjcjOVyO9NtNmrO5Fs0pySQv2CjM4OkMhXOOPGyuZfNilqeooJAGU4y97JZUdYpgqjrH1SmwhnNUc6NmnOy9/3JsGu5pp2qcjWp7sayUXMmF6gosM+mLStzZjgGzb9/Yh0bcaVF60Tg3PTnAo2bXKCiYPLJKMMJ16/GNFLvdi3XNOs6tWXHuS+O6dzeZNGuh+b+HDfZ8jmOMqukwD6PKHXAvWxWhGmBMkQtk/2YMOcRmh61LuIkOsnXipNxrotLjZwfG3WSt/MpZ553gueUogLnsR+fop6DG/0tDTSvBAwWlKnwf15Xv5kLtXLJE8rv7ZzucJJ/ZBYV/F7b8x/RzGHOKRYlS7RIw5XXWNkakTPxCa2cO0E5zgm7lmvR+guUF6sMTXIiF5AyFRZu1chLhzsntF29J2hBU+pkXMtS/typ6ldY0OR6EfUC2Fx2LdfjhVm6P9KxEW9asE40nJt+NF0L8sv0eHCf9J6gBTOztOh/mn6zVlRwIj9Mj517WYEW9ZmqBROznJMQxxq7Ho6cuVArl5if+/u8rmnHEDAoKrhF4+ZI9we+v3LJQq2cKRVFCD7nTJyuKTlbtchaZ0uWaJHGasH04YFr3YNy51vm9cxwKXCOKyq4RdNKJ4SmLXlEI7UzNK841uLn33h2jOfb1rLtigrMusv5MaCkWJq5UCvzd2ra5Fv0uHKV58xzUpzIb2Sg9UjAYMFOud2ZymnixeCkCtykT2nkhF20YatG5jffjYy7eKOUP7mZTo5NtKtYazRW+VF+JKI1G668ERVaU9xyN4vHomjp681U/8tUOOPkBRZblOPclJM7XDnri0PrMixXI90bVRSXP3o2qrBQmjKp+QOPRQX88Dtpmng9DMqbPlUj3TubFCxwL5ulx3eO1YIl0+3H+bDpUQITWcr/+VipIci5UXPmWK7Du3ZruxwB9t4TAtevMrl3yhH4zlL+xOavj0DjypQzaWGUet9GBc8Dw6abwb3pHKvACfHU1hlHjlYbFZX7jVPB7/cbdXV1RlVVlbGrbJ9z8rEpfcX46bU3G2ODn5+/Yuw0DMMwdhsv/dySPq/YzL9xXijNmm4Yxvp5lvRr5xnrg/l//oqxful9Eb+zc+l9tv8jKzaeDs6v4f9IZQ7Nb2eU5QXLE8xv2m289PP7jJdKrf9HWJeI5TXzPr0x+rYMfse6fX66dLdlHqadS++zpzvmZ04LLs+6DaxlN8LL79y+jn349EYjsE0t8wnkMadFY98PtrLblmEvn62eWPZF5HRHuZzr5ph3U7e1cQx1JVrdbahL1nUNq1sWEeteOPtx5Ng/G611wnpMxNrmjdWZyNv46aWBZTWhzLEFluush1EFyrM0sD5h37OX17b/bNvkxOpKzGM9YP286PUrJEo5GqtfMdetkfoQsa7Zj1dz/zrq0HEJrF/Y8mKLeL0IW+cI55WY26yp56Qox3JDQiPn0IDwOuK4NoVtX/t8zWPSUZejLCtS/TOvEcFlRKln0b7bROvnmesfXjZzXaPNM/i9pou873Yuvc++bzbOs69b1POeEb5NAvMJP25D+yHy+TeYxzotwvFoXba1TpW+YvzUOd0m8robTThPOdfxp0tfiVinol7nDOc2dE6PXEcjlSf6trNzHuP2fJH3Wfj3nNs/vDxR0xv2TaTjwpEWtX5F2OcNGrvmOufr3Kd20dc7xnnK8fuxYX2ipTdSHuc+c063cxwrtuMgPD3W8WgYsctmPS8d+zkHrdWusn1GVVWVUVdXZ/j9fufkFlFRud84crTa8NTWGbV19WGfxAoWGEb4gRk4AYUOSMfJ0/YDxeQ8SHcufSUULLAe3IGTRXBe4SeJcGE/UjbOC7uAB/8PntCcZQ+/SFg400pfMZ6O8v2wsji3Tdi2DJXJflJ2XmQc3wv7cVFsvLR0t+XiENr+6+eFB3mc629ftmXflb5ivLTRsC8/YvnC2ffdbmP9Rss2jnbj4tjWOzcWx063bZfAujt/5Ee40Yi9rU1Nqisx6m7DBcxSHudxYBPhuIkmvJ4FLr6O/dyQJ9Y2b6zOhJUrkN95nDg4fzw4fwCEcW7PqALrGm07WuuEs+wbi+03TidQVyKdm5xp4fspOud3w7aHo37tXGq/SbIvK3Z9CC+X/TwZqU6ECdbvsE+U7wR/CDZheziPk+D1wtwn4TcBzmMu2jaLfU6KcY2LcLw4zwuhbRcSaZ+E1Y+o8w3eXMWucyHh5Qhtx8bqe/h1qemCP/wj7PeGH/8RpjXUscjbzs5ZP+3lDW2XRq5nMfejYaxfak4L38725UU7fqLv2wjb11qWsOu5Vex1j32eirCOjjrVtOtcjGPjmMoTads57TZemuc4rzVhn8U6H0Y77qOlW/dNWHmt+y1m/YqwzxuEn19t11zDMNbPc8w34jHU+DXOuV/N/eI8VxQb62Omxy5Po+dlpxi/0SNtt8aOx0bLZqkHseseEkVrCBYkYDcEh13FWuO2NoXMUn7+BVqzIUo/tEDTyfstzZZyJk4INXXMGav7g/PqPUFTRkjb3aHm2P1yYjW5LFNRkaM5ra3Z5HDlOeanEdZ+umbZ3UXFUZtqhnVx6D1BMy3fz8vLlLv0BPtajpgaKvOwyZqSUyG3teluSbHWjJjQ0C/QbBY+3dJPcLjyLU1TR84MNSXNmzRWOcGmqDH3XWBMBMt3Q81GA3Yt17Q5ZZryTNP6KIa2S5byhpnLLNqwVTnWJu3DJmuKLM21Lc1mc4YND233aOlBgXWz1jNzW26197ltbFtbNVZXGqm7ygn23zXlTRprb6pu1buX+qkselkalakpPw/WU7Os2rnbHIyosW0eq85IUk6fsO3dWLefnIlPWPojWz7Rxj0ING+cUvpg2EBo4TKPoQm9ZZsOG26u40mqK85zU062/VyQk5PVsA+OS9T6VaaiogrbPsiZOEEjbXUren2QpJzsPg05VVKsNTnWLk5mE/OI+yko2Bw17ONoxh7Ue4IWLFmoBdnLNS44QF8kUa8XgXW2np80XPn5mfZrT9RtZop+TrKeTyMc60Exz6ExBLZxQ9mC+yzYVSVsvoFuBA3/mZx1zmnNnNCAgY9rqtlcuKn1/YREOHcF9vnKmdLjk60DHyowVstCrVwyVZoTfSBFKVL9HK78fDV028qbNFYqXKLCwDgcwWM25nkvML6CdX/kTYxybmpMY/u2MbH6/Tey7lKM81QT61Ss69wxHRtB0crTJFnKn245r+UOD12Lou6zxs+HkY77WOlBzu5lRRu2KicvVzmN1a8miHXNzZtuOc8Ny9XISMdXg+jXuFjnqdB5cbitu1Ck9OjlaeJ52aqx3+jHKHrZ7PKm030C8aMNBAt2yq2t5sU/+JmzNfqP4l075Y5ws3FS7CrWmrCBDe0jMD++3jotgt6xyrZRRREGNiwqsIzgXFhhn9gMijZYBzY0+3s29qMxopj7rrGxKSq0aM7r6jczyo8ah7zpC3W/fm8uo2GQLbPs7sIHLaNgP6hF7sCPiWHTQz8srTeM0dKtItazLOX0ObELkU3MutIEvXupnzOt2TWyzeOGOdry4+sv0P3Rfjgfq94TtOCZ4Vpzt7neDTeoLVFXmtVOud32G8Nxk3+vNVF+JDXG7S6T+vQ6sbrdqMDo4oXSlGdi9AeOuG8UdeycYwnIxDonhZ1Pe/exB8yCYp5Do4u8jfsop+HGLtp6HxvrAIcNP4wjztta3y3lOEbBARcX5EuLlka/OVi55BFN2fn7CIN4DtfMJQvNAUKjDMbodpdJ7tcDb2QKXXcbbvR6T9D9+WVaVJhlCYjEPu9F3h/HJ/K8jn+bWjW67rFE3O9N0HCdO8Zj42SxvpHj7tcblhN5O6vR82Hk4z56uk3vCZoyIhhUM38PmjfgsevXCWt4A1lwXaKIdY2Lep7KUv7cRzSyKFD2hiBetPRY5Tme8/Ix/kZvTNSyAfEr8YMFvfsoJ2es+cSgKU8MT/DCEuvHe9HS16VAlNdUpsIZ9hGY7x9h+0q4XdHL5l62XGtG2Ed9LSq4RYuyH2mY/4L8TMvUZhD2JoYTuKmJue8a+3GTqSkzx2r7nBhPBR3ypge2Ud7GwKjcZtltP2gDn9CTiMATy2eGa83djoBBpPSgGPUs7MfO8YpRV5pk125td6bZZIVddE9cE7Z5Y6Js11icr0Vr+IT9KAu8kmlysfKWLIz+ZPp4BZ9uBp5gzik5eXUl0jFoe2IvRflxe6L6KCcnU1Oece7TpgdZGm0B0VhdD3vFXvDjfEIc/GFYIP28CWWMum9inJ+OYRtHOydF2peRWtTEPodGF3EbS5IsP7Sd6x3hfBGxnI2Juk2D9d1sIRf1SWA0JQV6PHDzZD7J/X2Ma0PsVni2J8jOaTlZ0oipYeev0FPCjSoszNLIEda3M8Q+70XfH8cu+rzCb6KOVePrHkOk/R6hToVpOPaP8dg4GUoKNK6wT+j4eibUwin6dm78fBh+3MdOt8q7NPBEvqTY8nswdv06IbuWa9rdOzWlYZ4RWoNYRbvGxTxPBVv2BAImtoCBIz1meY71vHwcv9FjiVk2IH61gWBBrkbqdT0e9oQgit65GpmzNfRascBNeNQmhxbOZr121ihvkDPKuVFFzqjl+uWWG03HCM42Ebo4hEXazSZYQTk5WZK16duyAi2KdPU5BpHexJB36QVy2161t1GFTdkfMfdd4AfjHPv74gutP/56T9CCZ5oSMChTYUHowptjuQHLu/QC+zIs3Mss62R5Ch8t3SZCPQv+mHW2DIkswnuVm1xXonC/btl+5itInfuyQUmx1kT7AXaC77KOtc0bdZzdI5rWDaFMhTOWK+eZhScWJCgpiHCTaqaH6mkf5QQXfMJ1JdK5yTwXWIMNRRu2hgcPgqKVuUmylJenY3o1o1XYj+7efZTjrKuFWxvyR9TEbgjBV5A1GiQIirBvzOtFhPNT8Jhs0utkY5+T7OfTwLFqC0QHxDyHRjiHBA3L1Ui3/XvuZQWhV/4Oy9VI2V9FWLQ09FRVEetcE0XYps76HrzZDwvm2Y4hq8C2b2h+PFwzZ1rOM7uWa45tO5jHh3k82PeFAte5qE/Bh+XGCESUqXDG76WZ0zVzuv0VtDHPexH2R9Eys0w52Zm2ZvZFBY08rYwwL9u+DdxQhboOmNuuQazXTcdc90b07qV+jdQpKfZ17piOjZPA2XrAXbwxVN4I29ncZ7HOh9GO+2jpEQzL1cj1xZpja+HZSP06Ec4WISXF0etfrGtc1PPURs2xnAtysoMPvKKkxyzPsZ6Xm/Ab3SHm8RizbHZFBc6uUAElBeHnPaC5Jf4Ah8E0+8BWYQMr2QazCg1mNNY68JZtQJjQdxsGM3EO3mK1cV7EwUqCA+wEB9t62jI/c7CTV2xlsQ2c4hx0yFG2hjwN87/PeHqefQCchnW/9mbjp0uLHQPGWMoXbQCdsIFonNs+wFaOaAPXRNqGsfedffsFl+2oA8FlR9j+Qdbt4Bycx74MR32IVK5o6c5yOetZpOXG3NbHWVcCbHU3MP0l63aIsb12Ot92YRU2AFZoH5pld26H8PJF3eZNqDPOgaDC8reoKOsaabC2hgHWIuy/E6or4dvIXK71/xjHruEss7Wsge80Vr/CjjFr/YqyjWINvmXbVsE3KUQ59za7KNeLCPXYVg8b2WaxzknOc0zsYz3aOTTSOcRahxzfc15fHPXV+TaE8Dpn1dhxGbu+B4XVKWcZDSM0r7DzmTU9fBvFrLsRl2Ph2DbB48Q5MJy5H0PbzFlfYu7HKL9XwvZD2Pk3wryc62Mr/zxjvbVObYz8W6ZBlHU3ItYxZz2wl8u5Lo1e54xGjg3HueRYyhO5rtrL+9N58yKcZy3bIspvL+u0aMd9tPTw4z1CPQuIXr+cdcbKuU2cx7bjWJ03L/q8Yl7jwo9B63kqvMxNTI9QHud2iLxvTfa89t/otulRlm+vw7HLZq2P66MMcBjztxdapdYwwGECBgtOLecPZFOEk20ThF/Ioou83BYW4aKFlnEsdSWiY9p3sX5YxIGYNylxpgXLaj1HhNWXY9r/LS+svIg/EepyXFyXcFKtn3fqzv2cB9C27TZe+nnL/F5Ay2kNwYLE74bQwvKmT1W/wgftzfB2FWuNrCMEn2yRuji0vLA3McQb28Aylk+kpl6IwmxGu9024nScCQwgFm0AsnjiLt4ot2OckebScG76c4GmWQdXC741pOFtBPEnZ+L0KAPOIT6Yzb2ddTni9RCtWt70JnbRAXCSZSl/7gl0gQSOk8tTW2d4vV55PB5169rFOb3ZGYah4PIPH61Vr57NPABfK+JeNkvTSic0bXAgtGknXFeCAzU1MvAZTg73slmBN5NcoPtPZPwD4JQwB/6yjXEzIvDqQ6CZnPB1DgDizO49FerYPl0ZGRlKSUmRy+VyZml2lfsPxFw+wQIAAAAAAFpQawgW0A0BAAAAAADYECwAAAAAAAA2BAsAAAAAAIANwQIAAAAAAGBDsAAAAAAAANgQLAAAAAAAADZtIljgXjZL4wo2OpMlbdScybNUuMuZHj+KCm7RtGVlzmSbooJboqyfw67lmmZb3zIVzmh8/gAAAACAtqVNBAsSXd70hVo5fbgzOVzvCVowM0uL/me53JKkLOXPnap+hQVxHTABAAAAALQsggVtzbBcjXRvVFFDcGC48kZUaE0xrQsAAAAAAKbEDBaUFGjc5FsCnwIVOafH4F42y/Ld8Cb6tukFG8O7CViXPWO5isK6QGzUnKbOf0awBUBs9m4Wga4VJcs1LeI2CA8O5F16gdxFxeaywroqAAAAAADamsQLFpQUaNwc6f4lC7VyyUKtfKaP1hRWOHNF5F42S9MKs0LfXTJV/Qof1JwSy/Si4VoQnH5psR5fb5mBc9k/lxbZlr1Rcyb/XpppnX+oC0DY/PN3apF1/k1WoUWFwXI8oik5W/W4JWCRk50pd+nOUPbefZTj3tmkwAQAAAAAIPElXLCgaMNW5eRPVl4wofcE3Z+fac8UUZmKiio0cub00Hc1XPn5mVqzYWNoev4E5QQnD5uu+0c0ZG582SXFWpMzVvnDggnDlZ+vwFP+xuffdJma8vPgfLKUn3+BtHN3QzAgJyfL9r9691I/lcm9KzCuwZInlN87OBEAAAAA0NYkWLCgTO6dUr+cLOeEJtgptztTOY6b5NCNdeTpIY0v2+0uk9yvW7oH3KJphRWBp/yNzR8AAAAAgJaRYMGCLOX0kba7HeMAlDalG0If5eRUmE/Xnfr0Cjyld043AwRWsZadk5MljZga6IJg+UwfHmX54fM/aRrWKSiLQAUAAAAAQEq8YEGgP37hktCAfruW2/v9lxREGfQwS3l5mVozxzpto+bM2aqRlw4PDAworSm0DDpYskSLGv4xvx9z2cNyNXL97xvGQLAzAx3R53/yFG3YqpzsPqGEkmKtyeljBg92Lde0iNsHAAAAANBWJF6wYOITWpBfpseDTf3/R5rSpDELInw3MBjhzMAYA3nTH9EUWboRbMi1jSmQM/EJ3T9ia4xlD9fMZ8Zq+5xQN4RxljcP5E1fqPv7RJ//yVEm985MjcwNdZdwu8uUk5cbCBbslHtErmXcBgAAAABAW+Py1NYZXq9XHo9H3bp2cU5vdoZhKLj8w0dr1atn027s40OZCmc8KHd+KKDgVFRwixZlP6IFE6OPZdCiSgo0rrCPFswNDoC4UXMmL1fOM+aghkUFs+SexACHAAAAANBcdu+pUMf26crIyFBKSopcLpczS7Or3H8g5vITrmVBS3IvK9Ai9wXKixIoUEmBHl9vf4p/vNzLZllaI4Q+kbs0RLFruabNKbO8KaFMhTN+r+350xuCA3nTCRQAAAAAQFtHy4Jj4F42S9MKrYMlXqD7l1hetVhSoHFztlqmZ2pK4Ik9AAAAAABqJS0LCBYAAAAAANCCWkOwgG4IAAAAAADAhmABAAAAAACwIVgAAAAAAABsCBYAAAAAAAAbggUAAAAAAMCGYAEAAAAAALAhWAAAAAAAAGwIFgAAAAAAABuCBQAAAAAAwIZgAQAAAAAAsCFYAAAAAAAAbOIqWJDkcsnr9TmTAQAAAABICF6vT0kulzM57sRFsMDlcsnlckky5Kmtc04GAAAAACAhmPe8huU+OD7FRbBAkpKSkpScJB05Wu2cBAAAAABAQjhytFrJSeY9cDyLi9IlJSUpOTlZqakpMvw+HTx02JkFAAAAAIBW7eChwzL8PqWmpig5OTmuAwanvGTBphfJyclKS0tTakqSamo8BAwAAAAAAAnj4KHDqqnxKDUlSWlpaUpOTo7rrginPFgQlJSUpNTUVGVkZCglWaqurtae8kodOVrDoIcAAAAAgFbH6/XpyNEa7SmvVHV1tVKSpYyMDKWmpsZ1qwJJcnlq6wyv1yuPx6NuXbs4p7cYwzBkGIbq6+tVX18vj8ejurp6yZUklytZhvMLAAAAAADEMZckw/BJhl9paebD8dTUVKWmpp7yVgWV+w+YD+tTUiKWI26CBbIEDHw+n+rr61VXVyev1yufzye/39+QBwAAAACAeBW8+Q6Oz5eSkmJ2u09NjZvuB60qWCBLwMDv98vn8zUECggSAAAAAABaE5fL1RAwCA5oGA+BArXGYIEsrQeCQQNrGgAAAAAArYG1hUHw70g35qdCqwwWBBEgAAAAAAAkgkg35KdSqw4WAAAAAACAk6+xYEF8v6sBAAAAAAC0OIIFAAAAAADAhmABAAAAAACwIVgAAAAAAABsCBYAAAAAAACbuH4bAq9OBAAAAAAkgkhvHDiVGnsbQlwGC4JBAsMw5Pf7bWkAAAAAALQGwZvwpKSkhr8j3ZifCq0uWGAYRkOQoLa2Tp7aOnm9fvkCQQMAAAAAAFqD5KQkpaQkKSM9TenpaQ1Bg0g35y2tVQULgoECn8+nqsNHVe/1q0P7dspIT1NKSrIzOwAAAAAAccvr9clTW6cjR2uUmpKkTh3bKzk5OS4CBo0FC+JmgMNgoKC+vl4HDx1RcnKKevboqg7t2xEoAAAAAAC0OikpyerQvp169uiq5OQUHTx0RPX19Q33v/EsLoIF1hYFh4/UKDU1Vad37uDMBgAAAABAq3R65w5KTU3V4SM18vl8cR8wiItggST5/X7VeGrl9fkIFAAAAAAAEs7pnTvI6/OpxlPbMJh/vDrlwQJrq4La2jp1aH+aMwsAAAAAAAmhQ/vTVFtbF/etC055sECBVgU+n08+v6GM9DTnZAAAAAAAEkJGepp8fvOBeTy3LoiLYIECAQO/32AwQwAAAABAwkpJSZbfb8R1oEDxEiyI56YXAAAAAACcbPF+HxwXwQIAAAAAABA/CBYAAAAAAAAbggUAAAAAAMCGYAEAAAAAALAhWAAAAAAAAGwIFgAAAAAAABuCBQAAAAAAwIZgAQAAAAAAsHF5ausMr9crj8ejbl27OKc3O8MwFFz+4aO16tUz05nlmHm9kueoofo6yTCcU9HauFxSapqU0d6llBTnVJyIGqNee/2HdcRfK7/i62BJkksdktJ1RlJHtXOlOicDAAAArdbuPRXq2D5dGRkZSklJkcvlcmZpdpX7D8RcfsK1LPB6pcMHDNXVEihIFIYh1dWa+9XrdU7F8aox6rXdW6EqvyfuAgWS5JehKr9H270VqjHqnZMBAAAANKOECxZ4jhoECRKUYZj7FyfHXv/huAwSOPllaK//sDMZAAAAQDNKuGBBfZ0zBYmE/XvyHPHXOpPiVmsqKwAAAJAIEi5YQKuCxMb+PXlaQ6uCoNZUVgAAACARJFywAAAAAAAAnBiCBQAAAAAAwCbhXp24v5zmyomua4/w13o01eYXHtYfP7EkZA7V7F9crZ6WpCbZ84YeerpC4+f+WEOc05rZnjcK9Og/D5r/HG/5JX1cv9uZFNcGpfZyJgEAAACtEq9OjGP1q9/TXblv6vHF+5yT7GrK9O5z/9KOmIOxV2nLcx9qS7nfOUHSdr2Y+6ZefM+ZHtvexe/orh9v0V7nhCZo6rrZltGE9az/dJtWvlKqGueEk6F0ix4/ju3UdKVa8euH9ce9QzV77kOaH/jMHvyFHp1RoBV7nPnj1Icv6tF/dtENgfLfcMYmPfrCJmeuk6t2nX429UYN/f9WKHZ44ZDWL39F71Q60wEAAAC0Nm00WFCl4teOqO/gdtqzerfthrxqwyY9ddUmbQkmuPfo7cW7teVrSyanmr3avHiv3n3/iHPKKRB93WJqwnruLdmtd/64V63lvtpqzxvLtErhT+F7Xj1ds6+QVr3RzDfcJ8nmD3eo2xWjGlozDLl6qLp98qk2O/KdTJXr39X6/zpbF+wq1tvWne9+U7c98JgWB9Nqv9Rrb72p1z47ZMkEAAAAoDVqm8GCylJtfr+Dch/pqfM+36dNn4cm1Ww/otKDvlBC/4v00LoxuuYboaQw7c7Rzeuu0h3f7eSc0vJirFtMTVjP7Ou/o7l/u0R9nRPiXqk2bTmo86+K3Fy/58XnWG64N2nBjAKteONF3THjYd3R8NR+kxbMeNhMm/GwFnxgm0VDy4Xg9ND3zG4Dd7ywSZtfCE5/UZuD6YH8D71RaptP6H+rTdr0yekacnF2KKnnIA3J3KFNH1rznUyH9N6mLzXi8js0+Ru79fIGSzSp4mttKq8O/Z9+iZ763+c0b0TnUBoAAACAVqlNBguq1u7TjpHdNaTHWRpyhVfvrzGfv+9d/I4em18r6aCeDzaJf69Yd+W+o9WlO/Xy6Df18HPBZ/W12vzAm7rrgS9Ub2tC71flmk16fPSbZleAgv2qsiy79OW1ejgw7a7R7+jl9wON+g+XavWsf2hG7pu667/f0zrbTb59njNufF/bDkbq8hB93aRGltGwnua/Nf/aot/lrzaXN6lYmyulLQ+/aekaYS/TXaPf0V/XBPrRB+b18uJNevjyN3XXiNWa/1qgS0TlV/rrLavNMuS+qYdnbdNeS2ymeZSptOJ0ZWc50wN6dldPHVBZw1Pzg1q1Z6DZVeGmoYFAwRvSdcHuCzcre8smhVrbl2rFr5/X5sE3N0y/cu8bWmC9gf/kDW26KNB14Pwd+uOMh7VAE8381/VV5T/fbtbWAcftwAa99uUgXTWks0YNH6TdJe9rhyR9+H8a+r/Fknar4MEbNXnlbmnPCk2eeqMe/PCQXnvyRg2dX6y6wGx2LL9XQ3/xinZIOvzlCt37i1s1dOqNGnrbvbp35ZeK0fsFAAAAwCnQBoMFB7V5VY3OG3WWUpWuwaM6qXL1bpVKOuO6b+uBO9Ilna6bi6/Sj79p/V4fXXptSkNe1ezU5jVJuvT7/ZRqzVa6Vf8364C63nGJ5q77tm4+q1Zuy+ROl/TXHX8bo2eLr9BPR9Xr3fnbValabfmfbVq5u4t+8voVmvuHPtJXtaEvbXlfTz3t09iXx+jZ9d/UD3Mq9bunt6veMl9T9HVTY8uwKt+m3/2kTFUjB+ihd76tu6+W9jsGKqjfUKKnZh1Q9qxczV33bT0wPV0fzdqslQ0BiFrtOHyG7l71Tf30e0n6/Knt2iZJp7XXZfdfpieKr9Kzy7PVac1OrSqxzToOnK4rrx4a+vfDT/VJ5lBNuCiYkK3xNw5Vt+C/ez7W5oq+Gn918Il/tsZf1VeffGjp2nD+1ZoW+P6Qi/pKsuS/aKDObwhWZGv8Lx7Sww3zOrUqN7+vrd+4RKPSpbSLLtW3DxTrTbeki36iTbflSuql6Y/8QUvGWQcf7KzvfmuQ9K8NertWkr7WmyX7dMGoK9R3z5uaNucV7c69V2//73N6845LtHvlY3qkOLw2AwAAADh12l6woPRrFW+Rtv3yHfOp+QNVUmmlNn/qzBgue2Q3dSs9qG2lkt6v1LbTuuiSC+2bsPLd/drTsYtGfa+7UtPSdcb3snS+ZXpqdaVW37dWs//7Hf3uNb/k88mrMm1Z7Vffieeof7dUpXbro8vHpDd8Z9sblaqpPKjnr1qtu0a8pxdX+yV3tfZb5is1tm6xl2FVtWGfdpzWTddM66Nu7dKVfX0/DU625/lizUHVXJKta6443VzPcX11aZZXH5cEB1VM14Xj+6hTuw46L6+D5KtVZaWktFRV/uN9PTPhH7ovv9R8St3sLQuylJ15UKVlzvSAPfu0R12UFamPgqQ9ZQekM7pH7MIgSSqrUKXM1gIN3RAW75D27os8vkNWprplZurkhQNitJo4Ibv19/VfSv/6g0ZMvVFD7/g/vePbp9c2xhjYIiDtokv1bX2s9dvMYMo7FWfru0M6a/eWYv07/Qrd972z1TE1Vd3O+76uGyi9s/Vj5ywAAAAAnEJtLliwd81+7RmcpXtfz9Ojr+fp0deH6tpLvdq8JtqdpEX/vrpscK02r9mnLf88qG7X9lF/x0201yepQ5JOCyb4/KEWAJXb9PxPdqt63CV66G9jAq0YZN4t+6R27Sw3784b6Ev66NHiq/Rs8PPiYJ3hyBJ73ZqwjID6ar99HZK764xIN6Mdk9XOkZSSHK1K+VVTI+2YX6Ln32uv//eXUXpy3Tkt9NrBbA0dfLr9Sb/Fng++UOX5A6OWpWdWl/Ab/7KKUDeErEx1y7S/ZWH+3Ic0/zhfaRhdhKDHno+1uSJ6oOOE7Hlff9t1tqb/cp7enGN+XvvhQFWWFOvfzrxO6bm6Nu80vbn5fe3YXKwdg6/Q94JvZk1PVZoju5Jt7XMAAACQiMoP61cPVWrUQwe0ujzKzUgz8v9rnnacd662n2v5nHe1dv/LmRNqe8GCvdr0aq16XtZL2d06qVO3TurUrZsGj2ynqldK9bmkrj1SJXlVFXFMgNM15Mp22rPh33p3dbouvdp5uy6dcWEntSur1MqV+1RfU6Mdi0tDb1aoqVeVL0mdzmin1JoybVod7AbQXedcKm3767/0eWWt6su/0KoloS4C5wzrJL1fqlf/WaV6+VX/9b+1cqXztYiNrVvsZVh1u+R0dSvbp78s2KnKmlpVvf9vbXPEUs657HS1W/O1/vrPg6qvq9XelTu0oTxdQy5raJwfUdVBv9QtXZ3SfKpavVefODM0k55XT9SVe9+wDTyowCCDj/6zi264ydLtwCkrU90qNml5wxgEpVrx5o7Q9J6DNESbtCDioITHKtYAh4HuDYvNARIlafMbm2IGOk7Ejg3vakfvQRqV01ndOpufXpdcoqEH1um1zyR1OV3ddFSVByN3IRg6ZIjS/vVPPf3Bbl01IldpknoNvkR9D7ypR177Uofr61W57RUt/vQ0fe+Sgc6vAwAAIJHUHtGvHq/V4l2GSnf5dMejVVprGSu7OdSte0D/sQQGdkxcIL8zRuHbrpqJ1gDCCJWui3yf1Na0rWDB57v1fmmSzrmguy2504Wnq+fhA9qyRUq9NEtDehzRy1et1osbbNnMvN/qrr7vH9Hn3+iu3EjtyL9xnn56U7q++PX7mnHleq06vasGB6dl99fY70vFP/mnZkwpVdqw4FP+Trr0F3015PA+zR/7jmbdV6Xs74ZaAKRecZHuvuM07Xi4SDNyV2vWvXukHMebFxpdt9jLsOk/WHc/0116bZse/vY7evjXB1TteBSc+s1LdOe9p2nHE8Wacfk7euqP9brs2VyNirRNLAbfkK2+/9qp2Ze/o+cr26u/M0OzMccCuEFvhLoKzHhYj245R7Pn/jj2zXbPq/XwPUO1Z3Hwe8ukqyxjFihb439xtXr+83nbvG0DHJ4sF/1Ys6840NDl4Y+6OjAI48lmjjOQds7Zso5GoM4DNaRntV57/1Opz2W67qxqLZ57q65b5QxeSTovV9/Tp9pUebn+O3gQ9Byv5++4QlrzlEbddquu+t+P1XfKA5o9mJYFAAAArVHVZ4d0x4wK9b/F+qnUA5stD5TKD+vlz9L0s/+XrO7BltnVPv2NJ/pxzeWprTO8Xq88Ho+6dQ22E245hmEouPzDR2vVq2emM8sx2V9uOJOQYLr2cDmTcBw+rt/tTIprg1JtYQsAAACcahVVuv6BOm1wPq1Pdum6qZ30yyGpUnmV7ni0TqtrXbr25o66T0f13ed92peerN8/0UXfauj73Lbs3lOhju3TlZGRoZSUFLlcLX+PU7n/QMzlEyxAq0Ow4OQgWAAAAIATUfpqpUatNNTpgnS9Pb2jHG2fQ4GCYHeD5EDAIN2j4qz2GtPDMQBcMziycIL2Pr3NmRxV0j3/VN9bGmkufRK0hmBB2+qGAAAAAAA4OQLDvGXnpDQeKJAkn6GX/1KtbQM6tUigQJJcKc6U2JJ72rt1t2UJFyyIEBBBAmH/njxJaj0bszWVFQAAoM2LFCiQpNOSNff+jsqNMnRac2h/Zj9nUkxJ7VuwcHEu4YIFqWHvZEMiYf+ePB2SWs+JsDWVFQAAoE07ckQzogUKZnfS+BZqUYATl3DBgoz2Lp4+JyiXy9y/ODnOSOrYKp7YJ8mlM5I6OpMBAAAQd3wq/otHK+IpUNA9+xh+8Z6n5P9yprVdCRcsSEmROnZxKS2dJuuJwuWS0tLN/ZpyjH2OEF07V6r6pWSqU1JGXAYNkuRSp6QM9UvJVDsXr1YEAACIe/4ard7iSLMECmo3H9AI52sVm1vHTnH4S7d1SLi3IQAAAAAAml/pK5Ua9Yah865ur1e/307aclBDfuNVVTBDh2TNvT/UoiAsf0vY9YK+GvWknG93jOw8tX97uXr2dqaffLwNAQAAAADQJuwr96sq1aWLBqdq/swO2jqvy6npemDVu5+a3ji5n1JbIFDQWhAsAAAAAACcsO6ju+rzBd1UeGdnjRmQIYaobt0IFgAAAAAAjln6aWbT9VK3petBVHXa5jYkSZ1Pa8nb0O5Kamprgd7ZOsXtIOIKYxYAAAAAAI5dRZWuf6BOG5o2IIApOUmPPdZV17bYbV+pyq65QtWfOtMjGHifznj1JnVwpjcDxiwAAAAAACSmzE76zd2pGtPZOSGy9M7JmnV3hxYMFEhStjpO+ZZcjTUZSM5U6pQxLRIoaC1oWQAAAAAAQAuiZQEAAAAAAGh1Eq5lweLFi51JUQ0aNEgDBgxQWlqacxIAAAAAAM2iNbQsSLhgwaJFizVq9NXq1LmLzLE2w7lkaO3bq1S+t0wDB56niy++SOnpvNgDAAAAAND8WkOwIOG6IRiGocMeQ/uq/Np70BfxU3nYpzqvoSFDhuj00zvr3Xffk8fjcc4KAAAAAIA2KQGDBX7VeQ0drfXriMevdmkunZOVouxuyTriMdNqav3y+838AwcOVP/+52jVqlWqrq52zg4AAAAAgDYn4YIFfr8hw5AMQ+rdNVnZ3cx3ZLRLc2nQmWlKchkyJHl9Xq1Zs0bPPvusXn31VbndpSos', NULL, 'medium', NULL, '2026-03-31 00:20:26', 'active', 2, 5, '2026-03-31 00:20:26', '2026-04-07 13:08:50');
INSERT INTO `tasks` (`id`, `column_id`, `title`, `description`, `assigned_to`, `priority`, `story_points`, `deadline`, `status`, `position`, `created_by`, `created_at`, `updated_at`) VALUES
(31, 6, 'Botão excluir/editar Programação ele atualiza a página e volta', '<p>testado somente em um perfil com XSS incluido</p>', NULL, 'low', NULL, '2026-03-31 00:21:21', 'active', 2, 5, '2026-03-31 00:21:21', '2026-04-07 13:09:30');

-- --------------------------------------------------------

--
-- Estrutura para tabela `task_attachments`
--

CREATE TABLE `task_attachments` (
  `id` bigint(20) UNSIGNED NOT NULL,
  `task_id` bigint(20) UNSIGNED NOT NULL,
  `uploaded_by` bigint(20) UNSIGNED NOT NULL,
  `filename` varchar(255) COLLATE utf8mb4_unicode_ci NOT NULL,
  `filepath` varchar(500) COLLATE utf8mb4_unicode_ci NOT NULL,
  `mime_type` varchar(100) COLLATE utf8mb4_unicode_ci NOT NULL,
  `size_bytes` int(10) UNSIGNED NOT NULL,
  `created_at` datetime NOT NULL DEFAULT CURRENT_TIMESTAMP
) ENGINE=InnoDB DEFAULT CHARSET=utf8mb4 COLLATE=utf8mb4_unicode_ci;

--
-- Despejando dados para a tabela `task_attachments`
--

INSERT INTO `task_attachments` (`id`, `task_id`, `uploaded_by`, `filename`, `filepath`, `mime_type`, `size_bytes`, `created_at`) VALUES
(4, 2, 4, 'image.jpeg', 'tasks/2/0ce6e8df-2dd3-47fa-aaa3-e7a7a2b4e5c3.jpeg', 'image/jpeg', 92360, '2026-03-23 16:39:05'),
(6, 3, 4, 'criar funcao.png', 'tasks/3/8fb4365a-5ca3-4e4d-9b6e-5595a88f3a95.png', 'image/png', 201423, '2026-03-23 16:46:18'),
(7, 4, 4, 'no processo de cadastro.png', 'tasks/4/053b5ffe-8ea7-486a-b502-e7a07f050914.png', 'image/png', 191836, '2026-03-23 16:51:06'),
(8, 6, 4, 'cad novas provas.png', 'tasks/6/f002b2e1-f8bc-464e-8522-5309bef62548.png', 'image/png', 228003, '2026-03-23 17:00:32'),
(9, 10, 4, 'acesso login.png', 'tasks/10/4cecba23-ce27-417a-a867-9f32f228de46.png', 'image/png', 373762, '2026-03-23 17:12:25'),
(10, 11, 4, 'retirar data.png', 'tasks/11/bff08907-b7d4-4ad8-be30-09054f1353fa.png', 'image/png', 227895, '2026-03-23 17:14:32'),
(11, 12, 4, 'recuperar senha.png', 'tasks/12/6c20785e-71a1-407c-92ec-1bf3336da7f0.png', 'image/png', 41354, '2026-03-23 17:17:04'),
(12, 13, 4, 'produto extras.png', 'tasks/13/3c469f97-d61c-4405-bcb2-bfa7d46a3f7d.png', 'image/png', 221032, '2026-03-23 17:18:57'),
(13, 14, 4, 'falhas datas.png', 'tasks/14/64d2be6a-ef21-4da7-9d89-6930a23bb748.png', 'image/png', 224221, '2026-03-23 17:22:33'),
(14, 16, 4, 'cor img cashback.png', 'tasks/16/72f150c1-9229-432f-9f2b-2ecef0ce3b36.png', 'image/png', 116848, '2026-03-23 17:27:04'),
(15, 17, 4, 'taxas cobradas.png', 'tasks/17/18cf1bc1-3e24-4237-ac9f-4112ac61af8f.png', 'image/png', 286298, '2026-03-23 17:31:48'),
(16, 18, 4, 'cad nova prova resumo.png', 'tasks/18/2681806f-2473-44e5-a07f-31af5a21adc1.png', 'image/png', 123509, '2026-03-23 17:34:47'),
(17, 19, 4, 'estados.png', 'tasks/19/b17cba3a-1490-46eb-82c8-da6ddeebcc44.png', 'image/png', 177866, '2026-03-23 17:37:19'),
(18, 22, 4, 'inc novo kit.png', 'tasks/22/ebc046fe-19c3-419b-a274-3b1486b3eee7.png', 'image/png', 185440, '2026-03-23 17:45:48'),
(19, 9, 1, '80porcento.jpeg', 'tasks/9/e85ec71f-c42c-42bb-b6ee-e559d6eae0de.jpeg', 'image/jpeg', 197272, '2026-03-27 23:22:17');

-- --------------------------------------------------------

--
-- Estrutura para tabela `task_checklists`
--

CREATE TABLE `task_checklists` (
  `id` bigint(20) UNSIGNED NOT NULL,
  `task_id` bigint(20) UNSIGNED NOT NULL,
  `title` varchar(120) COLLATE utf8mb4_unicode_ci NOT NULL DEFAULT 'Checklist',
  `created_at` datetime NOT NULL DEFAULT CURRENT_TIMESTAMP
) ENGINE=InnoDB DEFAULT CHARSET=utf8mb4 COLLATE=utf8mb4_unicode_ci;

-- --------------------------------------------------------

--
-- Estrutura para tabela `task_checklist_items`
--

CREATE TABLE `task_checklist_items` (
  `id` bigint(20) UNSIGNED NOT NULL,
  `checklist_id` bigint(20) UNSIGNED NOT NULL,
  `body` varchar(255) COLLATE utf8mb4_unicode_ci NOT NULL,
  `is_done` tinyint(1) NOT NULL DEFAULT '0',
  `position` smallint(6) NOT NULL DEFAULT '0',
  `created_at` datetime NOT NULL DEFAULT CURRENT_TIMESTAMP,
  `updated_at` datetime NOT NULL DEFAULT CURRENT_TIMESTAMP ON UPDATE CURRENT_TIMESTAMP
) ENGINE=InnoDB DEFAULT CHARSET=utf8mb4 COLLATE=utf8mb4_unicode_ci;

-- --------------------------------------------------------

--
-- Estrutura para tabela `task_comments`
--

CREATE TABLE `task_comments` (
  `id` bigint(20) UNSIGNED NOT NULL,
  `task_id` bigint(20) UNSIGNED NOT NULL,
  `user_id` bigint(20) UNSIGNED NOT NULL,
  `body` text COLLATE utf8mb4_unicode_ci NOT NULL,
  `created_at` datetime NOT NULL
) ENGINE=InnoDB DEFAULT CHARSET=utf8mb4 COLLATE=utf8mb4_unicode_ci;

--
-- Despejando dados para a tabela `task_comments`
--

INSERT INTO `task_comments` (`id`, `task_id`, `user_id`, `body`, `created_at`) VALUES
(1, 5, 1, 'Realizado e testado com 80% de aprovação, ja foram realizados ajustes para alcançar nota maior, falta teste', '2026-03-27 23:07:07'),
(2, 3, 1, 'Função implementada ,falta testar o fluxo', '2026-03-27 23:07:42'),
(3, 6, 1, 'ajustes em andamento', '2026-03-27 23:08:44'),
(4, 9, 1, 'alcançamos aprovação com 80% mas estamos ainda em processo de melhoras', '2026-03-27 23:22:43'),
(5, 25, 1, 'ja foi tratado', '2026-04-07 13:05:43'),
(6, 23, 1, 'ja foi tratado, o valor usado vem do backend', '2026-04-07 13:06:19'),
(7, 28, 1, 'favor definir melhor, o que é numero pro?', '2026-04-07 13:08:05');

-- --------------------------------------------------------

--
-- Estrutura para tabela `task_dependencies`
--

CREATE TABLE `task_dependencies` (
  `task_id` bigint(20) UNSIGNED NOT NULL,
  `depends_on_id` bigint(20) UNSIGNED NOT NULL,
  `created_at` datetime NOT NULL DEFAULT CURRENT_TIMESTAMP
) ENGINE=InnoDB DEFAULT CHARSET=utf8mb4 COLLATE=utf8mb4_unicode_ci;

-- --------------------------------------------------------

--
-- Estrutura para tabela `task_history`
--

CREATE TABLE `task_history` (
  `id` bigint(20) UNSIGNED NOT NULL,
  `task_id` bigint(20) UNSIGNED NOT NULL,
  `action` varchar(64) COLLATE utf8mb4_unicode_ci NOT NULL,
  `old_value` text COLLATE utf8mb4_unicode_ci NOT NULL,
  `new_value` text COLLATE utf8mb4_unicode_ci NOT NULL,
  `user_id` bigint(20) UNSIGNED NOT NULL,
  `created_at` datetime NOT NULL
) ENGINE=InnoDB DEFAULT CHARSET=utf8mb4 COLLATE=utf8mb4_unicode_ci;

--
-- Despejando dados para a tabela `task_history`
--

INSERT INTO `task_history` (`id`, `task_id`, `action`, `old_value`, `new_value`, `user_id`, `created_at`) VALUES
(1, 1, 'moved', '{\"column_id\":1,\"position\":1}', '{\"column_id\":2,\"position\":1}', 3, '2026-03-21 19:06:10'),
(2, 1, 'moved', '{\"column_id\":2,\"position\":1}', '{\"column_id\":3,\"position\":1}', 3, '2026-03-21 19:06:11'),
(3, 1, 'moved', '{\"column_id\":3,\"position\":1}', '{\"column_id\":2,\"position\":1}', 3, '2026-03-21 19:06:17'),
(4, 1, 'moved', '{\"column_id\":2,\"position\":1}', '{\"column_id\":1,\"position\":1}', 3, '2026-03-21 19:06:17'),
(5, 1, 'moved', '{\"column_id\":1,\"position\":1}', '{\"column_id\":2,\"position\":1}', 3, '2026-03-21 19:11:42'),
(6, 1, 'moved', '{\"column_id\":2,\"position\":1}', '{\"column_id\":1,\"position\":1}', 3, '2026-03-21 20:30:01'),
(7, 1, 'moved', '{\"column_id\":1,\"position\":1}', '{\"column_id\":1,\"position\":1}', 3, '2026-03-21 20:30:15'),
(8, 1, 'moved', '{\"column_id\":1,\"position\":1}', '{\"column_id\":2,\"position\":1}', 3, '2026-03-21 20:31:21'),
(9, 1, 'moved', '{\"column_id\":2,\"position\":1}', '{\"column_id\":3,\"position\":1}', 3, '2026-03-21 20:31:22'),
(10, 1, 'moved', '{\"column_id\":3,\"position\":1}', '{\"column_id\":1,\"position\":1}', 3, '2026-03-21 20:31:24'),
(11, 18, 'moved', '{\"column_id\":3,\"position\":1}', '{\"column_id\":3,\"position\":9}', 4, '2026-03-23 17:37:35'),
(12, 18, 'moved', '{\"column_id\":3,\"position\":9}', '{\"column_id\":3,\"position\":9}', 4, '2026-03-23 17:37:37'),
(13, 25, 'moved', '{\"column_id\":5,\"position\":1}', '{\"column_id\":7,\"position\":1}', 1, '2026-04-07 13:05:30'),
(14, 23, 'moved', '{\"column_id\":5,\"position\":1}', '{\"column_id\":7,\"position\":2}', 1, '2026-04-07 13:06:25'),
(15, 28, 'moved', '{\"column_id\":5,\"position\":1}', '{\"column_id\":6,\"position\":1}', 1, '2026-04-07 13:08:09'),
(16, 30, 'moved', '{\"column_id\":5,\"position\":1}', '{\"column_id\":6,\"position\":2}', 1, '2026-04-07 13:08:50'),
(17, 31, 'moved', '{\"column_id\":5,\"position\":1}', '{\"column_id\":6,\"position\":2}', 1, '2026-04-07 13:09:30');

-- --------------------------------------------------------

--
-- Estrutura para tabela `task_labels`
--

CREATE TABLE `task_labels` (
  `task_id` bigint(20) UNSIGNED NOT NULL,
  `label_id` bigint(20) UNSIGNED NOT NULL
) ENGINE=InnoDB DEFAULT CHARSET=utf8mb4 COLLATE=utf8mb4_unicode_ci;

-- --------------------------------------------------------

--
-- Estrutura para tabela `users`
--

CREATE TABLE `users` (
  `id` bigint(20) UNSIGNED NOT NULL,
  `company_id` bigint(20) UNSIGNED NOT NULL,
  `name` varchar(255) COLLATE utf8mb4_unicode_ci NOT NULL,
  `email` varchar(255) COLLATE utf8mb4_unicode_ci NOT NULL,
  `avatar` varchar(255) COLLATE utf8mb4_unicode_ci DEFAULT NULL,
  `password` varchar(255) COLLATE utf8mb4_unicode_ci NOT NULL,
  `status` varchar(32) COLLATE utf8mb4_unicode_ci NOT NULL,
  `is_admin` tinyint(1) NOT NULL DEFAULT '0',
  `created_at` datetime NOT NULL,
  `updated_at` datetime NOT NULL
) ENGINE=InnoDB DEFAULT CHARSET=utf8mb4 COLLATE=utf8mb4_unicode_ci;

--
-- Despejando dados para a tabela `users`
--

INSERT INTO `users` (`id`, `company_id`, `name`, `email`, `avatar`, `password`, `status`, `is_admin`, `created_at`, `updated_at`) VALUES
(1, 1, 'Sandoval', 'sandoval@sbsystems.com.br', '/uploads/avatars/avatar_1_1774555244.jpg', '$2y$10$kA15H4DeAermNHPL0MW8JuoDn5tQVvBWAJOACJqTDMrUl1T7RhnPC', 'active', 1, '2026-01-01 00:00:00', '2026-03-26 17:00:44'),
(2, 1, 'Auditado', 'regular@test.com', NULL, '$2y$12$B4bhpOf8Hx.SmItyBd0O9.v8..uqmNf94Cj0.sBJgVeZujy1NXza2', 'active', 0, '2026-01-01 00:00:00', '2026-03-21 14:14:26'),
(3, 1, 'Eudimaci', 'eudimaci08@yahoo.com.br', NULL, '$2y$10$kA15H4DeAermNHPL0MW8JuoDn5tQVvBWAJOACJqTDMrUl1T7RhnPC', 'active', 1, '2026-03-21 18:32:15', '2026-03-21 18:32:15'),
(4, 1, 'Marcio Fernandes', 'nandesinfo@gmail.com', NULL, '$2y$10$3ekMQa5WqgvOkUVuNxjypenMK8Dio632WCHcoLr1S0nup8xd4yhEW', 'active', 0, '2026-03-21 21:10:49', '2026-03-21 22:01:58'),
(5, 1, 'Ruan', 'ruanx14@gmail.com', NULL, '$2y$10$O5nkBBT7d7oU2QxnLCGLfebgIOO/mv0th/eKXfPUxxJNlzyvw/.oe', 'active', 0, '2026-03-26 16:34:21', '2026-03-26 16:34:21');

-- --------------------------------------------------------

--
-- Estrutura para tabela `user_roles`
--

CREATE TABLE `user_roles` (
  `user_id` bigint(20) UNSIGNED NOT NULL,
  `role_id` bigint(20) UNSIGNED NOT NULL
) ENGINE=InnoDB DEFAULT CHARSET=utf8mb4 COLLATE=utf8mb4_unicode_ci;

--
-- Índices para tabelas despejadas
--

--
-- Índices de tabela `admin_audit_log`
--
ALTER TABLE `admin_audit_log`
  ADD PRIMARY KEY (`id`),
  ADD KEY `fk_audit_actor` (`actor_id`);

--
-- Índices de tabela `boards`
--
ALTER TABLE `boards`
  ADD PRIMARY KEY (`id`),
  ADD KEY `boards_project_id_idx` (`project_id`),
  ADD KEY `boards_created_by_idx` (`created_by`);

--
-- Índices de tabela `columns`
--
ALTER TABLE `columns`
  ADD PRIMARY KEY (`id`),
  ADD UNIQUE KEY `columns_board_position_unique` (`board_id`,`position`),
  ADD UNIQUE KEY `columns_board_name_unique` (`board_id`,`name`),
  ADD KEY `columns_board_id_idx` (`board_id`);

--
-- Índices de tabela `companies`
--
ALTER TABLE `companies`
  ADD PRIMARY KEY (`id`);

--
-- Índices de tabela `events`
--
ALTER TABLE `events`
  ADD PRIMARY KEY (`id`),
  ADD KEY `events_company_id_idx` (`company_id`),
  ADD KEY `events_project_id_idx` (`project_id`),
  ADD KEY `events_created_by_idx` (`created_by`);

--
-- Índices de tabela `labels`
--
ALTER TABLE `labels`
  ADD PRIMARY KEY (`id`),
  ADD UNIQUE KEY `uq_company_label` (`company_id`,`name`),
  ADD KEY `labels_company_id_idx` (`company_id`);

--
-- Índices de tabela `messages`
--
ALTER TABLE `messages`
  ADD PRIMARY KEY (`id`),
  ADD KEY `messages_sender_id_idx` (`sender_id`),
  ADD KEY `messages_receiver_id_idx` (`receiver_id`);

--
-- Índices de tabela `permissions`
--
ALTER TABLE `permissions`
  ADD PRIMARY KEY (`id`),
  ADD UNIQUE KEY `permissions_name_unique` (`name`);

--
-- Índices de tabela `projects`
--
ALTER TABLE `projects`
  ADD PRIMARY KEY (`id`),
  ADD KEY `projects_company_id_idx` (`company_id`),
  ADD KEY `projects_created_by_idx` (`created_by`);

--
-- Índices de tabela `project_members`
--
ALTER TABLE `project_members`
  ADD PRIMARY KEY (`id`),
  ADD UNIQUE KEY `uq_project_member` (`project_id`,`user_id`),
  ADD KEY `project_members_user_id_idx` (`user_id`),
  ADD KEY `project_members_invited_by_fk` (`invited_by`);

--
-- Índices de tabela `project_secrets`
--
ALTER TABLE `project_secrets`
  ADD PRIMARY KEY (`id`),
  ADD UNIQUE KEY `uq_project_secret_key` (`project_id`,`secret_key`),
  ADD KEY `project_secrets_project_id_idx` (`project_id`),
  ADD KEY `project_secrets_created_by_fk` (`created_by`);

--
-- Índices de tabela `roles`
--
ALTER TABLE `roles`
  ADD PRIMARY KEY (`id`),
  ADD UNIQUE KEY `roles_name_unique` (`name`);

--
-- Índices de tabela `role_permissions`
--
ALTER TABLE `role_permissions`
  ADD PRIMARY KEY (`role_id`,`permission_id`),
  ADD KEY `role_permissions_permission_id_idx` (`permission_id`);

--
-- Índices de tabela `tasks`
--
ALTER TABLE `tasks`
  ADD PRIMARY KEY (`id`),
  ADD KEY `tasks_column_position_idx` (`column_id`,`position`),
  ADD KEY `tasks_assigned_to_idx` (`assigned_to`),
  ADD KEY `tasks_created_by_idx` (`created_by`);

--
-- Índices de tabela `task_attachments`
--
ALTER TABLE `task_attachments`
  ADD PRIMARY KEY (`id`),
  ADD KEY `task_attachments_task_id_idx` (`task_id`),
  ADD KEY `task_attachments_user_fk` (`uploaded_by`);

--
-- Índices de tabela `task_checklists`
--
ALTER TABLE `task_checklists`
  ADD PRIMARY KEY (`id`),
  ADD KEY `task_checklists_task_id_idx` (`task_id`);

--
-- Índices de tabela `task_checklist_items`
--
ALTER TABLE `task_checklist_items`
  ADD PRIMARY KEY (`id`),
  ADD KEY `task_checklist_items_checklist_id_idx` (`checklist_id`);

--
-- Índices de tabela `task_comments`
--
ALTER TABLE `task_comments`
  ADD PRIMARY KEY (`id`),
  ADD KEY `task_comments_task_id_idx` (`task_id`),
  ADD KEY `task_comments_user_id_idx` (`user_id`);

--
-- Índices de tabela `task_dependencies`
--
ALTER TABLE `task_dependencies`
  ADD PRIMARY KEY (`task_id`,`depends_on_id`),
  ADD KEY `task_dep_blocker_fk` (`depends_on_id`);

--
-- Índices de tabela `task_history`
--
ALTER TABLE `task_history`
  ADD PRIMARY KEY (`id`),
  ADD KEY `task_history_task_id_idx` (`task_id`),
  ADD KEY `task_history_user_id_idx` (`user_id`);

--
-- Índices de tabela `task_labels`
--
ALTER TABLE `task_labels`
  ADD PRIMARY KEY (`task_id`,`label_id`),
  ADD KEY `task_labels_label_fk` (`label_id`);

--
-- Índices de tabela `users`
--
ALTER TABLE `users`
  ADD PRIMARY KEY (`id`),
  ADD UNIQUE KEY `users_company_email_unique` (`company_id`,`email`),
  ADD KEY `users_company_id_idx` (`company_id`);

--
-- Índices de tabela `user_roles`
--
ALTER TABLE `user_roles`
  ADD PRIMARY KEY (`user_id`,`role_id`),
  ADD KEY `user_roles_role_id_idx` (`role_id`);

--
-- AUTO_INCREMENT para tabelas despejadas
--

--
-- AUTO_INCREMENT de tabela `admin_audit_log`
--
ALTER TABLE `admin_audit_log`
  MODIFY `id` bigint(20) UNSIGNED NOT NULL AUTO_INCREMENT, AUTO_INCREMENT=7;

--
-- AUTO_INCREMENT de tabela `boards`
--
ALTER TABLE `boards`
  MODIFY `id` bigint(20) UNSIGNED NOT NULL AUTO_INCREMENT, AUTO_INCREMENT=3;

--
-- AUTO_INCREMENT de tabela `columns`
--
ALTER TABLE `columns`
  MODIFY `id` bigint(20) UNSIGNED NOT NULL AUTO_INCREMENT, AUTO_INCREMENT=9;

--
-- AUTO_INCREMENT de tabela `companies`
--
ALTER TABLE `companies`
  MODIFY `id` bigint(20) UNSIGNED NOT NULL AUTO_INCREMENT, AUTO_INCREMENT=2;

--
-- AUTO_INCREMENT de tabela `events`
--
ALTER TABLE `events`
  MODIFY `id` bigint(20) UNSIGNED NOT NULL AUTO_INCREMENT;

--
-- AUTO_INCREMENT de tabela `labels`
--
ALTER TABLE `labels`
  MODIFY `id` bigint(20) UNSIGNED NOT NULL AUTO_INCREMENT;

--
-- AUTO_INCREMENT de tabela `messages`
--
ALTER TABLE `messages`
  MODIFY `id` bigint(20) UNSIGNED NOT NULL AUTO_INCREMENT;

--
-- AUTO_INCREMENT de tabela `permissions`
--
ALTER TABLE `permissions`
  MODIFY `id` bigint(20) UNSIGNED NOT NULL AUTO_INCREMENT;

--
-- AUTO_INCREMENT de tabela `projects`
--
ALTER TABLE `projects`
  MODIFY `id` bigint(20) UNSIGNED NOT NULL AUTO_INCREMENT, AUTO_INCREMENT=4;

--
-- AUTO_INCREMENT de tabela `project_members`
--
ALTER TABLE `project_members`
  MODIFY `id` bigint(20) UNSIGNED NOT NULL AUTO_INCREMENT, AUTO_INCREMENT=6;

--
-- AUTO_INCREMENT de tabela `project_secrets`
--
ALTER TABLE `project_secrets`
  MODIFY `id` bigint(20) UNSIGNED NOT NULL AUTO_INCREMENT, AUTO_INCREMENT=2;

--
-- AUTO_INCREMENT de tabela `roles`
--
ALTER TABLE `roles`
  MODIFY `id` bigint(20) UNSIGNED NOT NULL AUTO_INCREMENT;

--
-- AUTO_INCREMENT de tabela `tasks`
--
ALTER TABLE `tasks`
  MODIFY `id` bigint(20) UNSIGNED NOT NULL AUTO_INCREMENT, AUTO_INCREMENT=32;

--
-- AUTO_INCREMENT de tabela `task_attachments`
--
ALTER TABLE `task_attachments`
  MODIFY `id` bigint(20) UNSIGNED NOT NULL AUTO_INCREMENT, AUTO_INCREMENT=20;

--
-- AUTO_INCREMENT de tabela `task_checklists`
--
ALTER TABLE `task_checklists`
  MODIFY `id` bigint(20) UNSIGNED NOT NULL AUTO_INCREMENT;

--
-- AUTO_INCREMENT de tabela `task_checklist_items`
--
ALTER TABLE `task_checklist_items`
  MODIFY `id` bigint(20) UNSIGNED NOT NULL AUTO_INCREMENT;

--
-- AUTO_INCREMENT de tabela `task_comments`
--
ALTER TABLE `task_comments`
  MODIFY `id` bigint(20) UNSIGNED NOT NULL AUTO_INCREMENT, AUTO_INCREMENT=8;

--
-- AUTO_INCREMENT de tabela `task_history`
--
ALTER TABLE `task_history`
  MODIFY `id` bigint(20) UNSIGNED NOT NULL AUTO_INCREMENT, AUTO_INCREMENT=18;

--
-- AUTO_INCREMENT de tabela `users`
--
ALTER TABLE `users`
  MODIFY `id` bigint(20) UNSIGNED NOT NULL AUTO_INCREMENT, AUTO_INCREMENT=6;

--
-- Restrições para tabelas despejadas
--

--
-- Restrições para tabelas `admin_audit_log`
--
ALTER TABLE `admin_audit_log`
  ADD CONSTRAINT `fk_audit_actor` FOREIGN KEY (`actor_id`) REFERENCES `users` (`id`);

--
-- Restrições para tabelas `boards`
--
ALTER TABLE `boards`
  ADD CONSTRAINT `boards_created_by_fk` FOREIGN KEY (`created_by`) REFERENCES `users` (`id`),
  ADD CONSTRAINT `boards_project_id_fk` FOREIGN KEY (`project_id`) REFERENCES `projects` (`id`);

--
-- Restrições para tabelas `columns`
--
ALTER TABLE `columns`
  ADD CONSTRAINT `columns_board_id_fk` FOREIGN KEY (`board_id`) REFERENCES `boards` (`id`);

--
-- Restrições para tabelas `events`
--
ALTER TABLE `events`
  ADD CONSTRAINT `events_company_id_fk` FOREIGN KEY (`company_id`) REFERENCES `companies` (`id`),
  ADD CONSTRAINT `events_created_by_fk` FOREIGN KEY (`created_by`) REFERENCES `users` (`id`),
  ADD CONSTRAINT `events_project_id_fk` FOREIGN KEY (`project_id`) REFERENCES `projects` (`id`);

--
-- Restrições para tabelas `labels`
--
ALTER TABLE `labels`
  ADD CONSTRAINT `labels_company_id_fk` FOREIGN KEY (`company_id`) REFERENCES `companies` (`id`) ON DELETE CASCADE;

--
-- Restrições para tabelas `messages`
--
ALTER TABLE `messages`
  ADD CONSTRAINT `messages_receiver_id_fk` FOREIGN KEY (`receiver_id`) REFERENCES `users` (`id`),
  ADD CONSTRAINT `messages_sender_id_fk` FOREIGN KEY (`sender_id`) REFERENCES `users` (`id`);

--
-- Restrições para tabelas `projects`
--
ALTER TABLE `projects`
  ADD CONSTRAINT `projects_company_id_fk` FOREIGN KEY (`company_id`) REFERENCES `companies` (`id`),
  ADD CONSTRAINT `projects_created_by_fk` FOREIGN KEY (`created_by`) REFERENCES `users` (`id`);

--
-- Restrições para tabelas `project_members`
--
ALTER TABLE `project_members`
  ADD CONSTRAINT `pm_project_fk` FOREIGN KEY (`project_id`) REFERENCES `projects` (`id`),
  ADD CONSTRAINT `pm_user_fk` FOREIGN KEY (`user_id`) REFERENCES `users` (`id`),
  ADD CONSTRAINT `project_members_invited_by_fk` FOREIGN KEY (`invited_by`) REFERENCES `users` (`id`);

--
-- Restrições para tabelas `project_secrets`
--
ALTER TABLE `project_secrets`
  ADD CONSTRAINT `project_secrets_created_by_fk` FOREIGN KEY (`created_by`) REFERENCES `users` (`id`),
  ADD CONSTRAINT `project_secrets_project_fk` FOREIGN KEY (`project_id`) REFERENCES `projects` (`id`) ON DELETE CASCADE;

--
-- Restrições para tabelas `role_permissions`
--
ALTER TABLE `role_permissions`
  ADD CONSTRAINT `role_permissions_permission_id_fk` FOREIGN KEY (`permission_id`) REFERENCES `permissions` (`id`),
  ADD CONSTRAINT `role_permissions_role_id_fk` FOREIGN KEY (`role_id`) REFERENCES `roles` (`id`);

--
-- Restrições para tabelas `tasks`
--
ALTER TABLE `tasks`
  ADD CONSTRAINT `tasks_assigned_to_fk` FOREIGN KEY (`assigned_to`) REFERENCES `users` (`id`),
  ADD CONSTRAINT `tasks_column_id_fk` FOREIGN KEY (`column_id`) REFERENCES `columns` (`id`),
  ADD CONSTRAINT `tasks_created_by_fk` FOREIGN KEY (`created_by`) REFERENCES `users` (`id`);

--
-- Restrições para tabelas `task_attachments`
--
ALTER TABLE `task_attachments`
  ADD CONSTRAINT `task_attachments_task_fk` FOREIGN KEY (`task_id`) REFERENCES `tasks` (`id`) ON DELETE CASCADE,
  ADD CONSTRAINT `task_attachments_user_fk` FOREIGN KEY (`uploaded_by`) REFERENCES `users` (`id`);

--
-- Restrições para tabelas `task_checklists`
--
ALTER TABLE `task_checklists`
  ADD CONSTRAINT `task_checklists_task_fk` FOREIGN KEY (`task_id`) REFERENCES `tasks` (`id`) ON DELETE CASCADE;

--
-- Restrições para tabelas `task_checklist_items`
--
ALTER TABLE `task_checklist_items`
  ADD CONSTRAINT `task_checklist_items_checklist_fk` FOREIGN KEY (`checklist_id`) REFERENCES `task_checklists` (`id`) ON DELETE CASCADE;

--
-- Restrições para tabelas `task_comments`
--
ALTER TABLE `task_comments`
  ADD CONSTRAINT `task_comments_task_id_fk` FOREIGN KEY (`task_id`) REFERENCES `tasks` (`id`),
  ADD CONSTRAINT `task_comments_user_id_fk` FOREIGN KEY (`user_id`) REFERENCES `users` (`id`);

--
-- Restrições para tabelas `task_dependencies`
--
ALTER TABLE `task_dependencies`
  ADD CONSTRAINT `task_dep_blocker_fk` FOREIGN KEY (`depends_on_id`) REFERENCES `tasks` (`id`) ON DELETE CASCADE,
  ADD CONSTRAINT `task_dep_task_fk` FOREIGN KEY (`task_id`) REFERENCES `tasks` (`id`) ON DELETE CASCADE;

--
-- Restrições para tabelas `task_history`
--
ALTER TABLE `task_history`
  ADD CONSTRAINT `task_history_task_id_fk` FOREIGN KEY (`task_id`) REFERENCES `tasks` (`id`),
  ADD CONSTRAINT `task_history_user_id_fk` FOREIGN KEY (`user_id`) REFERENCES `users` (`id`);

--
-- Restrições para tabelas `task_labels`
--
ALTER TABLE `task_labels`
  ADD CONSTRAINT `task_labels_label_fk` FOREIGN KEY (`label_id`) REFERENCES `labels` (`id`) ON DELETE CASCADE,
  ADD CONSTRAINT `task_labels_task_fk` FOREIGN KEY (`task_id`) REFERENCES `tasks` (`id`) ON DELETE CASCADE;

--
-- Restrições para tabelas `users`
--
ALTER TABLE `users`
  ADD CONSTRAINT `users_company_id_fk` FOREIGN KEY (`company_id`) REFERENCES `companies` (`id`);

--
-- Restrições para tabelas `user_roles`
--
ALTER TABLE `user_roles`
  ADD CONSTRAINT `user_roles_role_id_fk` FOREIGN KEY (`role_id`) REFERENCES `roles` (`id`),
  ADD CONSTRAINT `user_roles_user_id_fk` FOREIGN KEY (`user_id`) REFERENCES `users` (`id`);
COMMIT;

/*!40101 SET CHARACTER_SET_CLIENT=@OLD_CHARACTER_SET_CLIENT */;
/*!40101 SET CHARACTER_SET_RESULTS=@OLD_CHARACTER_SET_RESULTS */;
/*!40101 SET COLLATION_CONNECTION=@OLD_COLLATION_CONNECTION */;
